player,player_id,position,team_name,player_game_count,batted_passes,declined_penalties,franchise_id,grades_pass_rush_defense,hits,hurries,pass_rush_opp,pass_rush_percent,pass_rush_win_rate,pass_rush_wins,penalties,prp,sacks,snap_counts_pass_play,snap_counts_pass_rush,total_pressures,true_pass_set_batted_passes,true_pass_set_grades_pass_rush_defense,true_pass_set_hits,true_pass_set_hurries,true_pass_set_pass_rush_opp,true_pass_set_pass_rush_percent,true_pass_set_pass_rush_win_rate,true_pass_set_pass_rush_wins,true_pass_set_prp,true_pass_set_sacks,true_pass_set_snap_counts_pass_play,true_pass_set_snap_counts_pass_rush,true_pass_set_total_pressures
Calais Campbell,4364,ED,ATL,17,1,0,2,68.5,10,25,388,97.6,11.9,46,1,6.3,7,423,413,42,1,71.8,7,20,199,97.7,16.6,33,9.3,5,219,214,32
Matthew Slater,4467,WR,NE,2,0,0,19,60.0,0,0,0,50.0,,0,0,,0,2,1,0,0,,0,0,0,,,0,,0,0,0,0
Tyson Alualu,5535,DI,DET,2,0,0,11,50.0,0,0,34,100.0,0.0,0,0,0.0,0,37,37,0,0,52.1,0,0,10,100.0,0.0,0,0.0,0,11,11,0
Brandon Graham,5538,ED,PHI,17,0,0,24,78.5,2,23,211,91.4,19.0,40,1,7.8,4,255,233,29,0,90.0,2,17,99,94.1,30.3,30,13.6,4,118,111,23
Jason Pierre-Paul,5540,ED,MIA,2,0,0,17,51.3,0,0,8,100.0,0.0,0,0,0.0,0,8,8,0,0,55.3,0,0,3,100.0,0.0,0,0.0,0,3,3,0
Kareem Jackson,5545,S,HST,10,0,0,13,62.8,0,0,1,0.3,100.0,1,4,0.0,0,290,1,0,0,,0,0,0,0.0,,0,,0,134,0,0
Jerry Hughes,5556,ED,HST,17,0,0,13,67.2,1,26,262,96.8,11.5,30,1,6.3,3,285,276,30,0,54.6,1,11,128,97.8,9.4,12,5.5,1,137,134,13
Linval Joseph,5571,DI,BUF,7,0,0,4,53.2,1,4,83,100.0,1.2,1,0,4.2,1,87,87,6,0,64.2,1,2,26,100.0,3.8,1,9.6,1,27,27,4
Al Woods,5646,DI,NYJ,6,0,0,22,53.0,1,0,63,100.0,1.6,1,0,2.4,1,66,66,2,0,53.2,1,0,29,100.0,3.4,1,1.7,0,30,30,1
Von Miller,6154,ED,BUF,12,0,0,4,48.9,3,10,164,92.7,6.1,10,1,4.0,0,193,179,13,0,50.8,3,7,100,94.7,8.0,8,5.0,0,114,108,10
Patrick Peterson,6157,CB,PIT,17,0,1,25,75.3,0,2,6,0.9,16.7,1,5,16.7,0,689,6,2,0,80.8,0,1,4,1.1,25.0,1,12.5,0,367,4,1
Cameron Jordan,6176,ED,NO,17,3,0,20,63.8,3,39,420,97.6,11.0,46,1,5.7,3,460,449,45,0,73.0,2,20,180,99.0,18.3,33,7.2,2,197,195,24
Cameron Heyward,6183,DI,PIT,11,1,0,25,64.2,1,15,259,100.0,9.3,24,0,3.9,2,275,275,18,0,66.8,0,8,129,100.0,10.9,14,4.7,2,139,139,10
Justin Houston,6222,ED,CAR,7,1,0,5,61.8,2,7,95,83.9,9.5,9,1,5.8,1,118,99,10,0,70.6,1,6,35,81.4,22.9,8,12.9,1,43,35,8
Lawrence Guy Sr.,6385,DI,NE,17,1,0,19,44.9,0,6,206,100.0,1.0,2,0,1.5,0,221,221,6,1,47.8,0,4,56,100.0,1.8,1,3.6,0,63,63,4
Nick Bellore,6515,LB,SEA,5,0,0,29,58.3,0,0,1,20.0,0.0,0,0,0.0,0,5,1,0,0,,0,0,0,0.0,,0,,0,1,0,0
Fletcher Cox,7018,DI,PHI,15,2,0,24,72.4,13,23,450,100.0,10.9,49,2,5.6,7,480,480,43,1,68.1,10,13,228,100.0,11.4,26,7.2,5,245,245,28
Bruce Irvin,7021,ED,DET,3,0,0,11,59.4,2,2,33,87.2,9.1,3,1,9.1,1,39,34,5,0,62.7,2,2,24,86.2,12.5,3,12.5,1,29,25,5
Melvin Ingram III,7024,ED,MIA,3,0,0,17,57.0,0,3,44,86.8,6.8,3,0,5.7,1,53,46,4,0,62.5,0,2,20,91.3,10.0,2,10.0,1,23,21,3
Bobby Wagner,7050,LB,SEA,17,0,0,29,75.1,2,11,75,11.6,17.3,13,1,14.0,4,696,81,17,0,74.5,1,6,48,16.2,16.7,8,13.5,3,315,51,10
Lavonte David,7060,LB,TB,15,0,1,30,70.4,0,14,77,12.9,14.3,11,3,15.6,5,628,81,19,0,70.9,0,7,31,11.5,22.6,7,17.7,2,295,34,9
Demario Davis,7079,LB,NO,17,0,1,20,73.9,3,12,75,12.1,12.0,9,1,19.3,7,645,78,22,0,68.1,1,8,53,17.9,11.3,6,16.0,4,302,54,13
Rodney McLeod,7271,S,CLV,10,0,0,8,52.5,0,1,5,2.9,0.0,0,0,10.0,0,174,5,1,0,56.6,0,1,2,2.4,0.0,0,25.0,0,84,2,1
Tashaun Gipson Sr.,7288,S,SF,16,0,1,28,54.0,0,7,14,2.2,14.3,2,4,32.1,1,682,15,8,0,47.2,0,6,8,2.4,12.5,1,37.5,0,334,8,6
Harrison Smith,7641,S,MIN,17,1,0,18,58.6,3,6,97,14.3,2.1,2,1,7.7,3,692,99,12,0,65.4,2,4,34,14.2,2.9,1,17.6,3,246,35,9
Justin Bethel,7654,CB,MIA,9,0,0,17,90.9,0,1,4,5.5,0.0,0,0,37.5,1,91,5,2,0,91.8,0,1,2,5.5,0.0,0,75.0,1,55,3,2
Johnathan Hankins,7830,DI,DAL,14,2,0,9,62.8,0,4,159,98.9,5.0,8,3,3.1,3,178,176,7,1,66.1,0,3,54,100.0,7.4,4,6.5,2,61,61,5
Tyrann Mathieu,7850,S,NO,17,1,2,20,61.5,1,4,15,2.4,0.0,0,4,16.7,0,664,16,5,0,56.5,0,4,9,2.9,0.0,0,22.2,0,313,9,4
John Jenkins,7863,DI,LV,17,2,0,23,66.7,1,13,264,100.0,6.8,18,0,3.0,1,272,272,15,0,72.0,0,9,70,100.0,15.7,11,6.4,0,73,73,9
Logan Ryan,7864,S,SF,3,0,0,28,60.0,0,0,1,1.3,0.0,0,1,0.0,0,78,1,0,0,,0,0,0,0.0,,0,,0,32,0,0
Duron Harmon,7872,S,CLV,6,0,0,8,69.4,0,1,7,4.9,0.0,0,0,21.4,1,143,7,2,0,69.6,0,0,2,3.1,0.0,0,50.0,1,65,2,1
William Gholston,7908,DI,TB,15,0,0,30,60.3,1,5,108,100.0,7.4,8,1,2.8,0,115,115,6,0,66.6,1,2,29,100.0,13.8,4,5.2,0,30,30,3
Micah Hyde,7941,S,BUF,14,1,0,4,61.4,1,2,15,3.3,0.0,0,0,10.0,0,520,17,3,0,52.9,0,0,3,2.1,0.0,0,0.0,0,242,5,0
Jordan Poyer,8000,S,BUF,16,0,0,4,52.0,1,5,35,6.5,5.7,2,2,11.4,1,635,41,7,0,59.1,1,2,13,5.9,15.4,2,19.2,1,303,18,4
Nick Williams,8006,DI,LAC,14,0,0,27,63.5,0,9,183,100.0,5.5,10,0,3.0,1,195,195,10,0,67.4,0,4,63,100.0,9.5,6,3.2,0,66,66,4
Mike Purcell,8530,DI,DEN,16,3,1,10,57.8,5,3,195,97.2,3.6,7,2,2.1,0,214,208,8,1,59.8,3,0,61,96.9,4.9,3,2.5,0,65,63,3
Jadeveon Clowney,8636,ED,BLT,17,4,0,3,81.2,10,51,451,96.8,17.5,79,2,9.0,10,498,482,71,2,86.4,7,38,245,96.4,24.1,59,11.6,6,274,264,51
Khalil Mack,8640,ED,LAC,17,6,0,27,86.3,11,59,510,91.0,18.2,93,0,10.4,18,587,534,88,1,90.1,7,43,247,93.5,27.1,67,15.8,14,277,259,64
Anthony Barr,8644,LB,MIN,4,0,0,18,52.8,0,1,19,52.6,5.3,1,0,2.6,0,38,20,1,0,55.4,0,1,12,66.7,8.3,1,4.2,0,18,12,1
Aaron Donald,8648,DI,LA,16,2,1,26,91.5,14,60,533,99.6,22.5,120,2,8.8,10,571,569,84,1,91.8,9,43,264,100.0,30.3,80,12.5,7,283,283,59
C.J. Mosley,8652,LB,NYJ,17,2,0,22,72.9,2,4,36,6.4,8.3,3,4,11.1,1,641,41,7,2,77.2,1,3,22,8.6,13.6,3,9.1,0,301,26,4
Jimmie Ward,8665,S,HST,10,0,0,13,50.7,0,0,5,1.6,0.0,0,3,0.0,0,319,5,0,0,50.7,0,0,4,2.7,0.0,0,0.0,0,149,4,0
Bradley Roby,8666,CB,PHI,9,0,0,24,68.2,1,1,6,2.5,16.7,1,0,16.7,0,236,6,2,0,73.7,1,1,4,3.3,25.0,1,25.0,0,120,4,2
DeMarcus Lawrence,8669,ED,DAL,17,3,1,9,80.3,5,39,348,98.0,14.9,52,2,7.5,4,392,384,48,2,77.1,2,26,170,99.0,19.4,33,9.4,2,194,192,30
Kyle Van Noy,8675,ED,BLT,14,2,0,3,75.9,2,37,313,90.6,14.7,46,1,9.1,9,362,328,48,0,75.2,2,25,186,92.9,17.2,32,11.0,7,210,195,34
DaQuan Jones,8747,DI,BUF,7,0,0,4,83.9,3,11,108,100.0,19.4,21,1,9.3,3,114,114,17,0,76.0,2,6,53,100.0,22.6,12,11.3,2,56,56,10
Brent Urban,8769,DI,BLT,17,2,0,3,59.8,2,8,146,98.7,5.5,8,0,5.5,3,153,151,13,1,63.8,1,1,62,100.0,6.5,4,6.5,3,62,62,5
Shelby Harris,8869,DI,CLV,17,5,0,8,75.6,2,17,221,97.6,11.3,25,5,5.2,2,246,240,21,1,72.7,2,12,80,96.8,16.3,13,10.0,1,94,91,15
Denico Autry,8982,ED,TEN,17,4,2,31,66.0,5,36,467,98.0,11.1,52,4,7.0,12,509,499,53,2,71.9,3,26,231,99.2,15.2,35,10.6,10,252,250,39
Shaquil Barrett,9000,ED,TB,16,1,0,30,84.5,7,37,335,81.7,15.2,51,5,8.1,5,436,356,49,0,81.7,6,25,166,85.3,19.3,32,11.1,3,211,180,34
Kerry Hyder Jr.,9045,ED,HST,6,0,0,13,62.0,0,3,64,100.0,12.5,8,0,3.9,1,67,67,4,0,66.3,0,2,33,100.0,18.2,6,6.1,1,35,35,3
Adrian Phillips,9177,S,NE,13,0,0,19,39.5,0,1,10,11.7,0.0,0,0,5.0,0,94,11,1,0,39.4,0,1,5,13.5,0.0,0,10.0,0,37,5,1
Mike Pennel,9316,DI,KC,3,0,0,16,56.7,0,0,22,96.0,4.5,1,0,0.0,0,25,24,0,0,54.8,0,0,5,100.0,0.0,0,0.0,0,6,6,0
Dante Fowler Jr.,9436,ED,DAL,17,0,1,9,70.7,2,29,187,98.1,14.4,27,5,11.0,5,206,202,36,0,67.8,1,23,113,97.6,18.6,21,13.3,3,127,124,27
Leonard Williams,9439,DI,SEA,18,1,2,29,76.2,11,37,474,99.8,11.2,53,5,6.3,6,503,502,54,0,82.2,8,26,191,100.0,19.4,37,11.5,5,210,210,39
Arik Armstead,9450,DI,SF,12,0,0,28,85.1,6,29,343,99.7,14.6,50,2,7.1,7,361,360,42,0,88.9,4,21,173,100.0,20.2,35,10.1,5,181,181,30
Bud Dupree,9455,ED,ATL,16,1,1,2,51.3,2,28,410,95.8,6.6,27,1,5.6,8,452,433,38,1,55.6,2,21,222,95.9,10.4,23,7.9,6,246,236,29
Shaq Thompson,9458,LB,CAR,2,0,0,5,64.3,0,0,2,9.1,50.0,1,0,0.0,0,33,3,0,0,68.0,0,0,0,12.5,,1,,0,8,1,0
Mario Edwards Jr.,9468,DI,SEA,15,1,1,29,78.4,5,15,212,100.0,11.3,24,4,5.7,2,225,225,22,1,68.0,2,9,87,100.0,12.6,11,6.3,0,91,91,11
Preston Smith,9471,ED,GB,17,1,1,12,68.1,13,23,399,91.1,11.5,46,1,6.8,9,460,419,45,0,71.3,8,18,204,92.8,14.2,29,8.8,5,236,219,31
Eric Kendricks,9478,LB,LAC,15,1,0,27,82.5,3,9,58,11.4,20.7,12,1,17.2,4,525,60,16,1,90.6,2,6,33,15.0,30.3,10,24.2,4,233,35,12
Eric Rowe,9480,S,PIT,3,0,0,25,58.5,0,1,1,0.9,0.0,0,0,50.0,0,113,1,1,0,58.5,0,1,1,1.4,0.0,0,50.0,0,70,1,1
Denzel Perryman,9481,LB,HST,12,0,1,13,66.2,1,5,22,7.2,9.1,2,4,18.2,1,318,23,7,0,55.5,0,2,11,8.3,9.1,1,9.1,0,132,11,2
Jordan Phillips,9485,DI,BUF,14,3,0,4,57.4,2,14,227,99.2,5.7,13,4,4.8,3,252,250,19,3,60.3,2,11,120,100.0,9.2,11,7.1,2,135,135,15
Markus Golden,9491,ED,PIT,16,1,0,25,80.9,6,3,84,80.7,19.0,16,0,10.1,4,109,88,13,0,82.1,5,2,44,82.8,25.0,11,14.8,3,58,48,10
Randy Gregory,9493,ED,SF,16,1,0,28,53.7,6,13,245,96.4,8.2,20,3,5.5,4,275,265,23,0,54.3,1,8,117,95.4,11.1,13,7.3,4,131,125,13
Frank Clark,9496,ED,SEA,8,0,0,29,48.4,0,3,101,94.1,5.9,6,1,1.5,0,119,112,3,0,49.6,0,3,51,94.8,9.8,5,2.9,0,58,55,3
Jordan Hicks,9517,LB,MIN,13,1,0,18,64.2,1,12,119,25.2,11.8,14,1,6.3,1,489,123,14,0,65.9,1,8,53,33.7,15.1,8,10.4,1,169,57,10
Danielle Hunter,9521,ED,MIN,17,1,0,18,79.1,7,55,597,97.8,15.7,94,1,8.2,18,628,614,80,0,86.7,5,35,216,97.8,25.0,54,12.5,7,228,223,47
Carl Davis Jr.,9523,DI,DAL,3,0,0,9,57.3,0,0,6,100.0,0.0,0,0,0.0,0,6,6,0,0,,0,0,0,,,0,,0,0,0,0
Steven Nelson,9531,CB,HST,17,0,0,13,60.0,0,0,1,0.2,0.0,0,3,0.0,0,666,1,0,0,,0,0,0,0.0,,0,,0,326,0,0
Angelo Blackson,9533,DI,JAX,11,0,0,15,48.5,0,4,130,99.3,3.1,4,1,1.5,0,140,139,4,0,50.6,0,3,51,100.0,5.9,3,2.9,0,56,56,3
Za'Darius Smith,9555,ED,CLV,16,1,2,8,87.4,14,40,363,96.3,18.5,67,5,9.1,6,402,387,60,0,90.3,9,30,179,97.0,23.5,42,13.7,5,203,197,44
Kwon Alexander,9557,LB,PIT,9,0,0,25,81.0,1,3,27,13.8,22.2,6,0,11.1,1,217,30,5,0,90.6,1,3,18,16.3,33.3,6,16.7,1,123,20,5
Grady Jarrett,9570,DI,ATL,7,2,1,2,70.3,6,8,183,99.0,12.0,22,1,4.9,2,197,195,16,2,78.4,6,5,102,100.0,18.6,19,7.4,2,109,109,13
Adrian Amos,9575,S,HST,11,0,0,13,60.0,0,0,1,0.5,0.0,0,0,0.0,0,183,1,0,0,60.0,0,0,1,1.1,0.0,0,0.0,0,87,1,0
David Mayo,9602,LB,WAS,9,0,0,32,75.3,0,2,12,6.5,8.3,1,0,25.0,2,185,12,4,0,69.5,0,2,5,7.5,0.0,0,40.0,1,67,5,3
Quandre Diggs,9633,S,SEA,17,0,0,29,58.8,0,0,1,0.1,0.0,0,2,0.0,0,681,1,0,0,,0,0,0,0.0,,0,,0,307,0,0
Rakeem Nunez-Roches,9650,DI,NYG,16,1,0,21,50.5,0,6,229,98.3,2.6,6,0,1.7,1,242,238,7,0,52.9,0,2,57,100.0,3.5,2,3.5,1,60,60,3
Troy Hill,9881,CB,CAR,16,0,2,5,41.0,0,3,16,4.8,0.0,0,4,9.4,0,333,16,3,0,47.3,0,0,6,3.6,0.0,0,0.0,0,165,6,0
DeShawn Williams,9891,DI,CAR,16,1,0,5,58.1,6,11,223,100.0,8.1,18,1,4.3,1,239,239,18,1,62.6,6,5,97,100.0,10.3,10,6.7,1,106,106,12
Alex Singleton,9994,LB,DEN,17,0,0,10,75.9,4,7,79,12.7,17.7,14,2,9.5,2,656,83,13,0,70.0,1,6,34,11.6,20.6,7,13.2,1,320,37,8
T.Y. McGill,10156,DI,SF,2,0,0,28,56.4,1,2,23,100.0,13.0,3,0,6.5,0,26,26,3,0,60.7,1,2,12,100.0,25.0,3,12.5,0,14,14,3
Efe Obada,10235,ED,WAS,4,0,0,32,71.8,0,6,57,96.9,15.8,9,0,5.3,0,65,63,6,0,86.3,0,3,21,96.2,33.3,7,7.1,0,26,25,3
Joey Bosa,10637,ED,LAC,9,0,1,27,80.3,3,14,197,95.4,16.2,32,4,7.9,7,218,208,24,0,89.9,2,11,101,98.2,25.7,26,12.4,6,109,107,19
Jalen Ramsey,10639,CB,MIA,10,0,3,17,55.9,0,0,2,0.5,0.0,0,5,0.0,0,376,2,0,0,60.0,0,0,1,0.6,0.0,0,0.0,0,171,1,0
DeForest Buckner,10641,DI,IND,17,7,0,14,87.1,13,30,478,98.0,15.3,73,5,6.4,9,505,495,52,6,90.6,10,25,263,100.0,19.8,52,9.7,8,272,272,43
Leonard Floyd,10643,ED,BUF,17,1,1,4,62.1,7,22,364,95.1,9.9,36,3,7.3,12,409,389,41,0,65.5,4,13,180,92.9,12.2,22,10.3,10,210,195,27
Sheldon Rankins,10646,DI,HST,15,0,1,13,76.7,4,30,362,99.7,14.9,54,1,6.4,6,389,388,40,0,84.8,3,28,198,100.0,21.2,42,10.4,5,212,212,36
Keanu Neal,10651,S,PIT,9,0,0,25,60.2,1,2,10,3.6,0.0,0,1,15.0,0,276,10,3,0,68.9,1,1,4,2.6,0.0,0,25.0,0,153,4,2
Shaq Lawson,10653,ED,BUF,16,0,0,4,55.0,5,10,163,95.7,4.3,7,2,5.2,1,184,176,16,0,48.3,1,2,56,91.3,1.8,1,2.7,0,69,63,3
Artie Burns,10659,CB,SEA,8,1,0,29,76.8,0,0,4,2.4,0.0,0,1,0.0,0,166,4,0,0,55.6,0,0,2,2.2,0.0,0,0.0,0,91,2,0
Kenny Clark,10661,DI,GB,17,1,0,12,74.4,7,45,461,98.8,12.8,59,5,7.6,9,493,487,61,1,74.2,3,33,230,100.0,17.0,39,10.9,7,245,245,43
Emmanuel Ogbah,10666,ED,MIA,14,1,0,17,67.1,2,11,137,96.0,10.2,14,1,9.1,6,150,144,19,0,77.1,1,8,67,94.5,16.4,11,14.2,5,73,69,14
Myles Jack,10670,LB,PIT,3,0,0,25,69.4,1,0,7,7.1,14.3,1,0,21.4,1,98,7,2,0,71.6,1,0,6,9.5,16.7,1,25.0,1,63,6,2
Chris Jones,10671,DI,KC,16,3,0,16,90.3,18,43,454,99.6,18.9,86,4,9.8,14,484,482,75,0,90.4,13,27,207,100.0,26.1,54,12.6,6,222,222,46
Xavien Howard,10672,CB,MIA,13,0,2,17,78.9,1,0,2,0.4,0.0,0,7,25.0,0,477,2,1,0,60.0,1,0,1,0.4,0.0,0,50.0,0,226,1,1
Austin Johnson,10677,DI,LAC,17,2,0,27,49.3,1,15,321,100.0,2.5,8,2,2.5,0,334,334,16,1,46.0,0,5,118,100.0,1.7,2,2.1,0,123,123,5
Jihad Ward,10678,ED,NYG,17,0,1,21,53.9,3,11,313,87.2,4.8,15,2,4.2,6,376,328,20,0,65.4,1,5,114,84.5,9.6,11,7.9,6,148,125,12
A'Shawn Robinson,10680,DI,NYG,17,2,1,21,52.8,0,9,244,99.2,4.5,11,1,1.8,0,253,251,9,2,66.7,0,4,53,98.2,13.2,7,3.8,0,56,55,4
Jarran Reed,10683,DI,SEA,16,2,0,29,70.8,6,30,452,99.2,9.5,43,3,5.5,7,487,483,43,0,66.7,2,22,207,99.6,11.1,23,8.2,5,225,224,29
Deion Jones,10686,LB,CAR,13,0,0,5,72.8,0,4,28,12.9,21.4,6,2,10.7,1,224,29,5,0,64.4,0,1,8,7.2,25.0,2,6.3,0,111,8,1
Vonn Bell,10695,S,CAR,13,0,0,5,68.2,1,0,2,0.5,0.0,0,1,25.0,0,410,2,1,0,66.9,1,0,1,0.6,0.0,0,50.0,0,159,1,1
James Bradberry,10696,CB,PHI,16,0,1,24,53.7,0,0,3,0.4,0.0,0,5,0.0,0,700,3,0,0,59.0,0,0,1,0.3,0.0,0,0.0,0,350,1,0
Adam Gotsis,10697,DI,JAX,17,4,0,15,55.3,7,12,243,99.2,3.3,8,1,4.3,1,252,250,20,2,52.0,3,7,92,100.0,3.3,3,5.4,0,97,97,10
Kevin Byard,10698,S,PHI,16,1,2,24,58.6,0,5,13,1.9,15.4,2,3,19.2,0,696,13,5,0,55.2,0,1,2,0.6,0.0,0,25.0,0,334,2,1
Maliek Collins,10701,DI,HST,16,1,0,13,70.1,12,26,418,99.1,11.5,48,3,6.2,7,456,452,45,1,71.8,9,19,220,100.0,15.5,34,9.1,6,237,237,34
Yannick Ngakoue,10703,ED,CHI,13,0,0,6,47.6,4,26,392,95.8,4.8,19,2,4.8,4,426,408,34,0,48.7,4,16,217,97.5,5.1,11,6.5,4,236,230,24
Jonathan Bullard,10706,DI,MIN,17,0,0,18,46.9,0,7,317,97.6,2.5,8,4,1.7,2,334,326,9,0,54.5,0,4,101,98.1,5.0,5,4.0,2,106,104,6
Kendall Fuller,10718,CB,WAS,15,0,1,32,56.2,0,0,1,0.2,0.0,0,2,0.0,0,628,1,0,0,,0,0,0,0.0,,0,,0,305,0,0
Javon Hargrave,10723,DI,SF,16,1,0,28,87.2,7,38,422,99.1,13.7,58,3,7.0,7,452,448,52,1,90.1,7,27,210,100.0,19.5,41,11.0,6,223,223,40
Justin Simmons,10732,S,DEN,15,0,0,10,71.3,0,0,9,1.6,0.0,0,1,11.1,1,607,10,1,0,69.3,0,0,3,1.0,0.0,0,33.3,1,300,3,1
Sheldon Day,10737,DI,MIN,6,0,0,18,54.1,0,3,63,98.5,6.3,4,0,2.4,0,65,64,3,0,57.8,0,2,26,100.0,11.5,3,3.8,0,26,26,2
Eric Murray,10740,S,HST,6,0,0,13,56.2,0,0,2,1.8,0.0,0,0,0.0,0,112,2,0,0,59.1,0,0,1,1.8,0.0,0,0.0,0,57,1,0
Miles Killebrew,10745,S,PIT,9,0,0,25,55.6,1,1,2,3.2,0.0,0,0,50.0,0,94,3,2,0,59.3,1,0,1,1.5,0.0,0,50.0,0,65,1,1
De'Vondre Campbell,10749,LB,GB,11,0,0,12,71.7,2,3,19,6.2,15.8,3,1,13.2,0,325,20,5,0,80.2,1,2,8,5.0,37.5,3,18.8,0,159,8,3
Hassan Ridgeway,10750,DI,HST,3,0,0,13,52.8,1,0,27,100.0,0.0,0,0,1.9,0,32,32,1,0,57.1,1,0,11,100.0,0.0,0,4.5,0,13,13,1
David Onyemata,10754,DI,ATL,14,1,1,2,72.8,11,18,327,99.1,12.8,42,4,6.0,5,351,348,34,0,78.0,8,14,158,100.0,20.3,32,9.5,4,169,169,26
Andrew Billings,10756,DI,CHI,17,0,0,6,75.2,2,21,257,99.3,11.7,30,3,4.5,0,267,265,23,0,81.4,1,11,79,100.0,21.5,17,7.6,0,83,83,12
Deon Bush,10758,S,KC,4,0,0,16,59.0,0,0,0,1.8,,0,0,,0,55,1,0,0,59.0,0,0,0,3.6,,0,,0,28,1,0
Dean Lowry,10771,DI,MIN,9,1,0,18,53.6,0,4,105,90.8,2.9,3,1,1.9,0,120,109,4,1,64.0,0,4,38,97.6,7.9,3,5.3,0,41,40,4
Matthew Judon,10780,ED,NE,4,0,0,19,60.4,5,7,90,81.7,8.9,8,0,11.1,4,115,94,16,0,58.3,0,5,40,87.8,12.5,5,13.8,3,49,43,8
Quinton Jefferson,10781,DI,NYJ,14,0,0,22,73.2,5,16,228,98.8,14.0,32,2,8.1,8,243,240,29,0,78.2,2,11,93,100.0,20.4,19,12.4,5,99,99,18
DJ Reader,10800,DI,CIN,13,0,0,7,79.1,5,27,295,98.7,12.9,38,2,6.1,2,318,314,34,0,80.8,3,14,118,99.2,15.3,18,8.1,1,131,130,18
DeAndre Houston-Carson,10819,S,HST,12,0,0,13,57.9,0,0,1,0.3,0.0,0,1,0.0,0,304,1,0,0,57.9,0,0,1,0.6,0.0,0,0.0,0,160,1,0
Kamu Grugier-Hill,10842,LB,CAR,16,0,0,5,70.2,0,2,15,9.0,13.3,2,0,13.3,1,166,15,3,0,69.1,0,2,9,23.1,11.1,1,22.2,1,39,9,3
Elandon Roberts,10848,LB,PIT,16,0,0,25,58.1,3,8,32,10.9,12.5,4,1,26.6,3,320,35,14,0,70.8,0,1,12,9.7,8.3,1,20.8,2,134,13,3
Jalen Mills,10867,S,NE,17,0,0,19,65.5,1,3,12,3.8,8.3,1,2,16.7,0,315,12,4,0,61.1,0,3,6,3.5,16.7,1,25.0,0,173,6,3
Jayron Kearse,10878,S,DAL,16,1,2,9,61.3,1,2,27,6.4,3.7,1,8,13.0,2,486,31,5,0,46.9,0,2,8,4.6,0.0,0,12.5,0,239,11,2
Tyler Matakevich,10880,LB,BUF,2,0,0,4,60.0,0,0,1,7.1,0.0,0,0,0.0,0,14,1,0,0,,0,0,0,0.0,,0,,0,8,0,0
Mike Hilton,10898,CB,CIN,17,1,2,7,61.7,1,3,48,8.6,2.1,1,2,8.3,2,591,51,6,1,75.6,1,0,13,5.5,0.0,0,11.5,1,271,15,2
Kyle Peko,11027,DI,TEN,13,0,0,31,57.1,2,5,143,99.4,4.9,7,1,2.4,0,154,153,7,0,52.9,2,3,34,100.0,5.9,2,7.4,0,36,36,5
Michael Pierce,11101,DI,BLT,17,2,0,3,70.9,3,27,377,95.9,11.1,42,1,4.2,1,418,401,31,2,75.5,2,18,192,96.7,14.6,28,5.7,1,211,204,21
Morgan Fox,11184,DI,LAC,17,0,0,27,64.6,6,26,302,99.1,13.2,40,1,7.0,5,322,319,37,0,68.4,4,21,180,99.0,17.8,32,8.6,3,193,191,28
Jonathan Jones,11217,CB,NE,14,0,1,19,59.1,0,0,1,0.2,0.0,0,1,0.0,0,424,1,0,0,,0,0,0,0.0,,0,,0,209,0,0
Romeo Okwara,11250,ED,DET,16,1,0,11,71.9,3,11,134,89.9,11.2,15,0,6.7,2,159,143,16,0,78.2,1,7,63,92.0,14.3,9,9.5,2,75,69,10
Roy Robertson-Harris,11341,DI,JAX,17,1,0,15,58.8,6,32,440,99.8,8.0,35,1,5.2,4,465,464,42,0,63.9,4,19,192,100.0,11.5,22,7.6,3,204,204,26
Antonio Hamilton Sr.,11353,CB,ARZ,14,0,0,1,53.3,0,0,4,1.3,0.0,0,5,0.0,0,316,4,0,0,55.6,0,0,2,1.7,0.0,0,0.0,0,121,2,0
Myles Garrett,11756,ED,CLV,16,3,4,8,94.8,14,57,469,96.0,27.5,129,11,10.8,15,522,501,86,0,94.0,9,41,231,98.4,35.1,81,16.5,13,256,252,63
Solomon Thomas,11758,DI,NYJ,17,1,0,22,62.0,1,10,213,98.2,7.5,16,4,5.4,6,227,223,17,0,61.1,0,6,83,100.0,8.4,7,8.4,4,84,84,10
Jamal Adams,11761,S,SEA,9,1,1,29,85.5,2,5,29,9.5,20.7,6,1,12.1,0,317,30,7,0,66.1,0,2,8,5.8,25.0,2,12.5,0,139,8,2
Haason Reddick,11768,ED,PHI,17,0,0,24,75.2,13,41,526,93.0,14.4,76,2,7.6,13,599,557,67,0,78.6,4,34,291,96.9,19.6,57,9.6,9,319,309,47
Derek Barnett,11769,ED,HST,14,0,0,13,75.6,9,6,150,97.1,16.0,24,0,7.0,3,170,165,18,0,73.3,5,1,56,96.9,17.9,10,10.7,3,64,62,9
Malik Hooker,11770,S,DAL,16,0,0,9,53.1,0,1,5,1.2,0.0,0,0,10.0,0,520,6,1,0,59.5,0,1,1,0.4,0.0,0,50.0,0,260,1,1
Marlon Humphrey,11771,CB,BLT,10,0,1,3,92.8,1,2,4,1.3,25.0,1,5,37.5,0,376,5,3,0,60.0,0,1,1,0.5,100.0,1,50.0,0,198,1,1
Jonathan Allen,11772,DI,WAS,16,1,0,32,77.6,13,30,512,99.4,15.0,77,2,5.4,6,542,539,49,1,85.7,11,25,251,100.0,22.3,56,9.2,5,268,268,41
Adoree' Jackson,11773,CB,NYG,14,0,1,21,50.1,0,0,5,1.1,0.0,0,4,0.0,0,456,5,0,0,51.2,0,0,4,2.6,0.0,0,0.0,0,155,4,0
Charles Harris,11777,ED,DET,13,0,0,11,53.7,2,20,184,89.2,8.7,16,2,7.1,2,223,199,24,0,53.7,1,18,127,93.8,11.0,14,8.3,1,146,137,20
Jabrill Peppers,11780,S,NE,15,0,0,19,54.0,1,3,39,6.9,7.7,3,1,7.7,1,565,39,5,0,58.2,1,1,13,5.2,7.7,1,7.7,0,250,13,2
Tre'Davious White,11782,CB,BUF,4,0,0,4,68.7,1,0,1,1.7,0.0,0,1,50.0,0,118,2,1,0,,0,0,0,0.0,,0,,0,57,0,0
T.J. Watt,11785,ED,PIT,17,6,0,25,91.7,19,47,514,90.8,16.9,87,4,10.3,20,607,551,86,4,92.0,14,29,271,92.5,20.3,55,13.5,15,321,297,58
Budda Baker,11791,S,ARZ,12,0,0,1,49.2,0,5,19,5.1,5.3,1,0,13.2,0,411,21,5,0,60.0,0,1,4,3.0,25.0,1,12.5,0,164,5,1
Marcus Maye,11794,S,NO,7,0,1,20,55.6,0,2,13,5.0,7.7,1,2,15.4,1,260,13,3,0,58.7,0,0,6,5.6,0.0,0,16.7,1,107,6,1
Marcus Williams,11797,S,BLT,11,0,0,3,54.3,0,0,4,1.0,0.0,0,2,0.0,0,415,4,0,0,56.5,0,0,2,1.0,0.0,0,0.0,0,202,2,0
Justin Evans,11805,S,PHI,4,0,0,24,58.3,0,0,1,0.7,0.0,0,0,0.0,0,153,1,0,0,,0,0,0,0.0,,0,,0,85,0,0
DeMarcus Walker,11806,ED,CHI,17,0,0,6,64.0,12,31,452,97.9,10.8,49,2,5.6,4,485,475,47,0,68.8,6,26,224,97.9,16.1,36,8.5,3,243,238,35
Dalvin Tomlinson,11810,DI,CLV,16,0,0,8,73.2,9,23,362,98.7,9.7,35,3,5.5,4,393,388,36,0,73.7,6,16,164,98.9,11.6,19,8.5,3,178,176,25
Zach Cunningham,11812,LB,PHI,13,0,0,24,50.9,2,5,47,9.5,6.4,3,1,7.4,0,529,50,7,0,60.6,2,3,24,8.9,12.5,3,10.4,0,282,25,5
Tanoh Kpassagnon,11814,ED,NO,17,0,0,20,65.0,5,25,251,98.9,11.6,29,0,7.6,4,267,264,34,0,71.2,4,17,140,99.3,17.9,25,10.4,4,151,150,25
Chidobe Awuzie,11815,CB,CIN,15,0,0,7,56.2,0,0,3,0.7,0.0,0,4,0.0,0,449,3,0,0,,0,0,0,0.0,,0,,0,183,0,0
Larry Ogunjobi,11820,DI,PIT,17,2,0,25,59.2,5,27,441,99.2,8.4,37,1,4.3,3,472,468,35,0,61.4,3,23,225,99.2,11.6,26,7.1,3,243,241,29
Ahkello Witherspoon,11821,CB,LA,17,0,3,26,56.2,0,0,1,0.2,0.0,0,4,0.0,0,664,1,0,0,,0,0,0,0.0,,0,,0,302,0,0
Dawuane Smoot,11823,ED,JAX,12,0,0,15,50.0,3,10,219,90.9,6.4,14,0,3.4,1,253,230,14,0,53.9,2,7,118,96.9,8.5,10,4.7,1,130,126,10
Chris Wormley,11829,DI,CAR,5,0,0,5,62.6,0,0,13,100.0,7.7,1,0,0.0,0,16,16,0,0,65.0,0,0,4,100.0,25.0,1,0.0,0,4,4,0
Duke Riley,11830,LB,MIA,14,0,0,17,77.5,1,6,31,13.3,22.6,7,0,11.3,0,241,32,7,0,67.2,0,3,17,14.9,17.6,3,8.8,0,121,18,3
Alex Anzalone,11831,LB,DET,16,1,0,11,72.7,10,12,76,12.4,15.8,12,5,18.4,3,670,83,25,0,64.3,4,3,48,14.3,16.7,8,11.5,2,349,50,9
Fabian Moreau,11836,CB,DEN,15,0,0,10,54.6,0,0,2,0.4,0.0,0,5,0.0,0,467,2,0,0,60.0,0,0,1,0.4,0.0,0,0.0,0,231,1,0
Shaquill Griffin,11845,CB,CAR,10,0,0,5,60.0,0,0,1,0.3,0.0,0,5,0.0,0,291,1,0,0,,0,0,0,0.0,,0,,0,155,0,0
Jourdan Lewis,11846,CB,DAL,16,0,1,9,48.3,0,0,7,1.5,0.0,0,3,0.0,0,480,7,0,0,52.8,0,0,3,1.2,0.0,0,0.0,0,243,3,0
John Johnson III,11847,S,LA,13,0,0,26,50.7,0,2,5,1.3,0.0,0,0,20.0,0,373,5,2,0,53.2,0,1,3,1.6,0.0,0,16.7,0,182,3,1
Montravius Adams,11848,DI,PIT,13,1,0,25,66.0,0,15,236,100.0,7.6,18,1,3.2,0,252,252,15,0,59.6,0,9,123,100.0,8.1,10,3.7,0,134,134,9
Cameron Sutton,11850,CB,DET,17,0,0,11,50.0,0,0,6,0.8,0.0,0,5,0.0,0,707,6,0,0,60.0,0,0,1,0.3,0.0,0,0.0,0,373,1,0
Rasul Douglas,11854,CB,BUF,16,0,0,4,69.9,0,0,6,1.0,0.0,0,5,16.7,1,595,6,1,0,81.6,0,0,2,0.7,0.0,0,50.0,1,278,2,1
Trey Hendrickson,11858,ED,CIN,17,1,0,7,90.7,10,49,443,94.0,20.8,92,4,11.2,20,499,469,79,0,91.0,7,26,202,97.3,26.7,54,15.1,14,226,220,47
Jaleel Johnson,11864,DI,TEN,12,0,0,31,66.0,0,3,118,99.2,5.1,6,1,2.1,1,126,125,4,0,63.1,0,1,24,100.0,8.3,2,2.1,0,25,25,1
Eddie Jackson,11867,S,CHI,12,0,1,6,58.9,0,0,2,0.5,0.0,0,2,0.0,0,419,2,0,0,60.0,0,0,1,0.5,0.0,0,0.0,0,211,1,0
Rayshawn Jenkins,11868,S,JAX,17,0,1,15,63.4,0,6,45,6.4,4.4,2,2,8.9,1,723,46,7,0,67.4,0,3,13,4.5,0.0,0,19.2,1,308,14,4
Carl Lawson,11871,ED,NYJ,6,0,0,22,53.6,0,2,57,100.0,7.0,4,0,1.8,0,59,59,2,0,57.9,0,2,23,100.0,13.0,3,4.3,0,24,24,2
Jalen Reeves-Maybin,11879,LB,DET,10,1,0,11,72.9,1,0,19,24.4,15.8,3,0,7.9,1,82,20,2,1,75.4,1,0,17,28.6,17.6,3,8.8,1,63,18,2
Samson Ebukam,11880,ED,IND,17,0,0,14,72.6,8,30,431,98.7,14.4,62,1,6.7,10,456,450,48,0,74.5,4,22,237,100.0,19.4,46,8.9,8,247,247,34
Deatrich Wise Jr.,11886,ED,NE,16,1,0,19,59.0,2,29,362,99.7,9.4,34,4,5.7,5,392,391,36,1,63.1,1,17,169,99.5,13.6,23,7.1,3,183,182,21
Carlos Watkins,11897,DI,ARZ,2,1,0,1,61.4,0,0,22,100.0,0.0,0,0,4.5,1,25,25,1,0,60.1,0,0,9,100.0,0.0,0,11.1,1,11,11,1
Grover Stewart,11899,DI,IND,11,0,0,14,64.7,6,8,211,98.6,8.1,17,1,3.8,1,221,218,15,0,63.4,0,5,77,100.0,11.7,9,3.2,0,80,80,5
Damontae Kazee,11904,S,PIT,14,0,1,25,52.4,0,0,4,1.0,0.0,0,2,0.0,0,493,5,0,0,59.0,0,0,1,0.4,0.0,0,0.0,0,265,1,0
Desmond King II,11906,CB,HST,6,0,1,13,56.4,1,2,11,5.9,18.2,2,5,22.7,1,186,11,4,0,63.2,0,0,5,5.0,20.0,1,20.0,1,100,5,1
Anthony Walker Jr.,11916,LB,CLV,12,0,0,8,54.9,2,2,30,11.6,6.7,2,1,6.7,0,277,32,4,0,54.7,0,0,11,9.1,0.0,0,0.0,0,121,11,0
Matt Milano,11918,LB,BUF,5,0,0,4,59.5,1,1,12,10.3,0.0,0,1,8.3,0,136,14,2,0,57.7,0,1,6,10.6,0.0,0,8.3,0,66,7,1
Davon Godchaux,11934,DI,NE,17,0,0,19,50.0,0,7,313,99.4,3.2,10,1,1.1,0,334,332,7,0,51.2,0,4,97,99.1,4.1,4,2.1,0,108,107,4
Tanzel Smart,11944,DI,NYJ,4,0,0,22,56.9,0,0,23,100.0,0.0,0,0,0.0,0,25,25,0,0,64.2,0,0,4,100.0,0.0,0,0.0,0,5,5,0
Xavier Woods,11946,S,CAR,14,0,1,5,50.3,0,1,3,1.2,0.0,0,4,16.7,0,432,5,1,0,51.6,0,1,2,1.7,0.0,0,25.0,0,176,3,1
D.J. Jones,11953,DI,DEN,16,0,0,10,58.5,2,14,309,99.4,5.2,16,0,3.2,2,332,330,18,0,54.8,2,8,145,100.0,6.9,10,4.1,1,157,157,11
Jeremiah Ledbetter,11960,DI,JAX,17,1,2,15,50.1,2,6,201,97.6,2.5,5,2,2.0,0,211,206,8,1,56.3,2,3,72,98.7,2.8,2,3.5,0,75,74,5
Rudy Ford,11963,S,GB,12,0,0,12,56.1,0,1,3,0.9,0.0,0,2,16.7,0,351,3,1,0,56.6,0,1,2,1.2,0.0,0,25.0,0,161,2,1
Isaac Rochell,11980,ED,LV,8,0,0,23,44.1,0,2,27,68.3,0.0,0,0,3.7,0,41,28,2,0,53.1,0,1,5,62.5,0.0,0,10.0,0,8,5,1
Patrick O'Connor,12005,DI,TB,6,0,0,30,49.9,0,0,18,100.0,0.0,0,0,0.0,0,18,18,0,0,52.8,0,0,7,100.0,0.0,0,0.0,0,7,7,0
Michael Davis,12040,CB,LAC,15,0,3,27,77.8,0,2,1,0.4,100.0,1,7,100.0,0,552,2,2,0,,0,0,0,0.0,,0,,0,261,0,0
Josh Tupou,12093,DI,CIN,14,0,0,7,55.7,2,4,132,100.0,4.5,6,0,2.3,0,137,137,6,0,58.0,1,2,40,100.0,7.5,3,3.8,0,41,41,3
Taysom Hill,12112,TE,NO,1,0,0,20,60.0,0,0,1,100.0,0.0,0,0,0.0,0,1,1,0,0,,0,0,0,,,0,,0,0,0,0
Adam Butler,12214,DI,LV,17,3,0,23,70.2,5,17,348,96.0,9.2,32,0,4.9,6,377,362,28,3,71.5,3,11,178,95.9,12.4,22,7.3,6,196,188,20
Arthur Maulet,12224,CB,BLT,14,0,0,3,80.3,2,1,16,5.1,0.0,0,2,21.9,2,313,16,5,0,91.6,2,0,6,3.3,0.0,0,50.0,2,183,6,4
Calvin Munson,12236,LB,MIA,2,0,0,17,59.9,0,0,1,6.3,0.0,0,0,0.0,0,16,1,0,0,,0,0,0,0.0,,0,,0,9,0,0
Sione Takitaki,12666,LB,CLV,15,1,0,8,56.4,1,6,31,10.1,0.0,0,0,14.5,1,336,34,8,0,54.5,1,2,9,6.5,0.0,0,27.8,1,153,10,4
Jonathan Ledbetter,18645,DI,ARZ,12,0,0,1,60.0,2,17,218,100.0,8.3,18,2,5.3,2,233,233,21,0,72.4,1,8,64,100.0,18.8,12,8.6,1,67,67,10
Sam Kamara,24176,ED,CLV,2,0,0,8,57.4,0,4,46,94.3,13.0,6,1,4.3,0,53,50,4,0,61.2,0,4,25,100.0,20.0,5,8.0,0,27,27,4
Nathan Shepherd,24614,DI,NO,17,0,0,20,77.4,4,15,265,98.6,12.8,34,2,5.1,4,290,286,23,0,69.4,1,10,89,100.0,16.9,15,8.4,2,101,101,13
Foyesade Oluokun,24904,LB,JAX,17,2,1,15,73.0,7,11,95,14.2,13.7,13,2,12.6,3,727,103,21,0,78.0,2,8,35,13.3,22.9,8,20.0,2,309,41,12
Anfernee Jennings,25449,ED,NE,15,0,0,19,55.3,2,17,260,82.6,6.5,17,2,4.4,2,333,275,21,0,62.0,0,9,83,83.3,13.3,11,6.6,1,108,90,10
Dane Cruikshank,25546,S,TEN,1,0,0,31,60.0,0,0,1,100.0,0.0,0,0,0.0,0,1,1,0,0,,0,0,0,,,0,,0,0,0,0
Sean Murphy-Bunting,25891,CB,TEN,14,0,0,31,76.7,0,3,3,0.6,0.0,0,10,50.0,0,513,3,3,0,68.5,0,1,1,0.4,0.0,0,50.0,0,230,1,1
Clelin Ferrell,25955,ED,SF,17,0,0,28,60.4,9,17,280,99.7,9.6,27,0,6.1,4,295,294,30,0,68.8,5,15,131,100.0,16.8,22,9.2,2,137,137,22
Dexter Lawrence,25991,DI,NYG,16,1,1,21,92.6,14,45,425,98.9,20.2,86,1,8.4,6,451,446,65,1,92.9,6,27,161,100.0,31.1,50,13.4,5,176,176,38
Maxx Crosby,26316,ED,LV,17,2,0,23,84.3,15,64,631,100.0,15.5,98,5,8.6,15,657,657,94,0,85.7,8,40,275,100.0,19.6,54,12.7,11,291,291,59
Jeremiah Moon,26453,ED,BLT,3,0,0,3,53.5,0,1,41,89.4,7.3,3,0,1.2,0,47,42,1,0,60.2,0,1,18,95.0,16.7,3,2.8,0,20,19,1
D.J. Reed,26940,CB,NYJ,15,0,2,22,58.0,0,2,2,0.4,0.0,0,8,50.0,0,544,2,2,0,42.4,0,1,1,0.4,0.0,0,50.0,0,250,1,1
Bryce Huff,27128,ED,NYJ,17,0,0,22,86.8,12,45,315,96.3,22.9,72,3,12.2,10,347,334,67,0,89.7,12,32,189,98.0,29.1,55,15.3,7,205,201,51
Siran Neal,27130,CB,BUF,6,0,0,4,74.0,0,0,3,7.9,33.3,1,0,0.0,0,38,3,0,0,,0,0,0,0.0,,0,,0,23,0,0
Montez Sweat,27271,ED,CHI,17,3,1,6,70.6,10,38,495,97.9,12.7,63,2,8.1,16,529,518,64,1,71.1,7,24,258,98.6,16.7,43,9.1,8,278,274,39
Devin Bush,27375,LB,SEA,7,0,0,29,63.6,0,0,9,7.5,22.2,2,0,0.0,0,120,9,0,0,67.9,0,0,6,12.5,33.3,2,0.0,0,48,6,0
Joshua Uche,27379,ED,NE,15,0,0,19,66.8,6,28,217,85.7,11.1,24,1,9.2,3,265,227,37,0,70.5,4,23,139,87.5,14.4,20,11.2,2,168,147,29
Khalil Dorsey,27819,CB,DET,4,0,1,11,60.0,0,1,1,2.0,0.0,0,1,50.0,0,51,1,1,0,60.0,0,1,1,3.7,0.0,0,50.0,0,27,1,1
Armon Watts,27844,DI,PIT,15,0,0,25,65.3,3,12,138,100.0,12.3,17,0,6.2,1,149,149,16,0,78.6,2,12,62,100.0,27.4,17,12.9,1,70,70,15
Joe Gaziano,27949,ED,ATL,2,0,0,2,57.3,0,1,18,100.0,11.1,2,0,2.8,0,19,19,1,0,62.4,0,0,11,100.0,18.2,2,0.0,0,12,12,0
DaVon Hamilton,28072,DI,JAX,8,0,0,15,51.0,0,4,85,98.9,3.5,3,1,2.4,0,87,86,4,0,48.1,0,3,16,100.0,6.3,1,9.4,0,16,16,3
Dre'Mont Jones,28075,DI,SEA,17,0,2,29,65.1,7,31,414,97.5,11.6,48,6,5.8,5,448,437,43,0,68.4,5,21,182,97.5,16.5,30,9.3,4,202,197,30
Malik Harrison,28081,LB,BLT,14,0,0,3,64.6,1,2,33,38.4,6.1,2,0,4.5,0,86,33,3,0,71.6,1,1,14,42.4,14.3,2,7.1,0,33,14,2
Jerome Baker,28091,LB,MIA,13,0,2,17,57.9,2,7,50,12.0,6.0,3,2,13.0,2,451,54,11,0,61.8,2,6,23,12.3,13.0,3,21.7,1,204,25,9
Neville Gallimore,28094,DI,DAL,17,1,0,9,65.7,1,10,144,99.4,9.0,13,1,4.5,1,156,155,12,1,69.6,1,7,53,100.0,13.2,7,9.4,1,59,59,9
Troy Dye,28251,LB,MIN,7,0,0,18,58.9,1,3,25,30.1,12.0,3,0,12.0,1,83,25,5,0,66.9,1,3,12,42.9,25.0,3,25.0,1,28,12,5
Brenden Schooler,28253,S,NE,3,0,0,19,60.0,0,0,0,33.3,,0,0,,0,3,1,0,0,,0,0,0,,,0,,0,0,0,0
Kevin Givens,28308,DI,SF,17,1,0,28,67.1,2,10,242,98.9,9.5,23,2,3.3,2,261,258,14,1,70.0,2,8,120,100.0,12.5,15,5.8,2,125,125,12
Myles Adams,28430,DI,SEA,9,0,0,29,74.6,0,5,60,100.0,16.7,10,0,5.8,1,61,61,6,0,80.0,0,4,30,100.0,26.7,8,6.7,0,31,31,4
Bilal Nichols,28451,DI,LV,17,0,1,23,54.7,0,17,310,99.7,4.8,15,1,3.4,2,323,322,19,0,61.7,0,14,119,100.0,9.2,11,7.6,2,125,125,16
DeShon Elliott,28854,S,MIA,15,0,0,17,66.9,0,1,1,0.2,0.0,0,1,50.0,0,578,1,1,0,66.9,0,1,1,0.4,0.0,0,50.0,0,262,1,1
Jack Jones,29050,CB,LV,11,0,2,23,69.4,1,0,1,0.6,0.0,0,6,50.0,0,325,2,1,0,59.1,0,0,0,0.7,,0,,0,151,1,0
David Long Jr.,29367,LB,MIA,17,1,0,17,59.6,4,15,75,15.7,9.3,7,1,14.0,1,496,78,20,0,51.4,1,6,32,16.3,9.4,3,10.9,0,209,34,7
Germaine Pratt,29407,LB,CIN,17,0,0,7,63.5,0,9,48,9.1,4.2,2,1,15.6,3,583,53,12,0,53.6,0,3,12,6.4,8.3,1,20.8,1,220,14,4
Chris Board,29456,LB,NE,2,0,0,19,60.0,0,0,0,50.0,,0,0,,0,2,1,0,0,,0,0,0,,,0,,0,0,0,0
Logan Wilson,29623,LB,CIN,17,0,0,7,60.1,2,5,51,8.3,3.9,2,1,10.8,2,666,55,9,0,66.9,2,3,27,11.2,3.7,1,16.7,2,278,31,7
Ty Summers,30242,LB,NO,1,0,0,20,60.0,0,0,1,100.0,0.0,0,0,0.0,0,1,1,0,0,,0,0,0,,,0,,0,0,0,0
Andrew Van Ginkel,30267,ED,MIA,17,5,0,17,90.6,13,32,303,68.6,18.2,55,1,10.1,8,468,321,53,0,90.7,10,20,151,72.2,27.2,41,13.9,6,223,161,36
T.J. Edwards,30737,LB,CHI,17,0,0,6,74.5,6,4,73,11.2,8.2,6,0,11.0,3,686,77,13,0,91.1,5,2,37,12.0,16.2,6,17.6,3,332,40,10
Khalen Saunders,31534,DI,NO,17,1,2,20,68.7,2,12,229,99.6,7.0,16,2,3.1,0,246,245,14,0,70.8,1,4,65,100.0,7.7,5,3.8,0,74,74,5
Abdullah Anderson,32708,DI,WAS,7,0,0,32,61.2,0,5,52,98.2,7.7,4,0,6.7,1,57,56,6,0,66.8,0,4,21,100.0,14.3,3,14.3,1,24,24,5
Dane Jackson,32989,CB,BUF,12,0,2,4,60.0,0,0,1,0.3,0.0,0,3,0.0,0,311,1,0,0,,0,0,0,0.0,,0,,0,148,0,0
Cam Gill,33560,ED,TB,9,0,0,30,77.2,0,4,30,71.4,13.3,4,0,10.0,1,42,30,5,0,77.5,0,1,16,88.9,12.5,2,9.4,1,18,16,2
Eric Johnson,33698,DI,IND,14,0,1,14,56.7,1,1,102,99.1,2.9,3,1,2.9,2,111,110,4,0,58.6,1,1,32,100.0,3.1,1,3.1,0,37,37,2
Mike Hughes,34057,CB,ATL,14,0,0,2,82.7,0,1,5,2.4,40.0,2,0,10.0,0,206,5,1,0,62.2,0,1,1,0.8,100.0,1,50.0,0,119,1,1
Darnell Savage,34247,S,GB,10,0,0,12,52.2,0,1,4,1.3,0.0,0,0,12.5,0,320,4,1,0,55.2,0,0,2,1.3,0.0,0,0.0,0,152,2,0
Zack Baun,34632,ED,NO,17,1,0,20,63.6,2,11,133,71.0,12.0,16,0,6.4,2,193,137,15,1,59.1,2,9,89,82.9,10.1,9,8.4,2,111,92,13
Johnathan Abram,34646,S,NO,7,0,0,20,60.5,0,1,5,4.4,20.0,1,0,10.0,0,135,6,1,0,54.8,0,0,2,3.9,0.0,0,0.0,0,76,3,0
Akeem Davis-Gaither,34788,LB,CIN,11,0,0,7,69.8,0,0,6,16.7,33.3,2,0,0.0,0,48,8,0,0,81.0,0,0,2,18.8,100.0,2,0.0,0,16,3,0
Jamel Dean,34918,CB,TB,13,0,1,30,45.8,0,0,9,1.9,0.0,0,4,0.0,0,469,9,0,0,50.0,0,0,4,1.8,0.0,0,0.0,0,228,4,0
Trevis Gipson,35241,ED,TEN,7,0,0,31,89.3,0,6,37,95.1,18.9,7,0,10.8,1,41,39,7,0,92.2,0,2,12,100.0,25.0,3,16.7,1,13,13,3
Blake Cashman,35413,LB,HST,13,0,0,13,73.5,3,3,36,9.3,13.9,5,0,13.9,2,408,38,8,0,78.7,1,0,12,6.4,8.3,1,20.8,2,202,13,3
Darrell Taylor,36001,ED,SEA,17,1,0,29,58.7,3,18,274,89.6,6.2,17,1,6.0,6,326,292,27,0,61.4,2,11,127,91.8,7.1,9,7.5,3,146,134,16
Austin Bryant,36248,ED,SF,2,0,0,28,66.3,0,3,22,100.0,18.2,4,0,6.8,0,23,23,3,0,64.3,0,3,16,100.0,18.8,3,9.4,0,17,17,3
Kyle Phillips,36340,ED,NO,5,0,0,20,60.0,0,2,27,100.0,11.1,3,0,3.7,0,27,27,2,0,60.7,0,1,12,100.0,16.7,2,4.2,0,12,12,1
T.J. Smith,36851,DI,MIN,3,0,0,18,50.8,0,1,19,100.0,0.0,0,0,2.6,0,19,19,1,0,54.1,0,0,5,100.0,0.0,0,0.0,0,5,5,0
Albert Huggins,36862,DI,ATL,13,0,0,2,52.3,2,2,147,99.4,2.7,4,0,1.4,0,157,156,4,0,55.4,1,0,52,100.0,1.9,1,1.0,0,58,58,1
Shy Tuttle,37279,DI,CAR,17,5,2,5,57.8,0,1,202,100.0,1.5,3,3,0.7,1,218,218,2,2,66.2,0,0,37,100.0,2.7,1,2.7,1,40,40,1
Troy Reeder,38268,LB,LA,9,0,0,26,62.3,0,0,6,8.3,16.7,1,0,0.0,0,96,8,0,0,65.5,0,0,4,20.0,25.0,1,0.0,0,25,5,0
Camryn Bynum,38408,S,MIN,17,0,0,18,56.1,0,0,9,1.3,0.0,0,0,11.1,1,700,9,1,0,60.5,0,0,1,0.4,0.0,0,100.0,1,248,1,1
Cameron Goode,38410,ED,MIA,8,0,0,17,63.1,2,2,38,78.4,10.5,4,0,5.3,0,51,40,4,0,56.8,1,1,24,78.1,8.3,2,4.2,0,32,25,2
Casey Toohill,38472,ED,WAS,16,1,0,32,54.0,2,8,276,96.7,5.1,14,0,3.6,5,301,291,15,0,53.2,1,8,135,95.4,6.7,9,4.8,2,152,145,11
Matthew Adams,38526,LB,CLV,4,0,0,8,73.7,0,0,9,18.0,11.1,1,0,0.0,0,50,9,0,0,53.9,0,0,2,8.0,0.0,0,0.0,0,25,2,0
Marquise Copeland,38540,DI,LA,1,0,0,26,56.7,0,0,2,100.0,0.0,0,0,0.0,0,3,3,0,0,60.0,0,0,1,100.0,0.0,0,0.0,0,1,1,0
Jordan Kunaszyk,38548,LB,CLV,2,0,0,8,51.1,0,0,4,13.3,0.0,0,0,0.0,0,30,4,0,0,52.5,0,0,3,23.1,0.0,0,0.0,0,13,3,0
Folorunso Fatukasi,38558,DI,JAX,16,1,0,15,58.8,2,14,212,99.6,7.5,16,0,3.8,0,224,223,16,1,69.7,2,6,63,100.0,17.5,11,6.3,0,68,68,8
Maurice Hurst,38563,DI,CLV,13,2,0,8,75.9,3,13,163,98.3,14.1,23,4,6.1,2,176,173,18,1,78.0,1,7,74,97.6,16.2,12,8.1,2,83,81,10
Eric Wilson,38587,LB,GB,7,0,0,12,56.7,1,2,9,11.5,0.0,0,0,16.7,0,87,10,3,0,62.6,1,1,6,11.5,0.0,0,16.7,0,52,6,2
Tershawn Wharton,40292,DI,KC,17,0,0,16,68.1,2,13,244,96.9,9.4,23,1,3.9,2,262,254,17,0,77.1,2,7,91,98.0,17.6,16,6.0,1,98,96,10
L'Jarius Sneed,40588,CB,KC,16,0,6,16,63.3,3,3,15,2.6,6.7,1,17,20.0,0,616,16,6,0,54.0,1,1,5,2.4,0.0,0,20.0,0,251,6,2
Reggie Gilliam,40951,FB,BUF,1,0,0,4,60.0,0,0,1,100.0,0.0,0,1,0.0,0,1,1,0,0,,0,0,0,,,0,,0,0,0,0
Alohi Gilman,41662,S,LAC,14,0,0,27,56.6,0,0,3,0.5,0.0,0,2,0.0,0,547,3,0,0,59.1,0,0,1,0.4,0.0,0,0.0,0,234,1,0
Ty Shelby,41752,ED,LAC,1,0,0,27,65.5,0,1,5,83.3,20.0,1,0,10.0,0,6,5,1,0,59.1,0,0,1,100.0,0.0,0,0.0,0,1,1,0
Ed Oliver,42200,DI,BUF,16,2,0,4,74.6,6,48,447,99.0,12.8,57,5,8.5,11,489,484,65,2,80.4,5,32,224,99.6,17.0,38,12.7,10,244,243,47
Divine Deablo,42208,LB,LV,15,0,1,23,62.7,1,6,34,8.2,14.7,5,2,13.2,1,473,39,8,0,62.6,1,6,12,7.5,25.0,3,29.2,0,201,15,7
Janarius Robinson,42447,ED,LV,6,0,1,23,56.6,1,2,42,93.6,9.5,4,3,6.0,1,47,44,4,0,53.6,1,1,22,96.0,9.1,2,4.5,0,25,24,2
Isaiah Simmons,42451,LB,NYG,17,0,0,21,44.1,0,7,82,31.0,3.7,3,0,5.5,1,294,91,8,0,43.0,0,5,42,34.2,4.8,2,6.0,0,146,50,5
K'Von Wallace,42467,S,TEN,13,0,0,31,60.5,1,3,13,2.6,0.0,0,1,15.4,0,500,13,4,0,49.5,0,2,5,2.4,0.0,0,20.0,0,206,5,2
Antoine Winfield Jr.,42475,S,TB,17,1,0,30,92.7,2,10,53,7.9,22.6,12,0,22.6,6,697,55,18,0,94.1,1,4,21,6.8,38.1,8,35.7,5,322,22,10
Tomon Fox,42486,ED,NYG,1,0,0,21,50.6,0,0,12,81.3,0.0,0,0,0.0,0,16,13,0,0,53.3,0,0,3,66.7,0.0,0,0.0,0,6,4,0
Rashad Weaver,42495,ED,TEN,15,0,0,31,51.3,0,7,119,95.6,6.7,8,0,2.9,0,136,130,7,0,51.6,0,5,61,95.6,9.8,6,4.1,0,68,65,5
Keir Thomas,42509,ED,LA,8,0,0,26,53.9,2,1,42,69.8,2.4,1,1,3.6,0,63,44,3,0,55.3,2,0,20,81.5,0.0,0,5.0,0,27,22,2
Krys Barnes,42548,LB,ARZ,10,1,0,1,64.4,1,1,19,8.1,5.3,1,0,5.3,0,234,19,2,0,60.0,1,0,7,7.1,0.0,0,7.1,0,98,7,1
Tayler Hawkins,42606,S,SF,1,0,0,28,40.5,0,1,3,8.6,0.0,0,1,16.7,0,35,3,1,0,39.9,0,1,1,9.1,0.0,0,50.0,0,11,1,1
Chauncey Golston,42718,DI,DAL,17,0,0,9,74.3,1,16,170,98.9,15.3,26,0,6.2,2,184,182,19,0,78.9,1,11,92,100.0,19.6,18,8.7,2,98,98,14
Nick Bosa,42741,ED,SF,17,3,1,28,92.6,21,60,533,99.5,22.3,119,7,10.2,14,570,567,95,1,92.6,15,43,258,99.6,30.6,79,14.7,9,273,272,67
Osa Odighizuwa,42754,DI,DAL,17,0,1,9,80.0,9,31,326,99.7,14.1,46,2,7.1,3,357,356,43,0,84.0,4,25,147,100.0,21.8,32,11.9,3,164,164,32
J.C. Jackson,42781,CB,NE,10,0,0,19,56.2,0,0,2,0.6,0.0,0,5,0.0,0,326,2,0,0,60.0,0,0,1,0.7,0.0,0,0.0,0,140,1,0
Kristian Fulton,42894,CB,TEN,11,0,0,31,56.3,0,0,1,0.5,0.0,0,6,0.0,0,390,2,0,0,,0,0,0,0.0,,0,,0,170,0,0
Rashan Gary,42905,ED,GB,17,1,0,12,76.2,11,39,366,99.0,17.2,63,5,9.6,10,388,384,60,1,79.5,6,27,194,99.5,21.6,42,12.6,8,210,209,41
Dicaprio Bootle,42913,CB,CAR,3,0,0,5,56.2,0,0,1,0.9,0.0,0,0,0.0,0,108,1,0,0,,0,0,0,0.0,,0,,0,51,0,0
Khalid Kareem,42993,ED,CHI,1,0,0,6,52.2,0,1,19,95.5,5.3,1,0,2.6,0,22,21,1,0,49.7,0,0,11,100.0,0.0,0,0.0,0,12,12,0
Jonathon Cooper,43021,ED,DEN,17,1,0,10,71.0,6,40,392,83.7,12.0,47,3,8.2,9,503,421,55,1,71.3,4,20,203,89.4,14.3,29,10.3,9,245,219,33
Charvarius Ward,43034,CB,SF,17,0,6,28,39.4,0,1,1,0.2,0.0,0,12,50.0,0,648,1,1,0,,0,0,0,0.0,,0,,0,308,0,0
Brandon Jones,43049,S,MIA,12,0,0,17,90.1,1,2,3,1.0,66.7,2,0,50.0,0,295,3,3,0,68.0,0,1,1,0.7,100.0,1,50.0,0,144,1,1
McTelvin Agim,43069,DI,IND,1,0,0,14,65.7,1,0,6,100.0,16.7,1,0,8.3,0,6,6,1,0,69.1,1,0,2,100.0,50.0,1,25.0,0,2,2,1
Devin White,43089,LB,TB,14,1,0,30,64.2,6,15,126,22.8,10.3,13,1,10.7,3,584,133,24,0,61.0,5,10,73,26.3,13.7,10,11.6,1,289,76,16
Jeremy Chinn,43179,S,CAR,12,0,0,5,58.4,0,1,12,8.3,0.0,0,1,12.5,1,157,13,2,0,53.4,0,1,3,5.6,0.0,0,16.7,0,54,3,1
Mack Wilson Sr.,43190,LB,NE,16,1,0,19,63.2,1,9,104,51.4,7.7,8,0,9.6,5,210,108,15,0,63.0,1,7,72,62.4,8.3,6,12.5,5,117,73,13
Richie Grant,43196,S,ATL,17,0,2,2,76.6,3,5,38,6.9,7.9,3,2,18.4,3,565,39,11,0,74.2,2,5,25,9.1,8.0,2,22.0,2,285,26,9
Joe Bachie,43250,LB,CIN,4,0,0,7,59.6,0,0,2,33.3,0.0,0,0,0.0,0,6,2,0,0,,0,0,0,0.0,,0,,0,2,0,0
Damar Hamlin,43291,S,BUF,3,0,0,4,59.1,0,0,0,8.3,,0,0,,0,12,1,0,0,,0,0,0,0.0,,0,,0,3,0,0
Myles Bryant,43336,CB,NE,17,0,0,19,52.9,0,5,15,3.0,13.3,2,2,23.3,1,562,17,6,0,57.4,0,5,11,4.0,18.2,2,31.8,1,272,11,6
Josh Metellus,43395,S,MIN,17,0,1,18,75.8,7,19,111,17.3,16.2,18,1,14.4,3,672,116,29,0,74.6,3,9,42,18.7,19.0,8,14.3,0,241,45,12
Trenton Thompson,43455,S,PIT,6,0,0,25,53.6,0,0,3,2.3,0.0,0,0,0.0,0,131,3,0,0,59.4,0,0,1,1.7,0.0,0,0.0,0,59,1,0
Nick Niemann,43500,LB,LAC,9,0,0,27,66.0,2,3,18,11.1,16.7,3,0,13.9,0,162,18,5,0,52.4,0,0,6,7.8,0.0,0,0.0,0,77,6,0
Alex Highsmith,43507,ED,PIT,17,0,1,25,86.2,12,50,471,85.9,18.0,85,3,8.1,7,583,501,69,0,82.6,6,33,237,85.4,21.5,51,10.3,5,302,258,44
Grayland Arnold,43528,CB,HST,5,0,0,13,73.8,0,1,3,3.3,0.0,0,0,16.7,0,92,3,1,0,73.8,0,1,2,4.3,0.0,0,25.0,0,47,2,1
Ben Stille,43555,DI,ARZ,5,0,0,1,52.6,0,3,61,100.0,1.6,1,1,4.1,1,66,66,4,0,59.3,0,1,18,100.0,5.6,1,8.3,1,20,20,2
Jake Hansen,43645,LB,HST,5,0,0,13,54.6,0,1,3,13.6,0.0,0,0,16.7,0,22,3,1,0,,0,0,0,0.0,,0,,0,7,0,0
Levi Onwuzurike,43679,DI,DET,10,0,0,11,70.6,1,8,82,98.9,15.9,13,0,6.7,1,89,88,10,0,75.5,1,7,42,100.0,23.8,10,11.9,1,46,46,9
Jeffery Simmons,43742,DI,TEN,12,1,2,31,75.2,5,36,366,97.5,12.8,47,6,7.2,6,403,393,47,1,79.1,3,28,177,99.5,18.1,32,11.0,4,191,190,35
Derrick Brown,43883,DI,CAR,17,6,2,5,78.1,12,27,483,100.0,12.4,60,5,4.5,2,511,511,41,5,75.3,7,15,187,100.0,14.4,27,7.0,2,199,199,24
Timmy Horne,43918,DI,NYG,4,1,2,21,58.3,0,1,29,100.0,3.4,1,2,1.7,0,34,34,1,1,68.2,0,0,9,100.0,0.0,0,0.0,0,11,11,0
Tyler Hall,43958,CB,LV,9,0,0,23,50.7,0,0,6,5.5,0.0,0,0,0.0,0,109,6,0,0,,0,0,0,0.0,,0,,0,44,0,0
Pat Jones II,43974,ED,MIN,17,0,0,18,45.6,8,23,372,89.2,6.2,23,2,4.4,1,435,388,32,0,55.1,5,14,137,93.5,13.9,19,6.9,0,155,145,19
Byron Murphy Jr.,44027,CB,MIN,14,0,2,18,48.4,0,3,13,2.4,0.0,0,4,11.5,0,584,14,3,0,64.8,0,1,6,3.3,0.0,0,8.3,0,211,7,1
Benito Jones,44035,DI,DET,17,0,0,11,54.6,4,14,285,98.7,5.3,15,1,3.5,1,311,307,19,0,54.9,3,7,112,100.0,8.0,9,4.5,0,124,124,10
Julian Okwara,44152,ED,DET,9,1,1,11,62.5,2,5,76,81.2,11.8,9,1,7.2,2,101,82,9,0,60.2,1,5,58,87.5,12.1,7,8.6,2,72,63,8
Quinnen Williams,44216,DI,NYJ,17,1,2,22,84.5,11,53,436,98.7,19.5,85,5,8.7,6,471,465,70,0,84.5,9,40,223,100.0,25.1,56,13.7,6,239,239,55
Nnamdi Madubuike,44304,DI,BLT,17,0,0,3,77.7,18,33,486,97.5,14.0,68,4,8.1,14,525,512,65,0,83.8,13,28,249,98.1,20.9,52,13.1,12,267,262,53
Boogie Basham,44320,ED,NYG,12,0,0,21,50.8,0,0,84,95.5,3.6,3,0,0.0,0,89,85,0,0,49.8,0,0,12,80.0,0.0,0,0.0,0,15,12,0
Naquan Jones,44363,DI,ARZ,12,0,0,1,52.7,0,4,63,100.0,1.6,1,2,3.2,0,66,66,4,0,51.9,0,1,14,100.0,0.0,0,3.6,0,14,14,1
Isaiahh Loudermilk,44416,DI,PIT,14,1,0,25,47.3,1,3,74,100.0,2.7,2,0,2.7,0,76,76,4,1,54.8,1,2,32,100.0,6.3,2,4.7,0,33,33,3
Elijah Riley,44440,S,PIT,5,0,0,25,70.5,0,2,2,5.6,50.0,1,0,100.0,1,36,2,3,0,70.5,0,2,2,8.3,50.0,1,100.0,1,24,2,3
Kyzir White,44485,LB,ARZ,11,0,0,1,52.1,0,4,34,9.0,2.9,1,3,11.8,2,399,36,6,0,45.0,0,1,14,10.3,7.1,1,3.6,0,145,15,1
Elijah Garcia,44498,DI,DEN,3,0,0,10,67.7,0,1,14,100.0,7.1,1,0,10.7,1,14,14,2,0,72.0,0,1,7,100.0,14.3,1,21.4,1,7,7,2
Trysten Hill,44519,DI,NE,1,0,0,19,58.7,0,0,1,100.0,0.0,0,0,0.0,0,2,2,0,0,59.1,0,0,0,100.0,,0,,0,1,1,0
Brian Burns,44522,ED,CAR,16,1,1,5,75.2,10,21,359,84.6,13.1,47,4,6.8,9,448,379,40,0,79.8,6,14,145,90.1,18.6,27,10.3,5,171,154,25
Ross Blacklock,44526,DI,TEN,4,0,0,31,58.9,0,4,41,100.0,9.8,4,0,4.9,0,44,44,4,0,59.4,0,4,25,100.0,12.0,3,8.0,0,28,28,4
D.J. Wonnum,44550,ED,MIN,15,5,0,18,56.8,6,23,450,84.9,8.2,37,0,5.2,9,548,465,38,0,60.3,5,11,152,82.0,13.8,21,9.2,6,194,159,22
Jack Heflin,44570,DI,NO,1,0,0,20,54.3,0,2,7,100.0,14.3,1,0,14.3,0,7,7,2,0,56.7,0,2,3,100.0,33.3,1,33.3,0,3,3,2
Raekwon Davis,44582,DI,MIA,17,0,0,17,59.3,4,18,258,100.0,7.8,20,0,4.7,1,269,269,23,0,62.0,3,11,109,100.0,10.1,11,7.3,1,113,113,15
Jonah Williams,44597,DI,LA,17,1,0,26,47.5,2,13,296,100.0,5.1,15,1,3.2,2,316,316,17,0,47.9,1,2,86,100.0,5.8,5,4.1,2,94,94,5
Leki Fotu,44614,DI,ARZ,11,0,0,1,54.0,0,4,120,100.0,5.0,6,0,4.2,3,133,133,7,0,53.9,0,4,38,100.0,7.9,3,5.3,0,45,45,4
Luke Masterson,45046,LB,LV,13,0,0,23,54.1,0,0,4,4.2,0.0,0,0,0.0,0,95,4,0,0,60.0,0,0,1,3.1,0.0,0,0.0,0,32,1,0
Essang Bassey,45258,CB,LAC,12,0,0,27,47.4,1,1,7,3.4,0.0,0,2,14.3,0,232,8,2,0,52.8,1,1,3,2.4,0.0,0,33.3,0,126,3,2
Jordan Fuller,45326,S,LA,17,0,0,26,49.6,0,0,10,1.5,0.0,0,1,0.0,0,674,10,0,0,54.0,0,0,3,0.9,0.0,0,0.0,0,319,3,0
Eric Banks,45507,DI,ARZ,2,0,0,1,55.3,0,0,21,100.0,4.8,1,0,0.0,0,23,23,0,0,61.5,0,0,7,100.0,14.3,1,0.0,0,8,8,0
Brandon Stephens,45644,CB,BLT,16,1,0,3,73.3,0,0,5,0.7,0.0,0,4,0.0,0,728,5,0,0,55.8,0,0,2,0.5,0.0,0,0.0,0,386,2,0
Da'Shawn Hand,48386,DI,MIA,15,1,0,17,69.8,2,6,108,100.0,9.3,10,0,4.6,1,112,112,9,1,73.9,2,3,50,100.0,12.0,6,7.0,1,53,53,6
Jalyn Holmes,48400,DI,NYJ,5,0,0,22,54.0,0,1,34,100.0,0.0,0,2,4.4,1,35,35,2,0,58.4,0,1,12,100.0,0.0,0,12.5,1,12,12,2
Kentavius Street,48404,DI,ATL,13,1,0,2,59.5,0,7,150,98.8,6.0,9,1,3.0,1,160,158,8,0,62.1,0,4,65,98.6,9.2,6,4.6,1,71,70,5
Anthony Nelson,48405,ED,TB,16,1,0,30,61.5,3,10,178,75.7,11.2,20,1,4.8,2,247,187,15,0,58.9,2,7,79,77.6,13.9,11,7.0,1,107,83,10
Jonathan Greenard,48407,ED,HST,15,2,1,13,75.2,10,24,375,98.1,12.8,48,3,8.3,14,413,405,48,1,78.7,6,18,201,99.1,18.4,37,12.4,13,218,216,37
Mike Danna,48415,ED,KC,16,3,0,16,61.1,5,28,443,96.3,7.9,35,0,5.5,8,482,464,41,0,65.4,5,16,193,96.7,11.9,23,9.6,8,213,206,29
James Smith-Williams,48455,ED,WAS,13,0,1,32,50.0,6,16,237,98.4,6.8,16,1,5.1,1,250,246,23,0,53.6,4,10,109,98.3,10.1,11,7.3,1,117,115,15
Sam Hubbard,48457,ED,CIN,15,0,0,7,57.5,13,21,391,88.3,8.2,32,3,5.9,6,463,409,40,0,61.3,11,12,172,94.3,11.0,19,9.6,5,194,183,28
Tyquan Lewis,48475,ED,IND,17,3,1,14,76.6,8,31,251,100.0,17.1,43,2,9.8,5,259,259,44,2,75.8,5,19,133,100.0,20.3,27,11.3,3,138,138,27
Justin Hollins,48498,ED,LAC,11,0,0,27,46.8,0,7,100,88.1,4.0,4,1,4.5,1,118,104,8,0,47.3,0,4,53,88.7,3.8,2,5.7,1,62,55,5
Carl Granderson,48500,ED,NO,17,1,0,20,63.6,11,38,488,96.3,11.5,56,4,6.9,9,542,522,58,0,67.8,7,23,244,99.6,14.8,36,9.0,7,265,264,37
Chase Winovich,48523,ED,MIA,1,0,0,17,56.2,0,0,2,100.0,0.0,0,0,0.0,0,2,2,0,0,56.2,0,0,2,100.0,0.0,0,0.0,0,2,2,0
Bradley Chubb,48526,ED,MIA,16,1,1,17,84.9,13,44,445,89.3,16.6,74,4,9.3,13,532,475,70,0,85.0,6,30,214,91.7,20.6,44,11.7,7,252,231,43
Oshane Ximines,48538,ED,NYG,3,0,1,21,63.9,1,2,19,60.6,15.8,3,1,7.9,0,33,20,3,0,66.7,1,0,5,50.0,20.0,1,10.0,0,12,6,1
Dorance Armstrong,48557,ED,DAL,17,1,0,9,70.1,3,22,262,96.6,12.2,32,1,8.2,9,290,280,34,1,74.5,3,16,144,98.1,16.0,23,10.8,6,160,157,25
Malik Reed,48567,ED,LV,4,0,0,23,57.5,0,0,11,34.4,9.1,1,0,0.0,0,32,11,0,0,60.0,0,0,6,54.5,16.7,1,0.0,0,11,6,0
Harold Landry III,48600,ED,TEN,17,0,0,31,62.6,10,26,408,83.0,10.3,42,2,7.1,11,524,435,47,0,62.6,5,16,226,90.0,11.5,26,8.2,8,270,243,29
Tyler Lancaster,48604,DI,DEN,3,0,0,10,51.5,0,0,20,95.2,0.0,0,0,0.0,0,21,20,0,0,53.5,0,0,7,100.0,0.0,0,0.0,0,7,7,0
Roy Lopez,48676,DI,ARZ,14,0,0,1,60.6,1,14,171,100.0,8.8,15,1,4.4,0,182,182,15,0,62.4,0,6,51,100.0,11.8,6,5.9,0,53,53,6
Harrison Phillips,48690,DI,MIN,17,2,0,18,53.6,2,15,427,94.0,4.4,19,2,2.9,4,466,438,21,0,57.4,2,11,143,98.7,7.7,11,6.6,3,150,148,16
Daron Payne,48698,DI,WAS,17,3,1,32,57.1,6,24,548,99.5,6.0,33,4,3.6,5,578,575,35,1,61.7,5,17,258,99.3,10.1,26,5.8,4,278,276,26
Greg Gaines,48706,DI,TB,17,0,0,30,60.7,4,6,260,98.6,7.3,19,2,2.3,1,280,276,11,0,58.9,3,4,106,99.1,8.5,9,3.3,0,112,111,7
Rasheem Green,48731,ED,CHI,17,0,0,6,52.1,3,9,213,97.8,7.0,15,1,3.8,2,230,225,14,0,57.8,1,5,89,97.0,11.2,10,5.6,2,101,98,8
Marlon Davidson,48741,DI,TEN,5,0,0,31,57.0,0,2,92,99.0,4.3,4,0,2.2,1,100,99,3,0,61.0,0,2,35,100.0,8.6,3,2.9,0,39,39,2
Taven Bryan,48753,DI,IND,17,0,0,14,68.7,0,9,142,97.4,11.3,16,1,4.6,2,153,149,11,0,76.9,0,6,47,100.0,19.1,9,8.5,1,49,49,7
Bruce Hector,48759,DI,NYJ,2,0,0,22,53.4,0,0,13,100.0,0.0,0,0,0.0,0,13,13,0,0,59.7,0,0,1,100.0,0.0,0,0.0,0,1,1,0
Deadrin Senat,48815,DI,TB,2,0,0,30,54.9,0,0,8,100.0,0.0,0,0,0.0,0,8,8,0,0,58.2,0,0,2,100.0,0.0,0,0.0,0,2,2,0
L.J. Collier,48822,DI,ARZ,1,0,0,1,42.9,0,1,23,100.0,0.0,0,0,2.2,0,26,26,1,0,51.8,0,0,12,100.0,0.0,0,0.0,0,12,12,0
Michael Dogbe,48850,DI,HST,1,0,0,13,54.5,0,0,8,100.0,0.0,0,0,0.0,0,8,8,0,0,55.3,0,0,5,100.0,0.0,0,0.0,0,5,5,0
Eli Ankou,48856,DI,ATL,1,0,0,2,67.8,0,0,5,100.0,20.0,1,0,0.0,0,5,5,0,0,57.8,0,0,2,100.0,0.0,0,0.0,0,2,2,0
Daniel Ekuale,48874,DI,NE,3,0,0,19,51.8,0,0,36,100.0,2.8,1,0,0.0,0,38,38,0,0,49.5,0,0,17,100.0,0.0,0,0.0,0,18,18,0
Poona Ford,48875,DI,BUF,8,0,0,4,71.5,2,6,82,98.9,17.1,14,0,6.1,1,87,86,9,0,72.0,1,6,36,100.0,27.8,10,12.5,1,39,39,8
Taylor Stallworth,48935,DI,TEN,1,0,0,31,55.7,0,0,3,100.0,0.0,0,0,0.0,0,3,3,0,0,,0,0,0,,,0,,0,0,0,0
Justin Jones,48940,DI,CHI,17,3,0,6,52.5,13,18,471,97.4,5.7,27,2,4.4,5,500,487,36,1,54.2,8,16,247,97.7,8.5,21,6.9,5,264,258,29
Vita Vea,48956,DI,TB,15,0,0,30,72.3,3,21,364,98.7,11.8,43,1,4.9,6,392,387,30,0,76.3,3,16,174,99.5,17.2,30,7.8,4,189,188,23
Tim Settle,48966,DI,BUF,17,0,0,4,64.1,1,12,216,98.7,9.3,20,2,3.5,1,234,231,14,0,67.7,1,8,88,99.0,15.9,14,5.1,0,96,95,9
Kevin Strong,48981,DI,ARZ,14,1,0,1,61.2,0,9,220,100.0,6.8,15,2,3.4,3,229,229,12,0,59.3,0,5,69,100.0,7.2,5,6.5,2,72,72,7
Khalil Davis,48988,DI,HST,15,0,0,13,65.3,4,14,224,100.0,8.5,19,2,4.9,2,237,237,20,0,66.3,3,10,106,100.0,10.4,11,8.0,2,110,110,15
Kendal Vickers,48993,DI,BUF,2,0,0,4,60.6,0,2,28,100.0,7.1,2,0,3.6,0,31,31,2,0,54.9,0,0,11,100.0,0.0,0,0.0,0,14,14,0
Nick Scott,49012,S,CIN,17,0,0,7,75.0,1,4,27,7.2,7.4,2,1,9.3,0,388,28,5,0,85.7,1,2,10,6.5,20.0,2,15.0,0,170,11,3
Josh Woods,49023,LB,ARZ,11,0,0,1,52.8,1,2,27,8.8,7.4,2,0,5.6,0,307,27,3,0,55.3,1,0,10,7.7,10.0,1,5.0,0,130,10,1
Justin Reid,49048,S,KC,16,1,1,16,74.1,2,3,38,6.7,15.8,6,3,14.5,3,609,41,8,1,77.5,2,1,20,9.2,20.0,4,17.5,2,251,23,5
Tre Flowers,49059,CB,ATL,8,0,0,2,52.3,0,0,2,2.7,0.0,0,2,0.0,0,112,3,0,0,52.3,0,0,2,4.5,0.0,0,0.0,0,67,3,0
Khaleke Hudson,49073,LB,WAS,12,0,0,32,67.0,1,5,25,11.5,8.0,2,0,16.0,1,218,25,7,0,65.7,0,2,9,11.4,22.2,2,11.1,0,79,9,2
Jalen Thompson,49116,S,ARZ,15,0,0,1,69.6,2,2,15,2.9,0.0,0,3,20.0,1,525,15,5,0,64.0,1,0,6,3.0,0.0,0,8.3,0,201,6,1
Ryan Neal,49132,S,TB,15,0,0,30,45.7,0,2,19,5.5,0.0,0,1,5.3,0,348,19,2,0,47.4,0,1,10,7.5,0.0,0,5.0,0,133,10,1
Jessie Bates III,49162,S,ATL,17,0,0,2,59.2,1,3,14,2.3,0.0,0,1,14.3,0,658,15,4,0,61.4,1,2,7,2.2,0.0,0,21.4,0,325,7,3
Ezekiel Turner,49167,LB,ARZ,2,0,0,1,60.0,0,0,1,4.5,0.0,0,1,0.0,0,22,1,0,0,,0,0,0,0.0,,0,,0,8,0,0
Jordan Whitehead,49196,S,NYJ,17,0,0,22,53.7,0,1,5,0.8,0.0,0,1,30.0,1,603,5,2,0,56.3,0,1,2,0.7,0.0,0,75.0,1,279,2,2
Ronnie Harrison,49206,LB,IND,6,0,0,14,67.8,0,0,3,2.4,0.0,0,1,33.3,1,123,3,1,0,,0,0,0,0.0,,0,,0,48,0,0
Demetrius Flannigan-Fowles,49231,LB,SF,8,0,0,28,54.2,0,0,2,3.1,0.0,0,0,0.0,0,96,3,0,0,55.5,0,0,1,4.3,0.0,0,0.0,0,47,2,0
Andrew Wingard,49268,S,JAX,16,0,0,15,77.5,1,1,6,3.8,50.0,3,0,16.7,0,186,7,2,0,67.3,0,0,2,2.9,50.0,1,0.0,0,68,2,0
Carlton Davis III,49335,CB,TB,12,0,2,30,55.8,0,0,3,0.7,0.0,0,5,0.0,0,453,3,0,0,,0,0,0,0.0,,0,,0,204,0,0
Kindle Vildor,49346,CB,DET,6,0,0,11,74.9,1,0,2,1.4,0.0,0,3,25.0,0,148,2,1,0,,0,0,0,0.0,,0,,0,78,0,0
Chandon Sullivan,49349,CB,PIT,17,2,0,25,57.9,0,5,34,12.5,8.8,3,3,7.4,0,281,35,5,1,57.7,0,2,16,11.3,12.5,2,6.3,0,150,17,2
Jaire Alexander,49350,CB,GB,7,0,0,12,39.8,0,1,1,0.4,0.0,0,1,50.0,0,259,1,1,0,39.8,0,1,1,0.8,0.0,0,50.0,0,122,1,1
Ugo Amadi,49352,CB,NO,8,0,0,20,53.4,0,1,4,8.2,0.0,0,0,12.5,0,49,4,1,0,54.8,0,1,2,9.1,0.0,0,25.0,0,22,2,1
Greg Stroman Jr.,49354,CB,CHI,5,0,0,6,53.8,0,2,12,11.3,0.0,0,1,16.7,1,115,13,3,0,56.6,0,1,9,14.3,0.0,0,16.7,1,70,10,2
Isaac Yiadom,49355,CB,NO,15,0,1,20,60.0,0,1,1,0.3,0.0,0,2,50.0,0,320,1,1,0,,0,0,0,0.0,,0,,0,176,0,0
Chris Lammons,49368,CB,IND,1,0,0,14,56.5,0,0,2,4.3,0.0,0,1,0.0,0,46,2,0,0,60.0,0,0,1,3.4,0.0,0,0.0,0,29,1,0
C.J. Gardner-Johnson,49371,S,DET,3,0,0,11,54.0,0,1,5,3.8,0.0,0,1,10.0,0,133,5,1,0,58.5,0,0,1,1.4,0.0,0,0.0,0,72,1,0
Jaylon Jones,49374,CB,CHI,10,0,0,6,70.8,1,1,3,3.0,0.0,0,2,33.3,0,99,3,2,0,72.6,1,0,2,3.4,0.0,0,25.0,0,59,2,1
Donte Jackson,49377,CB,CAR,16,0,0,5,60.0,0,1,1,0.2,0.0,0,4,50.0,0,482,1,1,0,,0,0,0,0.0,,0,,0,186,0,0
Danny Johnson,49379,CB,WAS,8,0,0,32,52.7,0,0,4,2.6,0.0,0,1,0.0,0,155,4,0,0,60.0,0,0,1,1.2,0.0,0,0.0,0,82,1,0
Cam Lewis,49395,S,BUF,11,0,0,4,59.4,0,0,1,0.8,0.0,0,0,0.0,0,122,1,0,0,,0,0,0,0.0,,0,,0,78,0,0
M.J. Stewart,49397,S,HST,6,0,1,13,63.5,0,1,4,3.7,0.0,0,1,12.5,0,107,4,1,0,67.7,0,1,2,3.6,0.0,0,25.0,0,56,2,1
Donovan Wilson,49408,S,DAL,15,0,0,9,73.7,1,5,19,4.2,5.3,1,4,15.8,0,455,19,6,0,79.4,0,1,4,1.8,0.0,0,12.5,0,225,4,1
Julian Blackmon,49434,S,IND,15,1,0,14,50.2,1,3,18,3.4,5.6,1,0,11.1,0,564,19,4,0,51.0,0,0,4,1.4,0.0,0,0.0,0,278,4,0
Taron Johnson,49511,CB,BUF,17,0,1,4,70.0,1,6,30,5.2,13.3,4,6,15.0,1,635,33,8,0,79.1,1,3,13,4.7,15.4,2,23.1,1,300,14,5
Nick McCloud,49535,CB,NYG,10,0,0,21,56.4,0,0,2,1.1,0.0,0,0,0.0,0,184,2,0,0,60.0,0,0,1,1.5,0.0,0,0.0,0,66,1,0
Denzel Ward,49558,CB,CLV,13,0,0,8,55.5,0,0,2,0.5,0.0,0,3,0.0,0,399,2,0,0,,0,0,0,0.0,,0,,0,182,0,0
Ashtyn Davis,49560,S,NYJ,17,1,0,22,76.4,0,1,3,2.7,0.0,0,0,16.7,0,113,3,1,0,,0,0,0,0.0,,0,,0,40,0,0
Matt Dickerson,49601,DI,KC,12,0,0,16,53.9,0,1,91,99.0,3.3,3,0,0.5,0,96,95,1,0,60.8,0,1,20,100.0,10.0,2,2.5,0,21,21,1
Zach Allen,49605,DI,DEN,17,1,0,10,68.8,15,38,525,99.3,11.4,60,2,6.4,7,564,560,60,0,70.2,10,28,266,100.0,15.0,40,8.6,4,284,284,42
Nick Thurman,49607,DI,CAR,17,0,0,5,55.0,1,2,121,100.0,3.3,4,1,1.2,0,130,130,3,0,59.1,0,0,32,100.0,3.1,1,0.0,0,36,36,0
Markus Bailey,49681,LB,CIN,4,0,0,7,60.0,0,0,1,7.7,0.0,0,0,0.0,0,13,1,0,0,,0,0,0,0.0,,0,,0,2,0,0
Shaquille Leonard,49684,LB,PHI,14,0,0,24,64.3,0,4,17,5.5,0.0,0,0,17.6,1,307,17,5,0,74.8,0,2,4,3.3,0.0,0,50.0,1,122,4,3
Cole Holcomb,49753,LB,PIT,8,0,0,25,60.8,2,2,30,12.5,10.0,3,1,6.7,0,265,33,4,0,59.2,1,1,10,9.3,10.0,1,10.0,0,140,13,2
Quincy Williams,49779,LB,NYJ,17,0,1,22,69.2,2,3,39,6.6,10.3,4,5,11.5,2,617,41,7,0,75.4,0,3,23,8.8,17.4,4,15.2,2,284,25,5
Azeez Al-Shaair,49792,LB,TEN,17,0,0,31,46.8,4,7,54,8.8,0.0,0,4,12.0,1,667,59,12,0,43.3,0,3,18,7.1,0.0,0,8.3,0,296,21,3
Zaire Franklin,49834,LB,IND,16,0,0,14,56.8,1,4,42,6.9,4.8,2,2,10.7,2,619,43,7,0,64.0,1,3,26,9.2,7.7,2,15.4,2,293,27,6
Christian Rozeboom,49862,LB,LA,17,0,0,26,62.8,2,2,31,9.3,9.7,3,0,6.5,0,365,34,4,0,64.9,1,2,23,13.6,13.0,3,6.5,0,184,25,3
B.J. Hill,49894,DI,CIN,17,1,0,7,65.8,14,23,473,98.4,8.2,39,3,5.0,5,507,499,42,0,73.6,11,16,202,98.6,13.4,27,8.7,4,222,219,31
Sebastian Joseph-Day,49935,DI,SF,16,0,0,28,62.8,7,15,328,99.7,8.8,29,1,4.3,3,345,344,25,0,64.0,3,10,141,100.0,13.5,19,5.3,1,150,150,14
Jerry Tillery,49949,DI,LV,17,0,0,23,67.5,4,23,272,100.0,9.9,27,2,5.7,2,283,283,29,0,75.1,3,17,116,100.0,17.2,20,9.5,1,121,121,21
Derrick Nnadi,49970,DI,KC,17,1,0,16,51.8,0,8,229,96.0,2.2,5,2,2.2,1,250,240,9,0,54.2,0,3,65,93.3,3.1,2,3.8,1,75,70,4
Broderick Washington,50049,DI,BLT,16,0,0,3,54.3,2,13,229,98.0,5.2,12,0,4.1,2,244,239,17,0,57.0,2,10,118,98.4,6.8,8,6.8,2,128,126,14
Uchenna Nwosu,50084,ED,SEA,6,0,1,29,65.7,3,9,153,87.6,9.8,15,2,5.2,2,186,163,14,0,73.3,1,5,78,88.3,12.8,10,6.4,2,94,83,8
John Franklin-Myers,50088,ED,NYJ,17,2,0,22,67.4,12,35,336,98.9,14.0,47,2,7.9,3,363,359,50,0,68.2,8,23,171,100.0,18.7,32,10.8,3,185,185,34
Josh Sweat,50120,ED,PHI,17,1,0,24,74.1,16,45,536,96.1,14.7,79,6,7.0,7,587,564,68,0,80.1,12,36,289,98.4,21.5,62,10.0,5,310,305,53
Lorenzo Carter,50126,ED,ATL,17,0,0,2,60.2,6,12,208,94.6,7.2,15,0,5.8,3,239,226,21,0,61.8,4,8,100,96.4,11.0,11,8.0,2,112,108,14
Ogbo Okoronkwo,50130,ED,CLV,14,1,0,8,63.3,3,25,257,94.8,10.9,28,1,7.4,5,291,276,33,1,68.4,2,17,127,96.6,16.5,21,10.6,4,145,140,23
Jacob Martin,50152,ED,IND,17,0,1,14,71.5,1,11,104,100.0,17.3,18,1,7.7,2,107,107,14,0,72.4,0,8,42,100.0,23.8,10,11.9,1,43,43,9
Malcolm Roach,50191,DI,NO,12,3,0,20,62.9,2,4,137,98.7,4.4,6,0,2.2,0,151,149,6,2,64.7,0,2,47,100.0,6.4,3,2.1,0,54,54,2
Benning Potoa'e,50195,DI,WAS,1,0,0,32,53.5,0,0,10,100.0,0.0,0,0,0.0,0,11,11,0,0,55.3,0,0,3,100.0,0.0,0,0.0,0,3,3,0
Arden Key,50201,ED,TEN,17,0,1,31,73.0,4,29,443,96.6,12.6,56,5,5.3,7,493,476,40,0,73.7,3,20,224,98.8,16.1,36,6.5,3,245,242,26
Oren Burks,50203,LB,SF,15,0,0,28,49.6,1,5,11,6.5,9.1,1,0,36.4,1,185,12,7,0,60.5,1,4,6,8.5,16.7,1,58.3,1,71,6,6
Rashaan Evans,50213,LB,DAL,6,0,0,9,50.2,0,0,7,24.2,0.0,0,1,0.0,0,33,8,0,0,52.6,0,0,3,22.2,0.0,0,0.0,0,18,4,0
Josh Hines-Allen,50235,ED,JAX,17,0,0,15,89.4,17,54,493,85.1,20.5,101,1,11.1,19,603,513,90,0,91.3,13,43,218,88.2,33.5,73,17.4,10,262,231,66
Marquis Haynes Sr.,50244,ED,CAR,7,0,0,5,56.5,1,8,70,79.1,10.0,7,0,7.9,1,91,72,10,0,63.3,1,7,35,86.0,14.3,5,14.3,1,43,37,9
Marcus Davenport,50291,ED,MIN,4,0,0,18,60.1,2,3,72,98.7,9.7,7,0,6.3,2,78,77,7,0,55.7,1,3,31,100.0,9.7,3,12.9,2,33,33,6
Christian Wilkins,50293,DI,MIA,17,2,0,17,72.8,16,32,529,99.8,8.9,47,6,6.4,10,564,563,58,0,75.2,9,20,235,100.0,11.1,26,9.6,8,252,252,37
Nik Needham,50356,CB,MIA,10,0,0,17,56.3,0,0,2,3.3,0.0,0,1,0.0,0,61,2,0,0,60.0,0,0,1,2.0,0.0,0,0.0,0,50,1,0
Tre Herndon,50380,CB,JAX,15,1,0,15,87.0,3,4,25,6.6,8.0,2,1,14.0,0,394,26,7,0,89.4,3,3,13,6.1,7.7,1,23.1,0,213,13,6
Isaiah Oliver,50393,CB,SF,16,0,2,28,58.0,2,1,17,4.8,0.0,0,4,8.8,0,356,17,3,0,66.5,2,0,9,4.6,0.0,0,11.1,0,196,9,2
Juan Thornhill,50426,S,CLV,11,0,0,8,83.8,2,1,5,1.4,40.0,2,1,30.0,0,361,5,3,0,78.0,1,1,3,1.9,66.7,2,33.3,0,159,3,2
Mike Jackson,50437,CB,SEA,15,0,0,29,53.7,0,0,3,1.1,0.0,0,0,0.0,0,282,3,0,0,53.7,0,0,3,2.2,0.0,0,0.0,0,138,3,0
Parry Nickerson,50511,CB,MIA,3,0,0,17,68.4,0,0,5,10.2,0.0,0,2,0.0,0,59,6,0,0,55.3,0,0,2,5.9,0.0,0,0.0,0,34,2,0
Mike Ford,50535,CB,CLV,11,0,0,8,64.7,0,0,6,5.3,16.7,1,1,0.0,0,114,6,0,0,55.0,0,0,2,3.4,0.0,0,0.0,0,58,2,0
Charles Omenihu,50612,ED,KC,11,2,1,16,70.4,5,17,238,98.0,11.8,28,2,7.6,7,256,251,29,1,76.2,4,11,120,98.5,17.5,21,10.4,5,130,128,20
Josey Jewell,50720,LB,DEN,16,0,0,10,71.6,1,8,67,15.1,10.4,7,1,11.2,3,476,72,12,0,81.9,1,7,37,17.8,13.5,5,18.9,3,225,40,11
Cody Barton,50727,LB,WAS,13,0,0,32,61.1,2,7,32,7.0,6.3,2,3,14.1,0,487,34,9,0,66.1,2,4,15,7.2,13.3,2,20.0,0,221,16,6
Jordyn Brooks,50851,LB,SEA,16,0,1,29,85.0,1,6,40,9.5,7.5,3,2,23.8,6,455,43,13,0,85.8,0,0,19,10.3,10.5,2,21.1,4,185,19,4
Roquan Smith,50892,LB,BLT,16,1,0,3,60.1,2,9,86,12.5,9.3,8,2,8.7,2,742,93,13,0,65.5,2,7,47,13.3,12.8,6,11.7,1,377,50,10
Andre Smith,50897,LB,ATL,5,0,0,2,68.3,0,0,3,6.3,0.0,0,0,0.0,0,48,3,0,0,55.7,0,0,2,8.0,0.0,0,0.0,0,25,2,0
Tremaine Edmunds,50905,LB,CHI,15,0,2,6,42.5,0,4,42,7.3,4.8,2,2,4.8,0,589,43,4,0,47.1,0,3,22,8.3,9.1,2,6.8,0,277,23,3
Robert Spillane,50918,LB,LV,17,0,1,23,87.7,2,13,52,8.3,19.2,10,2,22.1,4,661,55,19,0,86.7,0,10,32,11.6,28.1,9,21.9,2,292,34,12
Leighton Vander Esch,50950,LB,DAL,5,0,0,9,51.0,1,2,27,18.9,0.0,0,0,5.6,0,164,31,3,0,54.4,1,1,14,19.0,0.0,0,7.1,0,84,16,2
Bobby Okereke,50954,LB,NYG,17,1,1,21,59.2,3,14,126,20.5,7.9,10,7,9.1,3,663,136,20,0,56.8,3,6,53,26.3,9.4,5,12.3,2,232,61,11
Ja'Whaun Bentley,50966,LB,NE,16,1,0,19,63.8,7,11,121,21.5,4.1,5,0,10.7,4,587,126,22,0,65.3,6,9,73,28.7,6.8,5,15.8,4,265,76,19
Frankie Luvu,51028,LB,CAR,17,1,0,5,90.1,5,8,100,19.8,19.0,19,0,13.5,7,526,104,20,0,84.8,3,5,45,24.3,17.8,8,22.2,6,202,49,14
Tyrel Dodson,51045,LB,BUF,15,0,0,4,73.7,4,4,38,12.9,10.5,4,1,18.4,3,317,41,11,0,64.7,2,3,19,15.4,15.8,3,13.2,0,136,21,5
Shaquille Quarterman,51048,LB,JAX,3,0,0,15,53.8,0,0,2,66.7,0.0,0,0,0.0,0,3,2,0,0,,0,0,0,,,0,,0,0,0,0
Jahlani Tavai,51055,LB,NE,17,0,0,19,63.5,4,8,78,20.5,9.0,7,2,9.0,1,419,86,13,0,64.4,2,4,24,17.3,20.8,5,12.5,0,150,26,6
Julian Love,51081,S,SEA,17,0,1,29,90.0,1,1,4,0.7,0.0,0,3,25.0,0,549,4,2,0,90.7,1,1,3,1.2,0.0,0,33.3,0,252,3,2
Taylor Rapp,51172,S,BUF,14,0,1,4,77.1,0,3,4,1.7,50.0,2,3,37.5,0,289,5,3,0,,0,0,0,0.0,,0,,0,158,0,0
P.J. Locke,51189,S,DEN,12,0,0,10,93.3,0,0,11,3.2,18.2,2,2,27.3,3,345,11,3,0,95.2,0,0,5,2.9,40.0,2,40.0,2,170,5,2
Andre Chachere,51194,S,ARZ,17,0,0,1,49.3,0,1,8,2.7,0.0,0,0,6.3,0,293,8,1,0,56.3,0,0,2,1.7,0.0,0,0.0,0,121,2,0
Minkah Fitzpatrick,51206,S,PIT,10,0,0,25,57.7,0,1,17,5.6,5.9,1,3,2.9,0,321,18,1,0,59.6,0,1,6,4.1,0.0,0,8.3,0,171,7,1
Fred Warner,51222,LB,SF,17,3,0,28,77.6,3,9,52,8.2,5.8,3,2,17.3,3,682,56,15,1,68.9,1,6,33,10.7,6.1,2,16.7,2,328,35,9
Tracy Walker III,51266,S,DET,12,0,2,11,84.3,2,4,9,2.4,11.1,1,2,44.4,1,369,9,7,0,70.5,0,1,2,1.0,0.0,0,75.0,1,198,2,2
Drue Tranquill,51276,LB,KC,15,0,0,16,89.3,2,11,48,14.0,18.8,9,0,24.0,5,356,50,18,0,72.6,1,6,22,16.9,22.7,5,20.5,1,136,23,8
Mike Edwards,51282,S,KC,17,0,1,16,70.5,1,1,8,2.5,0.0,0,2,25.0,1,438,11,3,0,58.8,1,1,6,3.6,0.0,0,16.7,0,220,8,2
Terrell Edmunds,51334,S,TEN,15,0,0,31,76.1,0,1,16,4.9,12.5,2,2,15.6,2,345,17,3,0,90.3,0,0,8,5.1,12.5,1,25.0,2,177,9,2
Will Harris,51336,CB,DET,11,0,0,11,46.4,1,2,7,6.0,0.0,0,2,21.4,0,134,8,3,0,47.9,1,2,5,8.2,0.0,0,30.0,0,73,6,3
Micah Abernathy,51344,S,ATL,2,0,0,2,57.2,0,1,2,10.0,0.0,0,0,25.0,0,20,2,1,0,,0,0,0,0.0,,0,,0,13,0,0
Derwin James Jr.,51368,S,LAC,16,1,1,27,69.5,1,4,39,6.8,2.6,1,8,11.5,2,601,41,7,0,65.8,0,2,15,5.7,0.0,0,20.0,2,264,15,4
Amani Hooker,51378,S,TEN,13,0,0,31,48.3,0,2,9,1.8,0.0,0,0,11.1,0,514,9,2,0,50.7,0,1,2,0.9,0.0,0,25.0,0,225,2,1
Marcus Epps,51391,S,LV,17,0,0,23,57.5,0,0,10,1.9,10.0,1,0,0.0,0,626,12,0,0,55.3,0,0,1,0.7,0.0,0,0.0,0,284,2,0
Kaden Elliss,51485,LB,ATL,17,1,0,2,73.3,2,20,95,15.9,13.7,13,2,15.8,4,634,101,26,0,73.5,1,16,61,20.8,18.0,11,17.2,2,312,65,19
Dre Greenlaw,51503,LB,SF,15,0,1,28,57.1,2,3,46,8.0,6.5,3,5,9.8,2,601,48,7,0,66.7,1,2,22,8.0,13.6,3,15.9,2,287,23,5
Kenny Moore II,51596,CB,IND,16,0,0,14,68.1,0,2,23,4.5,0.0,0,5,13.0,2,622,28,4,0,71.0,0,2,9,4.3,0.0,0,33.3,2,303,13,4
Nicholas Morrow,51674,LB,PHI,15,0,0,24,81.1,3,3,39,7.3,17.9,7,2,15.4,3,534,39,9,0,87.7,0,2,17,7.0,29.4,5,23.5,3,243,17,5
Khyiris Tonga,52000,DI,MIN,13,0,0,18,70.4,2,7,78,100.0,15.4,12,0,5.8,0,79,79,9,0,80.2,1,5,24,100.0,29.2,7,12.5,0,24,24,6
Paulson Adebo,52280,CB,NO,15,0,2,20,52.0,0,0,3,0.5,0.0,0,9,0.0,0,571,3,0,0,60.0,0,0,1,0.4,0.0,0,0.0,0,280,1,0
Ivan Pace Jr.,53587,LB,MIN,17,0,1,18,78.0,6,6,106,25.5,21.7,23,1,8.5,3,428,109,15,0,62.9,4,2,45,31.2,20.0,9,6.7,0,154,48,6
Benton Whitley,54444,ED,NYG,3,1,0,21,51.4,0,1,7,87.5,0.0,0,0,7.1,0,8,7,1,0,39.8,0,1,2,66.7,0.0,0,25.0,0,3,2,1
Malcolm Koonce,55015,ED,LV,17,0,1,23,78.9,10,34,331,97.5,14.2,47,1,9.1,8,353,344,52,0,78.0,8,23,168,98.3,18.5,31,12.8,6,180,177,37
Darrick Forrest,55087,S,WAS,5,0,0,32,51.5,0,0,5,2.5,0.0,0,0,0.0,0,198,5,0,0,51.5,0,0,5,4.9,0.0,0,0.0,0,102,5,0
Coby Bryant,55088,S,SEA,6,0,0,29,75.3,1,1,7,7.1,14.3,1,0,14.3,0,98,7,2,0,58.4,0,0,1,1.8,0.0,0,0.0,0,57,1,0
Boye Mafe,55220,ED,SEA,16,4,0,29,77.8,7,42,419,93.9,13.1,55,2,8.0,9,472,443,58,1,83.6,4,29,197,96.8,20.3,40,11.9,7,218,211,40
Mark Robinson,55265,LB,PIT,8,0,0,25,64.4,0,1,4,7.7,0.0,0,1,37.5,1,65,5,2,0,53.6,0,0,2,13.0,0.0,0,0.0,0,23,3,0
Kalia Davis,55389,DI,SF,3,0,0,28,64.4,0,1,29,97.1,3.4,1,0,5.2,1,34,33,2,0,74.2,0,1,14,100.0,7.1,1,10.7,1,16,16,2
Ja'Sir Taylor,55426,CB,LAC,13,0,1,27,53.4,2,2,16,4.2,6.3,1,3,12.5,0,377,16,4,0,50.2,0,1,3,1.4,0.0,0,16.7,0,211,3,1
Elijah Hicks,55584,S,CHI,12,0,0,6,76.5,0,1,2,0.6,0.0,0,0,25.0,0,324,2,1,0,59.0,0,0,1,0.6,0.0,0,0.0,0,155,1,0
Josh Blackwell,55589,CB,CHI,3,0,0,6,60.3,1,0,1,8.3,0.0,0,0,50.0,0,12,1,1,0,,0,0,0,0.0,,0,,0,3,0,0
Marco Wilson,55592,CB,NE,12,0,0,19,48.0,0,1,1,0.3,0.0,0,4,50.0,0,400,1,1,0,,0,0,0,0.0,,0,,0,148,0,0
CJ Henderson,55593,CB,CAR,10,0,2,5,79.2,0,2,3,1.5,0.0,0,3,66.7,1,201,3,3,0,,0,0,0,0.0,,0,,0,61,0,0
Lonnie Johnson Jr.,55615,S,NO,9,0,1,20,55.4,0,0,2,1.8,0.0,0,1,0.0,0,112,2,0,0,58.3,0,0,1,1.5,0.0,0,0.0,0,67,1,0
Amik Robertson,55619,CB,LV,14,0,1,23,74.7,0,0,4,0.9,0.0,0,5,25.0,1,423,4,1,0,,0,0,0,0.0,,0,,0,205,0,0
Russ Yeast,55629,S,LA,17,0,1,26,61.3,0,3,14,2.8,0.0,0,3,10.7,0,508,14,3,0,67.7,0,2,8,3.1,0.0,0,12.5,0,257,8,2
Tre Brown,55677,CB,SEA,15,0,1,29,80.5,0,0,2,0.5,0.0,0,9,50.0,1,380,2,1,0,60.0,0,0,1,0.6,0.0,0,0.0,0,180,1,0
Deommodore Lenoir,55686,CB,SF,17,0,1,28,62.7,0,2,16,2.5,12.5,2,7,6.3,0,683,17,2,0,75.7,0,1,5,1.8,20.0,1,10.0,0,327,6,1
Darious Williams,55724,CB,JAX,17,0,0,15,57.1,0,1,2,0.3,0.0,0,0,25.0,0,707,2,1,0,60.0,0,1,1,0.3,0.0,0,50.0,0,309,1,1
Xavier McKinney,55775,S,NYG,17,2,0,21,58.5,0,4,44,7.4,2.3,1,2,4.5,0,663,49,4,0,54.8,0,2,14,6.9,7.1,1,7.1,0,232,16,2
Kamren Curl,55800,S,WAS,16,0,1,32,49.5,2,5,20,3.2,0.0,0,1,17.5,0,659,21,7,0,53.4,2,3,11,3.8,0.0,0,22.7,0,318,12,5
Grant Stuard,55933,LB,IND,4,0,0,14,49.6,1,1,7,38.9,0.0,0,0,14.3,0,18,7,2,0,50.6,0,1,4,66.7,0.0,0,12.5,0,6,4,1
Nate Hobbs,55948,CB,LV,13,0,1,23,45.8,0,4,23,4.9,0.0,0,4,13.0,1,494,24,5,0,38.9,0,2,5,2.2,0.0,0,20.0,0,231,5,2
Tony Adams,55953,S,NYJ,15,0,0,22,56.2,0,6,8,1.6,0.0,0,2,37.5,0,514,8,6,0,50.2,0,3,4,1.7,0.0,0,37.5,0,240,4,3
Raheem Layne,55960,S,LAC,3,0,0,27,60.0,0,0,1,1.9,0.0,0,1,0.0,0,52,1,0,0,,0,0,0,0.0,,0,,0,34,0,0
Geno Stone,55967,S,BLT,17,0,0,3,48.5,0,3,11,1.7,0.0,0,0,13.6,0,659,11,3,0,54.0,0,1,3,0.9,0.0,0,16.7,0,340,3,1
Markquese Bell,56033,LB,DAL,17,1,1,9,69.0,0,2,19,5.0,5.3,1,3,5.3,0,403,20,2,0,65.7,0,2,9,4.6,11.1,1,11.1,0,195,9,2
Mike Brown,56054,S,TEN,8,0,0,31,59.1,1,0,1,1.3,0.0,0,1,50.0,0,77,1,1,0,,0,0,0,0.0,,0,,0,37,0,0
Benjamin St-Juste,56061,CB,WAS,16,0,2,32,77.2,0,0,11,1.7,27.3,3,11,9.1,1,650,11,1,0,52.4,0,0,3,1.0,0.0,0,0.0,0,305,3,0
Reed Blankenship,56065,S,PHI,15,0,0,24,59.2,2,0,8,1.4,0.0,0,1,12.5,0,626,9,2,0,59.9,1,0,6,1.9,0.0,0,8.3,0,320,6,1
Nephi Sewell,56107,LB,NO,6,0,0,20,52.1,0,0,4,14.8,0.0,0,0,0.0,0,27,4,0,0,58.9,0,0,1,11.1,0.0,0,0.0,0,9,1,0
Damarri Mathis,56143,CB,DEN,11,0,2,10,53.4,0,0,3,1.2,0.0,0,4,0.0,0,256,3,0,0,54.9,0,0,2,1.6,0.0,0,0.0,0,125,2,0
Jason Pinnock,56144,S,NYG,16,0,0,21,66.2,2,6,38,6.8,15.8,6,1,15.8,2,587,40,10,0,82.1,1,2,12,6.5,33.3,4,29.2,2,199,13,5
Tre Avery,56146,CB,TEN,10,0,2,31,68.5,0,0,1,0.5,100.0,1,5,0.0,0,212,1,0,0,68.5,0,0,1,1.1,100.0,1,0.0,0,93,1,0
DaRon Bland,56158,CB,DAL,17,0,0,9,71.6,1,1,3,0.5,0.0,0,4,33.3,0,596,3,2,0,54.5,0,1,2,0.7,0.0,0,25.0,0,293,2,1
Marte Mapu,56159,S,NE,13,0,0,19,59.5,0,0,7,6.3,14.3,1,2,0.0,0,112,7,0,0,67.3,0,0,2,5.9,50.0,1,0.0,0,34,2,0
Keisean Nixon,56167,CB,GB,17,0,0,12,68.6,0,0,5,0.9,0.0,0,4,20.0,1,540,5,1,0,73.6,0,0,3,1.0,0.0,0,33.3,1,291,3,1
Ifeatu Melifonwu,56203,S,DET,10,0,1,11,92.0,2,2,11,4.3,18.2,2,1,45.5,3,280,12,7,0,84.4,2,2,7,4.7,14.3,1,42.9,1,149,7,5
Quentin Lake,56245,CB,LA,14,0,0,26,64.5,0,2,15,5.2,13.3,2,3,6.7,0,326,17,2,0,56.5,0,2,9,5.5,11.1,1,11.1,0,183,10,2
Darnay Holmes,56247,CB,NYG,8,0,0,21,54.1,0,0,1,2.5,0.0,0,1,0.0,0,79,2,0,0,56.8,0,0,0,2.4,,0,,0,41,1,0
Elijah Molden,56290,S,TEN,15,0,0,31,53.8,0,2,24,5.9,8.3,2,2,4.2,0,460,27,2,0,52.9,0,2,12,5.9,8.3,1,8.3,0,236,14,2
Jalen Harris,56321,ED,WAS,5,1,0,32,53.7,1,0,37,97.6,5.4,2,0,1.4,0,42,41,1,0,49.2,0,0,11,100.0,0.0,0,0.0,0,15,15,0
BJ Thompson,56330,ED,KC,1,0,0,16,59.0,0,1,20,100.0,10.0,2,0,2.5,0,20,20,1,0,60.4,0,0,8,100.0,12.5,1,0.0,0,8,8,0
Chris Rumph II,56345,ED,LAC,6,0,0,27,59.9,0,5,58,90.0,10.3,6,0,4.3,0,70,63,5,0,64.2,0,5,39,93.5,15.4,6,6.4,0,46,43,5
Victor Dimukeje,56347,ED,ARZ,16,0,0,1,66.7,3,16,143,79.5,12.6,18,0,10.1,5,190,151,24,0,66.8,1,7,46,83.3,19.6,9,17.4,4,60,50,12
Zach Carter,56349,DI,CIN,17,1,0,7,53.9,1,12,248,100.0,4.4,11,1,2.6,0,259,259,13,0,53.5,0,6,70,100.0,10.0,7,4.3,0,74,74,6
A.J. Epenesa,56369,ED,BUF,15,6,1,4,75.9,4,18,208,96.5,7.7,16,2,8.7,7,229,221,29,1,85.5,3,10,90,97.0,13.3,12,11.7,4,99,96,17
Andre Jones Jr.,56395,ED,WAS,9,3,0,32,52.2,0,6,85,96.9,3.5,3,0,3.5,0,96,93,6,0,48.3,0,4,40,93.6,7.5,3,5.0,0,47,44,4
Neil Farrell Jr.,56401,DI,KC,3,1,0,16,59.1,0,0,20,100.0,0.0,0,0,0.0,0,22,22,0,1,65.9,0,0,5,100.0,0.0,0,0.0,0,6,6,0
Earnest Brown IV,56428,DI,LA,7,0,0,26,59.6,0,2,30,100.0,10.0,3,0,3.3,0,31,31,2,0,62.1,0,2,14,100.0,14.3,2,7.1,0,14,14,2
Chase Young,56436,ED,SF,16,1,1,28,75.8,8,48,448,98.4,15.2,68,4,8.5,10,488,480,66,0,69.7,2,32,220,97.5,19.1,42,10.9,7,244,238,41
Yetur Gross-Matos,56444,ED,CAR,12,0,0,5,65.2,5,9,183,78.7,9.8,18,2,6.6,5,244,192,19,0,67.5,3,5,73,82.1,16.4,12,9.6,3,95,78,11
Patrick Johnson,56460,ED,PHI,2,0,0,24,46.1,1,1,18,86.4,5.6,1,0,5.6,0,22,19,2,0,45.8,1,1,6,100.0,16.7,1,16.7,0,6,6,2
Cam Sample,56462,ED,CIN,17,1,0,7,62.4,5,15,201,94.5,9.0,18,1,6.0,2,220,208,22,1,61.7,2,7,93,98.0,10.8,10,5.9,1,100,98,10
Matt Henningsen,56484,DI,DEN,17,2,0,10,54.2,1,3,110,100.0,1.8,2,0,1.8,0,112,112,4,2,56.5,0,1,41,100.0,2.4,1,1.2,0,41,41,1
LaBryan Ray,56501,DI,CAR,16,0,0,5,44.9,0,3,131,100.0,0.8,1,0,1.1,0,139,139,3,0,50.3,0,2,31,100.0,3.2,1,3.2,0,35,35,2
Isaiah Buggs,56503,DI,DET,10,2,0,11,59.5,0,4,132,99.3,4.5,6,0,2.3,1,145,144,5,0,49.6,0,1,50,100.0,0.0,0,1.0,0,58,58,1
Phidarian Mathis,56504,DI,WAS,10,0,0,32,66.5,1,2,89,100.0,7.9,7,0,1.7,0,96,96,3,0,70.0,1,1,37,100.0,13.5,5,2.7,0,41,41,2
D.J. Davidson,56523,DI,NYG,15,3,0,21,68.1,0,3,109,100.0,4.6,5,2,2.3,1,113,113,4,1,63.0,0,0,19,100.0,0.0,0,5.3,1,21,21,1
T.J. Slaton,56597,DI,GB,17,1,1,12,61.3,1,13,253,100.0,6.3,16,1,2.8,0,277,277,14,1,70.2,0,8,75,100.0,13.3,10,5.3,0,84,84,8
Malik Herring,56616,ED,KC,7,1,0,16,55.0,0,3,88,94.9,4.5,4,0,4.0,2,98,93,5,0,50.8,0,0,31,100.0,3.2,1,3.2,1,33,33,1
Payton Turner,56624,ED,NO,2,0,0,20,58.2,2,1,13,100.0,7.7,1,0,11.5,0,13,13,3,0,62.9,1,1,6,100.0,16.7,1,16.7,0,6,6,2
Mike Greene,56664,DI,TB,10,0,0,30,59.5,0,4,91,99.0,4.4,4,1,2.2,0,98,97,4,0,68.3,0,4,35,97.5,8.6,3,5.7,0,40,39,4
Phil Hoskins,56672,DI,ARZ,5,0,0,1,53.3,0,1,57,100.0,3.5,2,0,0.9,0,57,57,1,0,55.8,0,0,21,100.0,4.8,1,0.0,0,21,21,0
Quinton Bohanna,56673,DI,TEN,6,0,0,31,50.1,0,0,34,100.0,0.0,0,1,0.0,0,38,38,0,0,52.5,0,0,10,100.0,0.0,0,0.0,0,12,12,0
Milton Williams,56682,DI,PHI,16,0,0,24,58.8,8,13,293,100.0,7.2,21,1,3.9,1,307,307,22,0,66.1,6,10,133,100.0,12.0,16,6.8,1,141,141,17
DJ Johnson,56704,ED,CAR,13,1,0,5,53.3,0,3,77,85.6,3.9,3,0,1.9,0,97,83,3,0,55.8,0,2,20,87.5,10.0,2,5.0,0,24,21,2
Kwity Paye,56713,ED,IND,16,0,0,14,62.2,2,18,395,99.3,10.4,41,0,4.6,8,413,410,28,0,67.5,1,10,217,100.0,12.9,28,5.8,7,224,224,18
Jordan Elliott,56734,DI,CLV,17,0,1,8,62.3,0,9,218,99.1,7.8,17,6,3.4,3,233,231,12,0,70.6,0,4,73,98.7,17.8,13,2.7,0,78,77,4
Jordon Riley,56759,DI,NYG,8,0,0,21,51.6,0,0,58,98.3,1.7,1,0,0.0,0,60,59,0,0,51.3,0,0,17,100.0,0.0,0,0.0,0,17,17,0
Kurt Hinish,56787,DI,HST,17,0,0,13,54.1,1,9,225,99.2,5.8,13,4,2.7,1,240,238,11,0,53.2,1,5,79,100.0,7.6,6,5.1,1,81,81,7
Austin Faoliu,56800,DI,SEA,2,0,0,29,65.6,0,0,5,100.0,0.0,0,0,0.0,0,6,6,0,0,68.9,0,0,1,100.0,0.0,0,0.0,0,2,2,0
Javon Kinlaw,56834,DI,SF,17,2,1,28,70.3,2,25,300,99.4,10.3,31,3,5.8,4,324,322,31,2,80.3,1,24,149,100.0,18.1,27,9.7,2,159,159,27
Kingsley Jonathan,56856,ED,BUF,12,0,0,4,74.7,2,5,67,98.6,11.9,8,0,6.7,1,73,72,8,0,71.7,1,1,38,97.7,7.9,3,5.3,1,43,42,3
Arnold Ebiketie,56862,ED,ATL,17,1,0,2,70.1,4,17,163,70.9,11.7,19,0,10.7,7,247,175,28,0,66.5,3,13,110,89.3,13.6,15,11.8,5,131,117,21
Ta'Quon Graham,56868,DI,ATL,15,0,0,2,58.7,1,8,163,98.9,6.7,11,1,3.4,1,176,174,10,0,56.1,0,3,60,100.0,6.7,4,2.5,0,64,64,3
Micheal Clemons,56872,ED,NYJ,16,0,0,22,57.9,1,6,149,99.4,9.4,14,1,3.0,1,158,157,8,0,67.3,0,4,52,100.0,19.2,10,3.8,0,54,54,4
Jayden Peevy,56876,DI,TEN,1,0,0,31,55.3,0,0,3,100.0,0.0,0,0,0.0,0,4,4,0,0,57.2,0,0,2,100.0,0.0,0,0.0,0,2,2,0
Jaelan Phillips,56902,ED,MIA,8,1,1,17,71.2,4,16,198,86.7,13.1,26,1,8.6,7,240,208,27,0,74.4,3,11,92,88.2,19.6,18,14.1,6,110,97,20
Jay Tufele,56913,DI,CIN,8,0,0,7,54.3,0,1,41,100.0,2.4,1,0,1.2,0,42,42,1,0,59.0,0,1,12,100.0,8.3,1,4.2,0,12,12,1
Dayo Odeyingbo,56923,ED,IND,17,2,0,14,68.2,7,10,349,99.7,9.7,34,6,5.9,12,366,365,29,1,75.2,3,7,180,100.0,12.2,22,8.3,10,191,191,20
DeAngelo Malone,56941,ED,ATL,1,0,0,2,58.3,0,1,1,100.0,0.0,0,0,50.0,0,1,1,1,0,58.3,0,1,1,100.0,0.0,0,50.0,0,1,1,1
Cory Durden,56976,DI,LA,4,0,0,26,57.4,0,1,23,100.0,4.3,1,0,2.2,0,23,23,1,0,56.2,0,0,4,100.0,0.0,0,0.0,0,4,4,0
Larrell Murchison,57004,DI,LA,15,0,0,26,46.3,0,5,122,100.0,4.1,5,0,2.0,0,128,128,5,0,57.0,0,2,42,100.0,9.5,4,2.4,0,45,45,2
Marlon Tuipulotu,57035,DI,PHI,14,0,0,24,55.3,0,4,78,100.0,3.8,3,0,5.1,2,81,81,6,0,56.0,0,1,26,100.0,0.0,0,9.6,2,28,28,3
Brandon Pili,57036,DI,MIA,3,0,0,17,52.3,0,1,11,100.0,0.0,0,0,4.5,0,13,13,1,0,53.4,0,1,7,100.0,0.0,0,7.1,0,8,8,1
Troy Andersen,57317,LB,ATL,2,0,0,2,56.6,0,2,10,12.0,10.0,1,1,20.0,1,83,10,3,0,57.1,0,2,9,15.3,11.1,1,22.2,1,59,9,3
Jack Gibbens,57662,LB,TEN,14,1,0,31,77.4,1,6,21,7.1,9.5,2,0,21.4,1,312,22,8,0,70.3,0,1,9,9.4,11.1,1,16.7,1,96,9,2
D'Marco Jackson,57691,LB,NO,2,0,0,20,60.0,0,0,1,16.7,0.0,0,0,0.0,0,6,1,0,0,,0,0,0,0.0,,0,,0,1,0,0
Tony Fields II,57698,LB,CLV,13,0,0,8,48.2,0,2,16,13.2,0.0,0,0,6.3,0,121,16,2,0,53.3,0,1,4,9.8,0.0,0,12.5,0,41,4,1
Jon Rhattigan,57718,LB,SEA,3,0,0,29,59.3,0,0,1,12.5,0.0,0,0,0.0,0,8,1,0,0,59.3,0,0,1,33.3,0.0,0,0.0,0,3,1,0
Chandler Wooten,57726,LB,CAR,2,0,0,5,55.9,0,0,3,15.0,0.0,0,0,0.0,0,20,3,0,0,58.4,0,0,1,25.0,0.0,0,0.0,0,4,1,0
K.J. Britt,57727,LB,TB,9,0,0,30,63.4,0,1,17,18.1,17.6,3,0,8.8,1,94,17,2,0,56.8,0,1,7,23.3,14.3,1,7.1,0,30,7,1
Jalen Pitre,57737,S,HST,15,1,2,13,68.5,3,4,30,5.6,10.0,3,4,11.7,0,555,31,7,0,66.5,0,1,9,3.7,11.1,1,5.6,0,272,10,1
Terrel Bernard,57739,LB,BUF,17,1,0,4,78.2,2,10,63,11.2,14.3,9,3,22.2,8,644,72,20,0,75.3,2,4,35,13.3,20.0,7,22.9,5,301,40,11
Isaiah McDuffie,57754,LB,GB,13,0,0,12,64.4,1,2,27,9.6,14.8,4,2,9.3,1,303,29,4,0,64.5,1,1,14,9.7,21.4,3,7.1,0,155,15,2
Baylon Spector,57782,LB,BUF,2,0,0,4,60.0,0,0,1,7.7,0.0,0,0,0.0,0,13,1,0,0,,0,0,0,0.0,,0,,0,2,0,0
Nate Landman,57788,LB,ATL,14,0,0,2,52.7,2,4,39,9.1,2.6,1,1,12.8,2,438,40,8,0,51.9,1,1,23,13.5,0.0,0,8.7,1,171,23,3
James Houston,57810,ED,DET,2,0,1,11,64.7,1,1,13,60.9,23.1,3,1,7.7,0,23,14,2,0,65.2,1,1,11,75.0,27.3,3,9.1,0,16,12,2
Mykal Walker,57834,LB,PIT,8,0,0,25,68.0,0,3,13,9.8,30.8,4,1,11.5,0,173,17,3,0,64.3,0,2,5,12.9,20.0,1,20.0,0,70,9,2
Monty Rice,57839,LB,NO,5,0,0,20,50.4,1,0,6,15.0,0.0,0,0,8.3,0,40,6,1,0,54.5,0,0,3,20.0,0.0,0,0.0,0,15,3,0
Robert Beal Jr.,57840,ED,SF,3,0,0,28,53.7,0,2,25,100.0,0.0,0,0,8.0,1,27,27,3,0,49.4,0,1,12,100.0,0.0,0,4.2,0,13,13,1
Del'Shawn Phillips,57868,LB,BLT,7,0,0,3,54.9,0,0,2,5.3,0.0,0,0,0.0,0,38,2,0,0,54.9,0,0,2,8.0,0.0,0,0.0,0,25,2,0
Jake Hummel,57879,LB,LA,4,0,0,26,57.7,0,0,2,5.4,0.0,0,0,0.0,0,37,2,0,0,58.9,0,0,1,4.5,0.0,0,0.0,0,22,1,0
Kyron Johnson,57890,ED,PIT,1,0,0,25,58.3,0,0,1,100.0,0.0,0,0,0.0,0,1,1,0,0,58.3,0,0,1,100.0,0.0,0,0.0,0,1,1,0
Jamin Davis,57905,LB,WAS,13,0,0,32,71.6,1,4,54,13.7,11.1,6,3,10.2,3,446,61,8,0,62.3,1,2,23,14.4,13.0,3,10.9,1,202,29,4
Josh Paschal,57908,ED,DET,12,0,0,11,53.7,2,10,240,98.1,5.8,14,0,2.9,1,263,258,13,0,56.0,1,8,130,97.3,7.7,10,4.2,1,146,142,10
Patrick Queen,57941,LB,BLT,17,0,0,3,70.1,2,18,101,14.0,17.8,18,1,13.9,4,767,107,24,0,65.9,2,11,51,13.4,19.6,10,16.7,2,395,53,15
K'Lavon Chaisson,57945,ED,JAX,17,0,0,15,58.2,6,6,147,83.2,6.8,10,3,5.4,2,185,154,14,0,57.6,2,3,55,83.8,10.9,6,4.5,0,68,57,5
J.J. Russell,57958,LB,TB,1,0,0,30,75.0,0,3,13,35.1,15.4,2,0,19.2,1,37,13,4,0,84.3,0,2,8,50.0,25.0,2,25.0,1,16,8,3
Willie Gay,57987,LB,KC,16,3,0,16,53.7,2,10,61,18.6,3.3,2,0,11.5,1,354,66,13,0,50.2,1,2,17,18.8,5.9,1,14.7,1,101,19,4
Jeremiah Owusu-Koramoah,58089,LB,CLV,16,1,1,8,84.2,1,11,71,16.2,18.3,13,2,14.1,4,462,75,16,0,67.3,1,4,29,14.7,13.8,4,12.1,1,211,31,6
Pete Werner,58093,LB,NO,16,0,0,20,52.0,0,8,69,13.6,5.8,4,3,7.2,1,545,74,9,0,55.3,0,2,39,17.6,10.3,4,5.1,1,233,41,3
Baron Browning,58095,ED,DEN,10,2,0,10,74.7,5,25,232,87.5,12.5,29,4,8.6,5,281,246,35,1,75.9,4,14,117,87.9,16.2,19,11.1,4,141,124,22
Kenneth Murray Jr.,58099,LB,LAC,15,0,0,27,63.9,2,9,76,13.4,10.5,8,1,11.2,3,588,79,14,0,69.4,1,5,39,15.1,15.4,6,12.8,2,272,41,8
Derrick Barnes,58120,LB,DET,16,0,0,11,59.0,4,14,95,23.1,13.7,13,0,10.5,1,432,100,19,0,60.0,2,12,61,30.7,16.4,10,13.1,1,215,66,15
Devin Lloyd,58238,LB,JAX,15,0,1,15,59.2,2,9,65,10.6,10.8,7,4,8.5,0,624,66,11,0,63.9,1,5,30,11.4,16.7,5,10.0,0,263,30,6
Joe Tryon-Shoyinka,58272,ED,TB,17,1,0,30,69.0,4,17,265,76.3,11.7,31,5,5.8,5,367,280,26,0,77.6,2,14,138,85.1,18.1,25,9.4,5,175,149,21
Michael Carter II,60644,CB,NYJ,15,0,0,22,52.8,1,4,18,4.0,0.0,0,1,13.9,0,452,18,5,0,47.2,1,2,8,3.2,0.0,0,18.8,0,250,8,3
Grant Delpit,60685,S,CLV,13,1,0,8,71.5,2,9,39,9.3,2.6,1,1,16.7,1,440,41,12,0,66.0,1,6,16,9.1,6.3,1,28.1,1,197,18,8
Malcolm Rodriguez,60731,LB,DET,11,0,0,11,58.7,0,1,15,19.2,13.3,2,0,3.3,0,78,15,1,0,54.6,0,0,11,22.4,9.1,1,0.0,0,49,11,0
Garret Wallow,60761,LB,TEN,3,0,0,31,56.1,0,0,2,6.9,0.0,0,0,0.0,0,29,2,0,0,,0,0,0,0.0,,0,,0,8,0,0
Isaiah Pola-Mao,60781,S,LV,9,0,0,23,69.1,0,0,0,1.5,,0,0,,1,66,1,1,0,59.4,0,0,0,6.3,,0,,0,16,1,0
Peyton Hendershot,60915,TE,DAL,1,0,0,9,60.0,0,0,1,100.0,0.0,0,2,0.0,0,1,1,0,0,,0,0,0,,,0,,0,0,0,0
Keion White,60998,ED,NE,16,2,0,19,52.3,4,15,292,96.8,6.2,18,0,3.6,1,311,301,20,1,53.5,4,10,131,97.8,9.2,12,6.1,1,139,136,15
Quintin Morris,61182,TE,BUF,1,0,0,4,60.0,0,0,1,100.0,0.0,0,0,0.0,0,1,1,0,0,,0,0,0,,,0,,0,0,0,0
Dominique Robinson,61436,ED,CHI,11,1,0,6,45.5,0,4,146,93.9,1.4,2,2,2.1,1,165,155,5,0,42.8,0,2,76,93.3,1.3,1,1.3,0,89,83,2
Daiyan Henley,61500,LB,LAC,5,0,0,27,55.2,0,0,3,8.3,0.0,0,0,0.0,0,36,3,0,0,55.6,0,0,2,7.7,0.0,0,0.0,0,26,2,0
Tariq Woolen,61790,CB,SEA,16,0,1,29,52.0,0,1,4,0.7,0.0,0,9,12.5,0,545,4,1,0,60.0,0,0,1,0.4,0.0,0,0.0,0,232,1,0
Alex Cook,61805,S,CAR,3,0,0,5,60.0,0,0,1,1.2,0.0,0,0,0.0,0,82,1,0,0,,0,0,0,0.0,,0,,0,33,0,0
Christian Elliss,61853,LB,NE,6,0,0,19,67.4,0,3,9,11.8,22.2,2,0,16.7,0,76,9,3,0,75.1,0,2,5,13.9,40.0,2,20.0,0,36,5,2
Theo Jackson,62919,S,MIN,15,0,0,18,65.0,1,0,5,4.8,0.0,0,0,10.0,0,105,5,1,0,52.8,0,0,3,10.0,0.0,0,0.0,0,30,3,0
Matthew Butler,62931,DI,LV,2,0,0,23,63.0,0,0,7,100.0,14.3,1,0,0.0,0,7,7,0,0,67.1,0,0,3,100.0,33.3,1,0.0,0,3,3,0
Princeton Fant,62982,TE,DAL,1,0,0,9,60.0,0,0,1,100.0,0.0,0,0,0.0,0,1,1,0,0,,0,0,0,,,0,,0,0,0,0
Jack Cochrane,63345,LB,KC,6,1,0,16,52.6,0,1,15,13.0,0.0,0,0,3.3,0,115,15,1,0,46.9,0,1,9,18.0,0.0,0,5.6,0,50,9,1
Akayleb Evans,65033,CB,MIN,15,0,1,18,62.9,0,0,5,0.9,20.0,1,4,0.0,0,529,5,0,0,66.7,0,0,1,0.5,100.0,1,0.0,0,194,1,0
Samuel Womack III,65771,CB,SF,5,0,0,28,60.0,0,0,0,2.3,,0,0,,0,43,1,0,0,,0,0,0,0.0,,0,,0,26,0,0
John Ridgeway,66694,DI,WAS,17,1,0,32,56.7,0,9,155,100.0,5.8,9,0,2.9,0,164,164,9,0,58.3,0,4,52,100.0,9.6,5,3.8,0,56,56,4
Kobie Turner,66894,DI,LA,17,2,0,26,80.5,6,31,450,100.0,12.9,58,1,6.6,11,476,476,48,0,78.9,6,21,251,100.0,14.3,36,9.4,10,268,268,37
Zach Sieler,66917,DI,MIA,17,3,1,17,68.0,11,36,499,100.0,8.4,42,3,6.5,9,532,532,56,1,76.8,10,29,229,100.0,15.3,35,12.4,9,245,245,48
Dennis Gardeck,66928,ED,ARZ,17,0,0,1,81.2,8,28,229,68.4,17.9,41,2,10.5,6,354,242,42,0,80.1,4,17,125,83.4,20.8,26,12.4,5,157,131,26
Jonathan Owens,66930,S,GB,15,0,0,12,71.2,0,0,3,0.6,0.0,0,4,33.3,1,472,3,1,0,73.6,0,0,2,0.8,0.0,0,50.0,1,245,2,1
Tavierre Thomas,66931,CB,HST,7,0,0,13,44.3,0,0,12,5.4,0.0,0,3,0.0,0,239,13,0,0,48.0,0,0,5,4.7,0.0,0,0.0,0,128,6,0
Drake Jackson,70839,ED,SF,8,1,0,28,64.1,0,11,146,98.7,11.0,16,0,5.8,3,157,155,14,0,67.0,0,10,85,100.0,14.1,12,9.4,3,89,89,13
Trent McDuffie,72191,CB,KC,16,2,1,16,91.7,7,6,53,9.2,9.4,5,2,17.9,3,608,56,16,0,92.2,5,3,23,9.6,8.7,2,30.4,3,251,24,11
Chad Muma,75818,LB,JAX,8,1,0,15,53.7,0,3,12,15.2,0.0,0,1,12.5,0,92,14,3,0,50.2,0,1,4,13.2,0.0,0,12.5,0,38,5,1
Tanner McCalister,76591,CB,CLV,1,0,0,8,55.6,0,0,2,10.5,0.0,0,0,0.0,0,19,2,0,0,,0,0,0,0.0,,0,,0,9,0,0
Asante Samuel Jr.,76625,CB,LAC,17,0,1,27,59.1,0,0,1,0.1,0.0,0,4,0.0,0,673,1,0,0,,0,0,0,0.0,,0,,0,310,0,0
Andre Cisco,76641,S,JAX,15,0,0,15,56.7,0,0,16,3.2,6.3,1,2,6.3,1,571,18,1,0,63.4,0,0,8,4.1,12.5,1,12.5,1,242,10,1
Juanyeh Thomas,76655,S,DAL,14,0,0,9,53.3,0,1,3,2.7,0.0,0,0,16.7,0,113,3,1,0,58.3,0,1,1,1.4,0.0,0,50.0,0,72,1,1
Chamarri Conner,76662,S,KC,16,0,0,16,51.4,0,5,21,10.0,4.8,1,0,11.9,0,211,21,5,0,72.6,0,1,2,2.3,50.0,1,25.0,0,88,2,1
D'Shawn Jamison,76791,CB,CAR,6,0,0,5,77.3,0,0,2,3.3,50.0,1,0,0.0,0,61,2,0,0,,0,0,0,0.0,,0,,0,19,0,0
KJ Henry,76808,ED,WAS,9,1,0,32,53.4,0,9,146,97.5,6.2,9,1,3.8,1,159,155,10,0,58.2,0,8,64,95.8,10.9,7,7.8,1,71,68,9
Myjai Sanders,76816,ED,HST,7,0,0,13,58.6,2,6,80,100.0,12.5,10,0,5.0,0,83,83,8,0,60.7,2,4,40,100.0,15.0,6,7.5,0,42,42,6
Ronnie Perkins,76830,ED,DEN,7,0,0,10,52.4,1,4,64,77.4,3.1,2,1,3.9,0,84,65,5,0,49.8,0,1,23,85.7,0.0,0,2.2,0,28,24,1
Tyler Lacy,76836,DI,JAX,15,0,0,15,55.3,3,2,72,100.0,4.2,3,0,3.5,0,74,74,5,0,63.8,2,2,25,100.0,8.0,2,8.0,0,26,26,4
Ochaun Mathis,76838,ED,LA,6,0,0,26,50.7,1,4,51,94.6,5.9,3,0,4.9,0,56,53,5,0,53.7,0,4,31,97.1,9.7,3,6.5,0,34,33,4
Will McDonald IV,76842,ED,NYJ,15,0,0,22,68.9,1,7,94,98.0,16.0,15,0,8.5,4,101,99,12,0,73.4,0,5,44,100.0,22.7,10,12.5,3,47,47,8
Desjuan Johnson,76850,DI,LA,10,0,0,26,53.4,0,3,57,100.0,5.3,3,0,6.1,2,60,60,5,0,57.0,0,3,35,100.0,8.6,3,10.0,2,37,37,5
Nesta Jade Silvera,76888,DI,LV,2,0,0,23,52.2,0,0,12,100.0,0.0,0,0,0.0,0,12,12,0,0,55.0,0,0,5,100.0,0.0,0,0.0,0,5,5,0
Greg Rousseau,76889,ED,BUF,16,3,0,4,73.4,13,36,348,95.9,15.5,54,0,8.8,6,386,370,55,1,69.2,8,21,163,94.1,17.8,29,10.7,3,185,174,32
Travis Jones,76914,DI,BLT,17,1,0,3,66.1,2,18,265,97.9,9.1,24,1,4.5,2,286,280,22,0,65.2,0,15,135,97.9,12.6,17,7.0,2,146,143,17
Logan Hall,76919,DI,TB,16,1,0,30,62.0,2,15,311,99.7,8.7,27,0,2.7,0,330,329,17,1,64.3,2,12,145,99.3,10.3,15,4.8,0,151,150,14
Moro Ojomo,76927,DI,PHI,5,0,0,24,57.5,0,0,38,100.0,7.9,3,0,0.0,0,39,39,0,0,55.9,0,0,13,100.0,7.7,1,0.0,0,13,13,0
Keondre Coburn,76928,DI,TEN,5,0,0,31,61.5,0,3,49,100.0,8.2,4,0,3.1,0,49,49,3,0,65.3,0,0,13,100.0,15.4,2,0.0,0,13,13,0
Dante Stills,76937,DI,ARZ,15,0,0,1,53.8,1,15,268,100.0,5.2,14,1,4.5,4,288,288,20,0,52.7,1,8,98,100.0,5.1,5,6.6,2,107,107,11
Karl Brooks,76941,DI,GB,17,4,0,12,68.2,4,17,242,99.6,10.7,26,1,6.0,4,256,255,25,3,69.0,4,12,146,100.0,13.7,20,7.5,3,158,158,19
Alim McNeill,76996,DI,DET,13,1,0,11,76.2,5,24,323,99.7,12.1,39,0,6.0,5,349,348,34,1,77.8,2,15,137,99.3,15.3,21,8.4,3,151,150,20
Yasir Abdullah,77100,ED,JAX,5,0,1,15,62.9,1,3,24,86.2,12.5,3,1,8.3,0,29,25,4,0,79.8,1,2,9,100.0,33.3,3,16.7,0,9,9,3
Zaven Collins,77190,ED,ARZ,17,0,0,1,61.9,2,24,257,70.8,10.1,26,0,6.6,4,384,272,30,0,61.5,1,17,119,82.5,15.1,18,8.4,1,154,127,19
Brian Asamoah II,77195,LB,MIN,5,0,0,18,68.3,0,1,3,27.3,33.3,1,0,16.7,0,11,3,1,0,59.1,0,0,1,33.3,0.0,0,0.0,0,3,1,0
Nik Bonitto,77196,ED,DEN,15,0,0,10,69.5,12,26,261,84.7,13.0,34,1,10.7,9,326,276,47,0,72.0,6,16,140,91.3,17.9,25,11.4,5,161,147,27
Joseph Ossai,77205,ED,CIN,14,0,0,7,64.1,6,4,102,93.2,13.7,14,0,5.9,1,117,109,11,0,59.1,2,3,46,100.0,15.2,7,7.6,1,51,51,6
Delarrin Turner-Yell,77836,S,DEN,8,0,0,10,81.8,1,1,3,2.8,33.3,1,0,33.3,0,108,3,2,0,67.3,0,1,3,5.7,33.3,1,16.7,0,53,3,1
Tre'von Moehrig,77847,S,LV,17,0,2,23,64.7,0,2,10,1.5,0.0,0,2,20.0,1,666,10,3,0,80.8,0,0,1,0.3,0.0,0,100.0,1,293,1,1
Ar'Darius Washington,77848,CB,BLT,2,0,0,3,74.5,1,0,7,7.6,0.0,0,0,21.4,1,92,7,2,0,54.1,0,0,2,4.7,0.0,0,0.0,0,43,2,0
Derion Kendrick,78022,CB,LA,17,1,1,26,74.4,0,0,1,0.2,0.0,0,11,0.0,0,565,1,0,0,,0,0,0,0.0,,0,,0,271,0,0
Cobie Durant,79126,CB,LA,16,0,1,26,63.0,2,1,11,2.5,0.0,0,3,13.6,0,437,11,3,0,64.2,1,0,5,2.0,0.0,0,10.0,0,245,5,1
Christian Benford,79181,CB,BUF,15,0,1,4,58.8,0,1,1,0.2,0.0,0,5,50.0,0,545,1,1,0,58.8,0,1,1,0.4,0.0,0,50.0,0,271,1,1
Travis Bell,79253,DI,CIN,2,0,0,7,54.4,0,0,8,100.0,0.0,0,0,0.0,0,8,8,0,0,55.6,0,0,4,100.0,0.0,0,0.0,0,4,4,0
Nick Hampton,81162,ED,LA,7,1,0,26,71.0,0,2,29,76.9,6.9,2,0,3.4,0,39,30,2,0,64.9,0,1,13,93.3,7.7,1,3.8,0,15,14,1
Cam Jones,81244,LB,KC,1,0,0,16,84.3,0,1,6,14.0,33.3,2,0,8.3,0,57,8,1,0,79.7,0,1,3,16.7,33.3,1,16.7,0,30,5,1
Micah McFadden,81246,LB,NYG,16,0,0,21,64.2,4,8,81,23.9,11.1,9,0,9.9,2,360,86,14,0,58.2,2,5,29,36.9,13.8,4,15.5,1,84,31,8
Damone Clark,81282,LB,DAL,17,0,0,9,55.8,3,5,49,12.1,8.2,4,1,8.2,0,422,51,8,0,64.5,3,5,23,14.2,17.4,4,17.4,0,176,25,8
Nick Bolton,81322,LB,KC,8,0,1,16,68.5,0,6,29,11.7,6.9,2,1,20.7,3,274,32,9,0,65.0,0,4,13,14.2,15.4,2,23.1,1,113,16,5
Dylan Horton,81335,ED,HST,10,0,0,13,50.7,1,4,92,97.0,6.5,6,0,2.7,0,99,96,5,0,54.6,1,3,44,97.8,9.1,4,4.5,0,46,45,4
Micah Parsons,81360,ED,DAL,17,0,1,9,93.7,18,69,473,96.8,24.1,114,7,12.6,16,530,513,103,0,93.6,12,49,241,97.1,30.7,74,18.0,13,272,264,74
Jesse Luketa,81361,ED,ARZ,10,0,0,1,54.1,1,3,31,62.7,9.7,3,0,6.5,0,51,32,4,0,48.4,0,2,11,68.8,18.2,2,9.1,0,16,11,2
Ernest Jones,81399,LB,LA,15,1,0,26,78.2,2,26,128,22.2,19.5,25,1,14.8,5,598,133,33,0,78.5,2,20,78,28.8,25.6,20,17.9,3,271,78,25
Brenton Cox Jr.,81957,ED,GB,1,0,0,12,60.0,0,0,1,100.0,100.0,1,0,0.0,0,1,1,0,0,,0,0,0,,,0,,0,0,0,0
Azeez Ojulari,81959,ED,NYG,11,0,0,21,50.7,5,17,256,91.7,5.5,14,0,5.5,3,289,265,25,0,58.4,4,12,108,90.5,11.1,12,10.2,3,126,114,19
Odafe Oweh,82161,ED,BLT,13,0,0,3,78.5,8,38,296,94.9,18.2,54,3,9.5,5,332,315,51,0,79.7,3,28,153,96.4,24.8,38,12.7,4,166,160,35
Christian Barmore,82198,DI,NE,17,5,1,19,84.9,7,34,459,100.0,13.3,61,3,6.2,8,478,478,49,2,90.7,4,26,225,100.0,21.3,48,9.3,6,233,233,36
Teair Tart,82261,DI,HST,13,0,1,13,65.2,3,3,168,97.3,4.8,8,2,2.4,1,188,183,7,0,57.4,0,2,54,100.0,3.7,2,1.9,0,59,59,2
Devonte Wyatt,82268,DI,GB,17,0,1,12,80.4,4,34,286,99.7,15.4,44,4,9.1,7,306,305,45,0,79.3,2,24,146,100.0,20.5,30,12.3,5,155,155,31
Aidan Hutchinson,82330,ED,DET,17,3,1,11,91.2,23,67,581,95.3,21.3,124,3,9.6,11,655,624,101,1,92.3,18,51,303,94.8,28.4,86,14.4,9,349,331,78
Eku Leota,82363,ED,CAR,6,0,0,5,59.3,2,1,28,71.4,3.6,1,0,5.4,0,42,30,3,0,60.9,1,1,11,76.5,9.1,1,9.1,0,17,13,2
Cameron Thomas,82387,ED,ARZ,15,1,0,1,64.8,0,16,186,91.7,11.3,21,1,4.3,0,218,200,16,0,62.6,0,11,86,95.8,14.0,12,6.4,0,96,92,11
Kingsley Enagbare,82409,ED,GB,17,0,0,12,65.5,6,16,192,90.0,10.4,20,1,6.8,2,230,207,24,0,60.5,5,9,92,94.3,14.1,13,7.6,0,105,99,14
Bobby Brown III,82429,DI,LA,13,0,0,26,66.1,0,5,143,100.0,7.0,10,0,2.4,1,154,154,6,0,71.4,0,2,26,100.0,15.4,4,3.8,0,29,29,2
Tyree Wilson,82432,ED,LV,17,0,1,23,50.4,4,16,295,97.2,6.4,19,3,4.7,4,317,308,24,0,54.8,2,10,143,98.7,7.7,11,6.3,3,156,154,15
Otito Ogbonnia,82450,DI,LAC,8,0,0,27,60.1,2,6,101,100.0,8.9,9,0,4.0,0,104,104,8,0,70.2,1,5,35,100.0,20.0,7,8.6,0,35,35,6
Scott Matlock,82482,DI,LAC,12,0,0,27,46.5,1,2,123,99.2,1.6,2,0,1.2,0,132,131,3,0,51.6,1,0,37,97.5,2.7,1,1.4,0,40,39,1
Cameron Young,82499,DI,SEA,14,1,0,29,60.9,1,2,94,100.0,5.3,5,0,1.6,0,100,100,3,0,60.7,1,1,32,100.0,6.3,2,3.1,0,33,33,2
PJ Mustipher,82505,DI,NO,4,0,0,20,63.2,0,0,17,100.0,11.8,2,0,0.0,0,18,18,0,0,63.1,0,0,7,100.0,14.3,1,0.0,0,7,7,0
Quay Walker,82547,LB,GB,14,0,0,12,60.7,2,10,62,12.8,8.1,5,1,14.5,3,509,65,15,0,47.8,1,6,32,14.2,6.3,2,14.1,1,246,35,8
Jack Sanborn,82566,LB,CHI,17,0,0,6,56.3,0,5,20,9.9,10.0,2,1,17.5,1,213,21,6,0,59.3,0,1,6,8.9,0.0,0,25.0,1,79,7,2
Jerry Jacobs,83025,CB,DET,13,0,0,11,73.3,1,1,4,0.8,25.0,1,9,25.0,0,483,4,2,0,,0,0,0,0.0,,0,,0,264,0,0
Mekhi Blackmon,83036,CB,MIN,15,0,0,18,60.0,0,0,1,0.3,0.0,0,0,0.0,0,330,1,0,0,,0,0,0,0.0,,0,,0,124,0,0
Starling Thomas V,83098,CB,ARZ,11,0,0,1,60.0,0,0,1,0.4,0.0,0,3,0.0,0,247,1,0,0,60.0,0,0,1,1.1,0.0,0,0.0,0,93,1,0
Pat Surtain II,83119,CB,DEN,17,0,0,10,74.0,0,1,5,0.9,20.0,1,6,10.0,0,675,6,1,0,56.2,0,0,1,0.3,0.0,0,0.0,0,326,1,0
Jalyn Armour-Davis,83120,CB,BLT,3,0,0,3,60.0,0,0,1,4.5,0.0,0,0,0.0,0,22,1,0,0,,0,0,0,0.0,,0,,0,15,0,0
Josh Jobe,83122,CB,PHI,8,0,1,24,60.0,0,0,1,0.6,0.0,0,5,0.0,0,180,1,0,0,,0,0,0,0.0,,0,,0,91,0,0
Jamien Sherwood,83175,LB,NYJ,15,1,0,22,79.4,0,1,7,13.5,14.3,1,0,7.1,0,52,7,1,0,59.1,0,0,1,14.3,0.0,0,0.0,0,7,1,0
Roger McCreary,83176,CB,TEN,15,0,0,31,70.0,0,5,37,6.6,16.2,6,5,12.2,2,580,38,7,0,70.5,0,1,12,4.4,25.0,3,4.2,0,271,12,1
Tyson Campbell,83217,CB,JAX,11,0,2,15,60.0,0,0,0,0.3,,0,3,,0,395,1,0,0,,0,0,0,0.0,,0,,0,159,0,0
Divaad Wilson,83218,CB,ARZ,2,0,0,1,60.0,0,1,1,2.3,0.0,0,1,50.0,0,44,1,1,0,60.0,0,1,1,4.2,0.0,0,50.0,0,24,1,1
Otis Reese IV,83219,LB,TEN,3,0,0,31,56.5,0,0,2,4.4,0.0,0,0,0.0,0,45,2,0,0,,0,0,0,0.0,,0,,0,13,0,0
Quan Martin,83236,S,WAS,12,0,0,32,90.7,0,1,15,6.4,13.3,2,0,10.0,1,249,16,2,0,92.1,0,1,8,6.8,12.5,1,6.3,0,132,9,1
Kerby Joseph,83239,S,DET,15,1,1,11,83.7,0,1,4,0.7,25.0,1,2,12.5,0,585,4,1,0,59.1,0,0,1,0.3,0.0,0,0.0,0,316,1,0
Sydney Brown,83241,S,PHI,13,0,1,24,49.9,0,0,6,2.6,0.0,0,1,0.0,0,227,6,0,0,58.3,0,0,1,0.9,0.0,0,0.0,0,114,1,0
Kaevon Merriweather,83257,S,TB,7,0,0,30,65.1,0,1,4,5.8,25.0,1,0,12.5,0,86,5,1,0,71.7,0,1,1,2.9,100.0,1,50.0,0,34,1,1
Riley Moss,83259,CB,DEN,8,0,0,10,59.1,0,0,0,4.5,,0,0,,0,22,1,0,0,59.1,0,0,0,7.7,,0,,0,13,1,0
Percy Butler,83271,S,WAS,15,0,0,32,62.5,0,1,5,0.9,20.0,1,0,10.0,0,530,5,1,0,55.4,0,0,2,0.8,0.0,0,0.0,0,253,2,0
Eric Garror,83274,CB,TEN,9,0,1,31,80.9,1,0,5,2.1,20.0,1,2,10.0,0,236,5,1,0,84.5,1,0,4,3.3,25.0,1,12.5,0,123,4,1
Jordan Howden,83305,S,NO,15,0,0,20,77.1,1,1,9,2.4,33.3,3,1,22.2,1,382,9,3,0,61.2,0,1,5,2.3,40.0,2,10.0,0,218,5,1
Greg Newsome II,83341,CB,CLV,14,1,1,8,66.2,0,2,19,4.3,5.3,1,5,10.5,1,486,21,3,0,56.8,0,1,9,3.9,0.0,0,16.7,1,231,9,2
Christian Izien,83360,CB,TB,17,0,0,30,45.6,1,8,67,12.7,7.5,5,6,6.7,0,528,67,9,0,48.0,1,7,28,10.1,10.7,3,14.3,0,276,28,8
Kyler Gordon,83451,CB,CHI,13,0,0,6,54.8,1,4,38,8.6,5.3,2,3,9.2,1,467,40,6,0,50.6,1,1,12,5.5,8.3,1,8.3,0,254,14,2
Alontae Taylor,83469,CB,NO,17,0,0,20,48.6,0,3,35,6.2,2.9,1,5,7.1,1,599,37,4,0,49.0,0,2,21,7.1,0.0,0,9.5,1,295,21,3
Tyreke Smith,83513,ED,ARZ,3,0,0,1,54.1,0,0,6,100.0,0.0,0,0,0.0,0,6,6,0,0,57.0,0,0,2,100.0,0.0,0,0.0,0,2,2,0
Amari Burney,83811,LB,LV,4,0,0,23,48.8,0,2,4,8.5,25.0,1,0,25.0,0,47,4,2,0,48.9,0,2,3,13.6,33.3,1,33.3,0,22,3,2
Jevon Holland,83873,S,MIA,12,0,0,17,51.7,0,1,6,1.4,0.0,0,0,8.3,0,440,6,1,0,54.1,0,1,3,1.5,0.0,0,16.7,0,203,3,1
Talanoa Hufanga,83903,S,SF,10,0,0,28,76.3,2,1,13,3.8,15.4,2,2,11.5,0,399,15,3,0,62.8,0,0,4,2.6,25.0,1,0.0,0,193,5,0
Khalil Shakir,84140,WR,BUF,1,0,0,4,60.0,0,0,1,100.0,0.0,0,1,0.0,0,1,1,0,0,,0,0,0,,,0,,0,0,0,0
Markees Watts,84537,ED,TB,6,0,0,30,71.4,1,4,26,71.1,23.1,6,1,13.5,1,38,27,6,0,73.7,1,4,15,64.0,26.7,4,23.3,1,25,16,6
LaCale London,87179,DI,ATL,7,0,0,2,56.9,0,5,86,97.9,5.8,5,1,2.9,0,96,94,5,0,53.1,0,1,34,100.0,2.9,1,1.5,0,36,36,1
John Cominsky,88313,DI,DET,16,1,0,11,51.8,7,20,354,98.9,7.9,28,0,4.4,2,379,375,29,1,57.4,7,17,193,99.0,11.9,23,7.3,2,209,207,26
Brevin Allen,88418,ED,LAC,1,0,0,27,55.3,0,0,4,80.0,0.0,0,0,0.0,0,5,4,0,0,59.1,0,0,1,50.0,0.0,0,0.0,0,2,1,0
Kyle Dugger,90621,S,NE,17,0,0,19,66.5,3,10,52,8.2,15.4,8,2,16.3,2,671,55,15,0,67.1,3,6,29,9.7,20.7,6,19.0,1,300,29,10
Brodric Martin,91288,DI,DET,3,0,0,11,53.4,0,0,13,100.0,0.0,0,0,0.0,0,13,13,0,0,57.1,0,0,3,100.0,0.0,0,0.0,0,3,3,0
Hunter Luepke,91319,FB,DAL,1,0,0,9,60.0,0,0,1,100.0,0.0,0,0,0.0,0,1,1,0,0,,0,0,0,,,0,,0,0,0,0
E.J. Speed,94351,LB,IND,16,0,0,14,69.1,1,5,40,9.6,7.5,3,4,10.0,1,436,42,7,0,74.3,1,4,20,9.7,15.0,3,12.5,0,227,22,5
Jonathan Harris,94361,DI,DEN,17,0,0,10,51.3,2,10,282,99.3,5.3,15,0,2.5,1,297,295,13,0,56.2,1,7,129,99.3,8.5,11,3.9,1,134,133,9
Jordan Davis,94854,DI,PHI,17,1,0,24,67.3,1,13,268,100.0,7.1,19,0,4.1,4,282,282,18,0,75.2,1,7,89,100.0,12.4,11,7.9,3,96,96,11
Nic Jones,97327,CB,KC,1,0,0,16,70.7,1,0,4,7.8,25.0,1,0,12.5,0,51,4,1,0,77.8,1,0,2,7.4,50.0,1,25.0,0,27,2,1
Cameron Mitchell,97340,CB,CLV,13,0,0,8,68.4,0,1,11,5.1,18.2,2,0,13.6,1,216,11,2,0,69.0,0,0,3,2.8,33.3,1,0.0,0,108,3,0
Nick Cross,97514,S,IND,14,0,0,14,70.4,0,0,7,4.0,28.6,2,0,0.0,0,173,7,0,0,84.8,0,0,3,3.4,66.7,2,0.0,0,87,3,0
Dax Hill,97519,S,CIN,17,0,1,7,67.2,3,6,26,4.0,7.7,2,4,25.0,2,676,27,11,0,65.9,0,4,7,2.8,28.6,2,28.6,0,283,8,4
Dorian Williams,97694,LB,BUF,12,0,0,4,57.5,2,0,17,13.4,11.8,2,2,5.9,0,127,17,2,0,64.4,1,0,12,21.8,16.7,2,4.2,0,55,12,1
Ronnie Hickman Jr.,97702,S,CLV,10,0,0,8,57.4,0,2,2,0.9,0.0,0,0,50.0,0,223,2,2,0,,0,0,0,0.0,,0,,0,111,0,0
Adetomiwa Adebawore,97934,DI,IND,9,0,0,14,62.5,2,2,66,100.0,7.6,5,1,6.1,2,70,70,6,0,66.6,1,2,27,100.0,14.8,4,9.3,1,30,30,4
Derick Hall,98130,ED,SEA,17,1,0,29,57.4,4,7,132,84.6,7.6,10,0,4.2,0,162,137,11,1,63.2,2,5,55,85.3,12.7,7,6.4,0,68,58,7
Colby Wooden,98312,DI,GB,17,0,0,12,64.4,1,9,105,100.0,8.6,9,0,5.7,1,115,115,11,0,61.0,1,4,39,100.0,10.3,4,6.4,0,45,45,5
Alex Wright,98318,ED,CLV,16,1,0,8,62.4,1,15,209,94.9,8.6,18,4,6.2,5,235,223,21,1,61.1,0,8,100,97.2,11.0,11,6.0,2,109,106,10
George Karlaftis,98319,ED,KC,16,3,1,16,66.3,5,48,432,92.3,12.7,55,1,8.7,11,491,453,64,0,65.1,3,27,186,88.7,16.7,31,12.4,8,221,196,38
Siaki Ika,98328,DI,CLV,4,1,0,8,51.6,1,0,51,98.2,0.0,0,3,1.0,0,55,54,1,0,50.3,1,0,18,100.0,0.0,0,2.8,0,20,20,1
Kayvon Thibodeaux,98444,ED,NYG,17,2,2,21,62.9,4,26,499,86.1,6.4,32,4,5.6,13,604,520,43,0,73.2,3,14,179,87.7,10.6,19,9.8,9,220,193,26
Zach Harrison,98503,ED,ATL,16,0,0,2,51.2,2,8,151,98.8,6.0,9,0,5.3,3,166,164,13,0,49.4,0,1,51,100.0,5.9,3,4.9,2,56,56,3
Kaiir Elam,98693,CB,BUF,2,0,0,4,54.9,0,0,2,2.0,0.0,0,1,0.0,0,99,2,0,0,,0,0,0,0.0,,0,,0,38,0,0
Mohamoud Diabate,98780,LB,CLV,2,0,0,8,57.8,0,0,2,25.0,0.0,0,0,0.0,0,8,2,0,0,,0,0,0,,,0,,0,0,0,0
Jay Ward,98833,S,MIN,5,0,1,18,54.6,0,1,2,8.3,0.0,0,1,25.0,0,24,2,1,0,59.1,0,0,1,8.3,0.0,0,0.0,0,12,1,0
Cor'Dale Flott,98834,CB,NYG,14,0,3,21,41.7,0,2,16,4.6,0.0,0,5,6.3,0,348,16,2,0,45.8,0,2,6,4.4,0.0,0,16.7,0,137,6,2
Jammie Robinson,98836,S,CAR,5,0,0,5,70.4,0,0,1,4.9,100.0,1,0,0.0,0,41,2,0,0,70.4,0,0,1,11.1,100.0,1,0.0,0,18,2,0
Jordan Battle,98857,S,CIN,17,0,0,7,69.6,1,4,21,7.2,0.0,0,0,21.4,2,305,22,7,0,75.9,1,2,6,5.2,0.0,0,41.7,1,116,6,4
DeMarcco Hellams,98863,S,ATL,11,0,0,2,69.3,1,1,4,1.6,0.0,0,2,25.0,0,253,4,2,0,72.1,1,0,3,2.0,0.0,0,16.7,0,152,3,1
Brandin Echols,98900,CB,NYJ,11,0,1,22,58.2,0,0,2,2.1,0.0,0,3,0.0,0,96,2,0,0,,0,0,0,0.0,,0,,0,43,0,0
Zacch Pickens,98911,DI,CHI,17,0,0,6,62.9,1,6,138,99.3,7.2,10,0,3.3,1,149,148,8,0,67.2,1,4,43,100.0,14.0,6,5.8,0,50,50,5
DeMarvin Leal,98919,DI,PIT,10,0,0,25,51.5,1,5,101,100.0,4.0,4,0,4.0,1,107,107,7,0,54.7,1,3,49,100.0,4.1,2,6.1,1,52,52,5
Byron Young,98923,DI,LV,6,0,0,23,53.3,0,1,50,100.0,2.0,1,0,1.0,0,51,51,1,0,62.5,0,1,8,100.0,12.5,1,6.3,0,8,8,1
Travon Walker,98940,ED,JAX,17,1,0,15,58.1,9,39,465,84.9,9.7,45,4,7.5,11,571,485,59,0,62.5,5,24,232,95.0,14.2,33,10.1,9,258,245,38
Isaiah McGuire,98948,ED,CLV,4,0,0,8,64.6,1,5,55,94.9,7.3,4,1,9.1,2,59,56,8,0,62.4,0,2,25,100.0,12.0,3,8.0,1,26,26,3
Henry To'oTo'o,98982,LB,HST,11,0,0,13,45.0,1,7,25,10.9,0.0,0,0,16.0,0,267,29,8,0,44.3,0,2,12,12.3,0.0,0,8.3,0,122,15,2
Christian Harris,98996,LB,HST,16,2,0,13,72.5,1,3,29,6.5,6.9,2,2,13.8,2,461,30,6,0,68.5,0,2,16,7.7,12.5,2,12.5,1,222,17,3
Owen Pappoe,99006,LB,ARZ,6,1,0,1,69.8,1,2,20,27.0,20.0,4,0,7.5,0,74,20,3,1,74.2,1,2,11,28.2,27.3,3,13.6,0,39,11,3
Nolan Smith,99014,ED,PHI,17,0,0,24,53.9,2,5,85,79.6,4.7,4,1,5.3,1,113,90,8,0,55.9,2,3,27,74.4,3.7,1,13.0,1,39,29,6
Jermaine Johnson,99015,ED,NYJ,17,3,0,22,73.7,7,40,421,98.5,12.4,52,3,7.7,9,452,445,56,0,69.1,5,26,207,99.1,16.4,34,10.9,7,220,218,38
Nakobe Dean,99018,LB,PHI,5,0,0,24,83.4,0,2,7,5.9,42.9,3,1,28.6,1,135,8,3,0,71.1,0,1,3,4.3,33.3,1,16.7,0,69,3,1
Sam Williams,99106,ED,DAL,17,0,0,9,73.2,3,15,177,96.5,10.7,19,3,7.9,5,199,192,23,0,81.9,3,11,102,95.0,15.7,16,11.8,5,119,113,19
Dee Winters,99376,LB,SF,8,0,0,28,59.1,0,0,1,2.3,0.0,0,0,0.0,0,44,1,0,0,,0,0,0,0.0,,0,,0,32,0,0
Garrett Williams,99723,CB,ARZ,9,0,0,1,59.0,0,0,1,0.4,0.0,0,0,0.0,0,233,1,0,0,59.0,0,0,1,1.1,0.0,0,0.0,0,95,1,0
SirVocea Dennis,99767,LB,TB,6,0,0,30,68.2,0,1,3,4.9,33.3,1,0,16.7,0,61,3,1,0,59.0,0,0,1,4.0,0.0,0,0.0,0,25,1,0
Amare Barno,99780,ED,CAR,9,0,0,5,58.0,0,8,80,88.0,8.8,7,1,5.0,0,100,88,8,0,62.2,0,6,39,83.3,15.4,6,7.7,0,54,45,6
Calijah Kancey,99822,DI,TB,14,1,0,30,63.4,8,22,362,99.2,8.3,30,1,5.2,4,384,381,34,0,69.5,7,17,176,100.0,12.5,22,9.1,4,187,187,28
Kyu Blu Kelly,100375,CB,WAS,3,0,0,32,60.0,0,0,1,6.7,0.0,0,0,0.0,0,15,1,0,0,60.0,0,0,1,12.5,0.0,0,0.0,0,8,1,0
Sauce Gardner,100903,CB,NYJ,16,0,0,22,54.5,0,0,3,0.5,0.0,0,5,0.0,0,586,3,0,0,54.7,0,0,2,0.7,0.0,0,0.0,0,269,2,0
Ja'Quan McMillian,100931,CB,DEN,15,0,1,10,67.7,1,5,21,4.6,9.5,2,2,23.8,2,460,21,8,0,74.3,1,2,11,4.3,9.1,1,22.7,1,257,11,4
JL Skinner,101311,S,DEN,1,0,0,10,58.5,0,0,1,100.0,0.0,0,0,0.0,0,1,1,0,0,58.5,0,0,1,100.0,0.0,0,0.0,0,1,1,0
Deonte Banks,101384,CB,NYG,15,0,4,21,55.5,0,0,1,0.4,0.0,0,8,0.0,0,498,2,0,0,55.5,0,0,1,1.1,0.0,0,0.0,0,179,2,0
Devon Witherspoon,101388,CB,SEA,14,3,0,29,90.8,1,6,29,5.5,10.3,3,5,22.4,3,548,30,10,0,74.1,1,1,6,2.4,16.7,1,33.3,1,249,6,3
Dane Belton,101398,S,NYG,17,0,0,21,61.1,1,2,13,7.8,0.0,0,0,19.2,1,179,14,4,0,57.7,0,2,6,11.1,0.0,0,33.3,1,63,7,3
Christopher Hinton,101418,DI,LAC,3,0,0,27,55.2,0,0,33,97.1,3.0,1,0,0.0,0,35,34,0,0,53.3,0,0,10,100.0,0.0,0,0.0,0,10,10,0
Mazi Smith,101419,DI,DAL,17,0,0,9,70.3,2,5,141,100.0,9.9,14,0,3.2,1,155,155,8,0,81.3,2,5,51,100.0,17.6,9,8.8,1,59,59,8
David Ojabo,101420,ED,BLT,3,0,0,3,56.8,0,1,52,85.9,3.8,2,0,2.9,1,64,55,2,0,64.7,0,0,24,86.7,8.3,2,4.2,1,30,26,1
Mike Morris,101421,DI,SEA,1,0,0,29,60.7,0,0,11,100.0,9.1,1,0,0.0,0,11,11,0,0,52.9,0,0,7,100.0,0.0,0,0.0,0,7,7,0
Zach VanValkenburg,101450,ED,LA,9,0,0,26,61.8,1,3,39,72.2,7.7,3,0,7.7,1,54,39,5,0,63.8,0,3,15,75.0,20.0,3,10.0,0,20,15,3
Leo Chenal,101463,LB,KC,17,1,0,16,73.8,4,9,64,30.8,9.4,6,0,13.3,2,214,66,15,0,74.4,3,4,18,33.9,11.1,2,25.0,1,56,19,8
Jack Campbell,101515,LB,DET,17,0,0,11,53.0,1,6,77,22.2,2.6,2,2,7.1,2,374,83,9,0,46.5,0,5,53,32.4,3.8,2,6.6,1,173,56,6
Keeanu Benton,101536,DI,PIT,17,2,0,25,80.0,7,14,256,100.0,10.5,27,1,4.5,1,270,270,22,0,81.3,5,10,132,100.0,13.6,18,6.4,1,140,140,16
Jaquan Brisker,101665,S,CHI,15,1,0,6,81.8,2,6,22,4.0,22.7,5,3,27.3,2,596,24,10,0,71.6,1,3,7,3.0,42.9,3,28.6,0,297,9,4
Isaiah Land,102108,ED,IND,6,0,0,14,57.8,0,1,19,100.0,5.3,1,0,7.9,1,19,19,2,0,55.2,0,1,13,100.0,7.7,1,3.8,0,13,13,1
Kyle Hamilton,102684,S,BLT,15,2,0,3,92.7,1,10,36,5.8,13.9,5,4,23.6,3,640,37,14,0,90.2,0,4,14,4.2,14.3,2,35.7,3,334,14,7
Isaiah Foskey,102728,ED,NO,9,0,0,20,52.9,0,3,47,100.0,4.3,2,0,3.2,0,50,50,3,0,57.8,0,2,15,100.0,13.3,2,6.7,0,18,18,2
Andre Carter II,102780,ED,MIN,7,0,0,18,48.9,2,2,47,89.1,4.3,2,0,4.3,0,55,49,4,0,50.6,1,1,27,84.4,7.4,2,3.7,0,32,27,2
Kei'Trel Clark,104163,CB,ARZ,8,0,0,1,60.0,0,0,1,0.4,0.0,0,1,0.0,0,282,1,0,0,60.0,0,0,1,0.9,0.0,0,0.0,0,111,1,0
Andrew Farmer,106311,ED,LAC,6,0,0,27,55.8,0,2,27,90.3,7.4,2,0,3.7,0,31,28,2,0,56.2,0,1,10,91.7,10.0,1,5.0,0,12,11,1
Rodney Thomas II,108389,S,IND,16,0,0,14,60.5,0,0,2,0.4,0.0,0,0,0.0,0,551,2,0,0,,0,0,0,0.0,,0,,0,270,0,0
Michael Hoecht,108840,ED,LA,17,1,0,26,65.7,5,28,342,61.0,11.1,38,2,6.6,6,608,371,39,1,70.3,4,18,180,69.3,15.6,28,8.9,5,287,199,27
Dee Alford,110542,CB,ATL,13,0,0,2,49.5,0,2,13,4.0,0.0,0,3,7.7,0,351,14,2,0,45.6,0,0,4,2.5,0.0,0,0.0,0,200,5,0
D'Anthony Bell,111578,S,CLV,9,0,0,8,60.6,1,0,9,5.8,0.0,0,0,5.6,0,156,9,1,0,,0,0,0,0.0,,0,,0,77,0,0
Bryan Bresee,122142,DI,NO,17,5,0,20,67.6,4,22,369,98.5,7.3,27,5,4.9,5,391,385,31,3,69.3,3,17,209,100.0,8.6,18,7.2,5,221,221,25
Myles Murphy,122154,ED,CIN,17,0,0,7,64.3,0,12,158,92.2,12.7,20,1,5.7,3,179,165,15,0,67.8,0,7,72,96.2,19.4,14,7.6,2,79,76,9
Trenton Simpson,122157,LB,BLT,3,0,0,3,63.3,0,0,6,46.2,0.0,0,0,16.7,1,13,6,1,0,53.0,0,0,3,42.9,0.0,0,0.0,0,7,3,0
Felix Anudike-Uzomah,122582,ED,KC,17,0,0,16,52.3,7,3,146,90.9,3.4,5,0,4.1,1,164,149,11,0,53.0,3,3,73,88.2,5.5,4,5.5,1,85,75,7
Yaya Diaby,122705,ED,TB,17,0,0,30,58.8,3,14,280,90.7,7.5,21,2,6.3,9,323,293,26,0,66.3,3,9,125,90.9,13.6,17,10.4,7,143,130,19
Perrion Winfrey,122952,DI,NYJ,1,0,0,22,56.6,0,0,3,100.0,0.0,0,1,0.0,0,4,4,0,0,,0,0,0,,,0,,0,0,0,0
Will Anderson Jr.,123903,ED,HST,15,1,0,13,77.3,14,38,374,99.3,16.3,61,5,8.8,7,411,408,59,0,80.3,12,25,194,99.1,22.2,43,12.6,6,214,212,43
Brian Branch,123907,CB,DET,15,0,0,11,63.9,2,5,36,7.3,5.6,2,6,12.5,1,505,37,8,0,57.8,1,1,19,6.6,0.0,0,10.5,1,289,19,3
Drew Sanders,123933,LB,DEN,14,0,0,10,52.3,0,5,71,49.7,7.0,5,1,3.5,0,147,73,5,0,58.8,0,4,39,58.6,12.8,5,5.1,0,70,41,4
Jalen Carter,124019,DI,PHI,16,0,1,24,85.9,4,38,385,100.0,17.7,68,4,7.3,7,407,407,49,0,90.6,3,33,216,100.0,25.5,55,11.6,7,226,226,43
Kelee Ringo,124035,CB,PHI,6,0,0,24,83.2,0,0,1,0.9,0.0,0,4,100.0,1,117,1,1,0,,0,0,0,0.0,,0,,0,55,0,0
BJ Ojulari,124105,ED,ARZ,17,1,0,1,64.1,5,11,149,68.8,13.4,20,0,8.1,4,234,161,20,1,69.2,3,7,78,82.8,19.2,15,9.0,2,99,82,12
Jaquelin Roy,124111,DI,MIN,12,0,0,18,55.1,2,0,41,91.7,0.0,0,0,2.4,0,48,44,2,0,57.0,1,0,14,100.0,0.0,0,3.6,0,16,16,1
Deane Leonard,124140,CB,LAC,5,0,1,27,60.0,0,0,1,0.8,0.0,0,2,0.0,0,128,1,0,0,60.0,0,0,1,1.6,0.0,0,0.0,0,62,1,0
Tavius Robinson,124147,ED,BLT,17,0,0,3,44.9,0,8,156,94.2,2.6,4,1,3.2,1,172,162,9,0,49.5,0,7,72,97.4,5.6,4,6.3,1,77,75,8
Emmanuel Forbes,124166,CB,WAS,14,0,1,32,60.0,0,1,1,0.3,0.0,0,4,50.0,0,319,1,1,0,,0,0,0,0.0,,0,,0,186,0,0
Tyrus Wheat,124191,ED,DAL,5,0,0,9,51.2,0,0,10,52.4,0.0,0,0,0.0,0,21,11,0,0,53.6,0,0,4,33.3,0.0,0,0.0,0,12,4,0
Antonio Johnson,124326,CB,JAX,9,0,0,15,76.8,0,2,8,7.3,0.0,0,0,25.0,1,109,8,3,0,86.8,0,0,4,7.8,0.0,0,25.0,1,51,4,1
Gervon Dexter Sr.,124374,DI,CHI,17,1,0,6,65.9,9,16,278,99.3,11.9,33,1,5.9,4,299,297,29,1,69.7,7,15,143,99.4,17.5,25,10.5,4,156,155,26
Segun Olubi,128312,LB,IND,5,0,0,14,64.9,0,0,3,6.1,33.3,1,0,0.0,0,66,4,0,0,52.9,0,0,2,7.7,0.0,0,0.0,0,39,3,0
Lukas Van Ness,129482,ED,GB,17,1,0,12,59.0,5,8,164,96.8,6.1,10,1,7.0,5,188,182,18,1,60.0,2,4,72,97.6,5.6,4,8.3,3,82,80,9
Ji'Ayir Brown,129767,S,SF,10,0,0,28,57.9,0,3,7,2.5,28.6,2,0,21.4,0,282,7,3,0,66.1,0,2,3,2.0,33.3,1,33.3,0,153,3,2
Nick Herbig,129920,ED,PIT,17,0,0,25,81.1,0,5,66,77.9,18.2,12,0,8.3,3,95,74,8,0,86.8,0,4,39,80.7,23.1,9,12.8,3,57,46,7
Christian Gonzalez,131679,CB,NE,4,0,0,19,75.1,0,0,2,1.6,0.0,0,0,50.0,1,129,2,1,0,,0,0,0,0.0,,0,,0,50,0,0
Tuli Tuipulotu,131840,ED,LAC,17,1,0,27,61.1,7,36,428,86.5,11.9,51,1,6.9,8,513,444,51,0,62.1,5,26,224,94.0,14.3,32,10.0,7,249,234,38
Clark Phillips III,131871,CB,ATL,7,0,0,2,55.0,0,1,2,0.9,50.0,1,6,25.0,0,233,2,1,0,55.0,0,1,2,1.6,50.0,1,25.0,0,122,2,1
Jaylen Watson,131960,CB,KC,15,0,0,16,75.5,0,0,8,2.5,0.0,0,3,25.0,2,318,8,2,0,85.0,0,0,5,3.2,0.0,0,40.0,2,154,5,2
Thomas Incoom,145694,ED,DEN,3,0,1,10,51.5,0,0,9,100.0,0.0,0,1,0.0,0,9,9,0,0,52.4,0,0,5,100.0,0.0,0,0.0,0,5,5,0
Byron Young,146932,ED,LA,17,0,1,26,60.7,13,29,466,80.2,8.8,41,2,6.2,8,622,499,50,0,68.4,9,21,258,89.9,12.4,32,8.1,6,307,276,36
TK McLendon Jr.,150239,DI,TEN,7,0,0,31,55.4,0,0,41,100.0,2.4,1,0,0.0,0,42,42,0,0,52.7,0,0,7,100.0,0.0,0,0.0,0,7,7,0
Joshua Pryor,153400,ED,WAS,1,0,0,32,58.5,0,0,1,100.0,0.0,0,0,0.0,0,1,1,0,0,,0,0,0,,,0,,0,0,0,0
Sam Roberts,156069,DI,NE,6,0,0,19,60.0,0,4,52,100.0,11.5,6,0,5.8,1,56,56,5,0,57.6,0,2,28,100.0,10.7,3,7.1,1,30,30,3
Kader Kohou,156070,CB,MIA,17,1,2,17,88.7,4,0,16,2.7,6.3,1,4,18.8,1,620,17,5,0,68.0,0,0,5,2.0,0.0,0,20.0,1,301,6,1
Joshua Williams,156083,CB,KC,16,0,0,16,56.8,0,0,2,0.8,0.0,0,2,0.0,0,238,2,0,0,60.0,0,0,1,0.8,0.0,0,0.0,0,126,1,0
Gregory Junior,156090,CB,JAX,3,1,0,15,77.8,0,0,2,3.7,0.0,0,0,0.0,0,54,2,0,0,,0,0,0,0.0,,0,,0,17,0,0
Jeremiah Pharms Jr.,156117,DI,NE,12,0,0,19,68.9,0,3,39,100.0,12.8,5,0,3.8,0,42,42,3,0,74.6,0,3,20,100.0,25.0,5,7.5,0,21,21,3
Caleb Murphy,169634,ED,TEN,1,0,0,31,57.9,0,0,2,100.0,0.0,0,0,0.0,0,2,2,0,0,59.1,0,0,1,100.0,0.0,0,0.0,0,1,1,0
