player,player_id,position,team_name,player_game_count,avg_time_to_throw,avg_ttt_attempts,avg_ttt_sacks,avg_ttt_scrambles,dropbacks,franchise_id,less_accuracy_percent,less_aimed_passes,less_attempts,less_avg_depth_of_target,less_avg_time_to_throw,less_bats,less_big_time_throws,less_btt_rate,less_completion_percent,less_completions,less_def_gen_pressures,less_drop_rate,less_dropbacks,less_dropbacks_percent,less_drops,less_first_downs,less_grades_coverage_defense,less_grades_defense,less_grades_defense_penalty,less_grades_hands_drop,less_grades_hands_fumble,less_grades_offense,less_grades_offense_penalty,less_grades_pass,less_grades_pass_route,less_grades_run,less_grades_run_defense,less_hit_as_threw,less_interceptions,less_passing_snaps,less_pressure_to_sack_rate,less_qb_rating,less_sack_percent,less_sacks,less_scrambles,less_spikes,less_thrown_aways,less_touchdowns,less_turnover_worthy_plays,less_twp_rate,less_yards,less_ypa,more_accuracy_percent,more_aimed_passes,more_attempts,more_avg_depth_of_target,more_avg_time_to_throw,more_bats,more_big_time_throws,more_btt_rate,more_completion_percent,more_completions,more_def_gen_pressures,more_drop_rate,more_dropbacks,more_dropbacks_percent,more_drops,more_first_downs,more_grades_coverage_defense,more_grades_defense,more_grades_defense_penalty,more_grades_hands_drop,more_grades_hands_fumble,more_grades_offense,more_grades_offense_penalty,more_grades_pass,more_grades_pass_route,more_grades_run,more_grades_run_defense,more_hit_as_threw,more_interceptions,more_passing_snaps,more_pressure_to_sack_rate,more_qb_rating,more_sack_percent,more_sacks,more_scrambles,more_spikes,more_thrown_aways,more_touchdowns,more_turnover_worthy_plays,more_twp_rate,more_yards,more_ypa
Joe Burrow,28022,QB,CIN,17,2.65,2.55,3.32,4.73,724,7,82.6,373,386,5.6,1.89,6,14,3.5,74.9,289,61,6.2,397,54.8,19,135,,,,,91.3,94.0,86.1,93.0,,55.7,,2,5,417,18.0,105.0,2.8,11,0,0,5,21,2,0.5,2575,6.7,74.9,239,265,10.9,3.61,2,24,8.3,64.5,171,185,4.5,324,44.8,8,129,,,,,28.4,90.5,57.4,86.7,,86.6,,6,4,354,20.0,114.1,11.4,37,22,0,18,22,13,3.7,2343,8.8
Caleb Williams,144622,QB,CHI,17,3.04,2.74,3.65,6.01,678,6,79.7,256,264,4.5,1.8,5,7,2.4,73.5,194,37,4.9,271,40.0,10,71,,,,,76.4,72.5,84.7,71.2,,,,0,2,293,18.9,92.1,2.6,7,0,0,3,7,6,2.0,1462,5.5,66.9,248,294,11.8,3.91,7,17,5.2,53.4,157,204,5.4,403,59.4,9,119,,,,,76.5,63.3,86.3,57.3,,84.6,,4,4,440,29.9,85.1,15.1,61,48,0,35,13,13,3.0,2079,7.1
Patrick Mahomes,11765,QB,KC,16,2.77,2.6,3.66,5.09,659,16,86.8,296,304,2.8,1.74,7,3,1.0,80.9,246,26,4.3,307,46.6,11,118,,,,,90.8,84.5,85.0,82.4,,,,1,4,315,11.5,105.6,1.0,3,0,0,0,16,3,1.0,1964,6.5,64.8,236,275,11.9,3.75,3,15,5.0,53.1,146,186,4.6,345,52.4,7,118,,,,,81.7,81.2,85.7,72.1,,92.1,,7,7,380,17.7,77.6,9.6,33,37,0,29,10,12,3.2,1964,7.1
Baker Mayfield,46518,QB,TB,17,2.77,2.53,3.84,5.35,656,30,85.0,293,304,3.7,1.81,9,6,1.9,77.6,236,24,5.2,307,46.8,13,110,,,,,81.0,90.3,85.0,88.3,,,,2,3,320,12.5,119.2,1.0,3,0,0,0,26,4,1.3,2053,6.8,71.4,252,265,11.5,3.67,2,16,5.7,64.5,171,133,5.0,344,52.4,9,134,,,,,48.3,78.3,56.8,71.8,,89.9,,3,13,368,27.8,92.8,10.8,37,42,0,8,15,20,5.4,2447,9.2
Geno Smith,7820,QB,SEA,17,2.83,2.68,3.45,4.91,650,29,83.0,276,288,4.8,1.94,8,6,1.9,77.4,223,57,2.6,291,44.8,6,93,,,,,84.7,77.9,84.9,76.3,,,,0,2,312,5.3,99.3,1.0,3,0,0,4,6,3,1.0,1983,6.9,73.6,261,288,10.6,3.54,5,22,7.0,63.9,184,194,4.2,359,55.2,8,128,,,,,73.8,85.7,58.4,81.7,,82.0,,4,13,390,24.2,87.7,13.1,47,24,0,18,15,15,3.8,2337,8.1
Bo Nix,97790,QB,DEN,17,2.98,2.74,4.19,5.36,645,10,82.8,233,244,3.1,1.85,8,3,1.2,75.0,183,23,5.2,244,37.8,10,62,,,,,81.3,70.2,84.1,69.1,,,,0,0,252,0.0,100.6,0.0,0,0,0,3,10,1,0.4,1311,5.4,71.7,290,322,11.5,3.71,8,18,5.2,59.9,193,156,7.2,396,61.4,15,133,,,,,91.3,76.2,86.2,72.8,,74.6,,4,12,424,15.4,88.1,6.1,24,50,0,20,19,12,2.8,2464,7.7
Aaron Rodgers,2241,QB,NYJ,17,2.65,2.54,3.31,5.41,643,22,79.2,318,327,5.4,1.76,6,15,4.4,69.1,226,35,10.3,334,51.9,26,105,,,,,82.6,85.6,85.4,83.4,,,,0,5,348,20.0,89.3,2.1,7,0,0,3,10,5,1.4,2022,6.2,66.2,234,257,9.8,3.65,2,11,3.9,55.3,142,143,8.4,306,47.6,13,94,,,,,66.3,65.7,53.9,64.1,,70.9,,6,6,333,23.1,92.1,10.8,33,16,0,15,18,7,2.1,1875,7.3
Sam Darnold,29048,QB,MIN,17,3.08,2.91,3.6,5.63,621,18,88.7,177,185,3.9,1.97,4,4,2.0,82.2,152,34,3.2,191,30.8,5,64,,,,,72.4,82.7,83.2,80.8,,,,0,2,203,17.6,109.5,3.1,6,0,0,4,10,2,1.0,1301,7.0,70.8,315,359,12.2,3.58,4,29,7.4,58.2,209,202,6.3,429,69.1,14,156,,,,,61.3,80.5,86.5,76.2,,84.0,,11,10,466,20.8,97.2,9.8,42,28,0,29,25,22,4.7,3018,8.4
C.J. Stroud,129759,QB,HST,17,3.02,2.81,3.59,5.31,621,13,77.1,231,239,4.4,1.9,4,1,0.4,70.3,168,47,5.6,250,40.3,10,87,,,,,74.1,73.3,84.2,72.0,,,,1,5,262,23.4,87.8,4.4,11,0,0,3,7,6,2.3,1494,6.3,68.2,264,292,12.3,3.78,2,22,7.1,57.5,168,188,6.7,370,59.6,12,114,,,,,84.7,79.9,85.8,77.5,,70.3,,8,7,392,21.8,86.7,11.1,41,37,0,18,13,10,2.6,2233,7.6
Kyler Murray,38334,QB,ARZ,17,2.85,2.61,3.51,5.74,613,1,77.4,283,293,5.5,1.86,8,12,3.9,72.0,211,32,3.7,295,48.1,8,101,,,,,80.6,77.8,84.9,76.2,,,,0,3,307,6.3,96.8,0.7,2,0,0,2,11,4,1.3,1858,6.3,74.1,220,247,9.9,3.8,2,15,5.5,65.2,161,147,1.2,315,51.4,2,106,,,,,55.5,80.5,85.3,74.8,,84.2,,3,8,345,19.0,90.0,8.9,28,40,0,22,10,12,3.5,1993,8.1
Jayden Daniels,97993,QB,WAS,17,2.98,2.56,3.96,5.19,603,32,85.8,239,249,4.0,1.84,7,8,3.1,80.3,200,32,2.4,252,41.8,5,88,,,,,90.5,87.1,84.3,84.8,,,,1,3,265,9.4,105.3,1.2,3,0,0,2,12,3,1.1,1648,6.6,71.4,206,229,12.4,3.83,4,12,4.9,57.2,131,180,10.9,348,57.7,16,116,,,,,72.0,88.3,85.6,77.2,,91.9,,0,6,371,24.4,92.7,12.6,44,75,0,19,13,8,2.2,1920,8.4
Jared Goff,10635,QB,DET,17,2.69,2.59,3.51,5.01,583,11,81.7,229,237,3.3,1.89,3,3,1.2,78.5,186,42,0.5,242,41.5,1,96,,,,,76.8,70.2,84.1,69.1,,,,1,5,251,11.9,111.3,2.1,5,0,0,4,17,6,2.4,1681,7.1,77.3,269,299,10.2,3.28,4,14,4.6,68.2,204,146,1.9,339,58.1,4,146,,,,,57.7,85.3,85.3,82.9,,68.6,,4,7,347,17.8,112.6,7.7,26,14,0,22,20,11,3.2,2948,9.9
Justin Herbert,28237,QB,LAC,17,2.89,2.74,3.49,4.89,578,27,78.7,197,205,6.0,1.97,5,2,0.9,68.8,141,32,9.0,210,36.3,14,59,,,,,56.9,69.1,83.6,68.1,,,,1,0,220,15.6,90.4,2.4,5,0,0,2,3,5,2.3,1286,6.3,75.6,271,296,11.3,3.46,5,31,9.6,64.5,191,156,6.8,363,62.8,14,128,,,,,62.3,94.9,85.9,93.7,,74.4,,5,3,394,23.1,110.5,9.9,36,31,0,15,20,8,2.0,2584,8.7
Matthew Stafford,4924,QB,LA,16,2.63,2.61,3.05,4.1,548,26,78.9,227,238,5.1,1.92,7,7,2.8,72.3,172,43,3.9,241,44.0,7,77,,,,,90.4,76.4,84.1,74.8,,,,1,4,255,7.0,103.5,1.2,3,0,0,3,15,5,2.0,1554,6.5,67.8,255,278,10.6,3.2,3,16,5.3,60.4,168,128,2.9,306,55.8,5,103,,,,,68.7,69.4,85.1,67.4,,77.9,,7,4,329,19.5,85.5,8.2,25,3,0,13,5,16,4.9,2208,7.9
Josh Allen,46601,QB,BUF,16,2.88,2.7,3.69,4.89,541,4,83.6,225,238,3.7,1.7,7,9,3.6,75.2,179,31,4.8,239,44.2,9,81,,,,,90.4,79.7,84.1,77.9,,,,2,3,250,3.2,111.0,0.4,1,0,0,4,15,3,1.2,1744,7.3,62.7,217,244,14.0,3.85,2,28,10.3,52.5,128,145,5.9,299,55.3,8,109,,,,,27.1,91.3,85.2,81.2,,94.4,,3,3,333,9.0,92.4,4.3,13,42,0,22,13,12,3.6,1987,8.1
Lamar Jackson,46416,QB,BLT,17,3.2,2.96,3.8,6.06,535,3,85.4,185,190,4.1,1.9,5,2,1.0,82.1,156,19,1.3,193,36.1,2,79,,,,,90.0,84.9,83.2,82.7,,,,0,2,202,15.8,125.1,1.6,3,0,0,0,15,1,0.5,1664,8.8,69.5,249,279,13.3,3.99,6,28,9.4,57.3,160,184,7.5,338,63.2,13,136,,,,,75.1,96.0,85.5,93.5,,91.9,,10,2,364,10.9,115.4,5.9,20,39,0,14,26,7,1.9,2508,9.0
Brock Purdy,77672,QB,SF,15,3.01,2.75,4.12,5.41,532,28,78.3,198,203,5.8,1.95,4,1,0.5,72.9,148,41,4.5,209,39.3,7,75,,,,,51.9,77.7,83.5,76.1,,,,0,1,215,14.6,104.1,2.9,6,0,0,1,7,3,1.4,1549,7.6,70.4,230,247,11.7,3.78,5,14,5.2,61.5,152,159,6.2,316,59.4,10,124,,,,,67.0,79.6,85.3,73.8,,84.5,,2,11,339,15.7,91.4,7.9,25,44,0,10,13,14,4.1,2315,9.4
Kirk Cousins,7102,QB,ATL,14,2.56,2.52,3.14,4.8,481,2,80.6,206,218,5.8,1.92,7,3,1.3,72.5,158,49,4.8,225,46.8,8,77,,,,,75.6,77.5,83.9,75.9,,,,1,5,239,14.3,103.0,3.1,7,0,0,4,13,8,3.3,1581,7.3,72.8,206,231,10.3,3.14,8,10,4.0,62.8,145,107,3.3,254,52.8,5,86,,,,,28.2,67.9,84.4,66.5,,68.1,,6,11,276,18.7,76.5,7.9,20,3,0,11,5,16,5.8,1927,8.3
Jordan Love,40306,QB,GB,15,2.76,2.7,3.51,5.41,456,12,80.8,198,204,5.1,1.85,5,2,1.0,71.6,146,27,8.8,205,45.0,14,67,,,,,90.0,73.8,83.4,72.5,,,,0,6,210,3.7,99.1,0.5,1,0,0,1,15,4,1.9,1232,6.0,68.4,193,221,13.3,3.58,3,14,5.7,55.2,122,128,7.6,246,53.9,10,90,,,,,82.5,77.9,84.4,76.0,,66.7,,9,5,272,10.2,94.4,5.3,13,12,0,16,10,9,3.3,2157,9.8
Bryce Young,123943,QB,CAR,14,2.94,2.66,3.72,5.29,450,5,74.9,199,202,6.6,1.9,1,13,6.2,69.8,141,36,5.4,206,45.8,8,55,,,,,78.4,79.9,83.4,78.1,,,,0,3,213,11.1,93.6,1.9,4,0,0,2,9,3,1.4,1199,5.9,67.1,149,182,12.2,3.82,1,14,7.0,51.1,93,136,7.0,244,54.2,7,77,,,,,47.3,67.9,84.3,67.9,,60.4,,2,6,264,18.4,69.5,10.2,25,37,0,30,6,9,3.4,1204,6.6
Jalen Hurts,40291,QB,PHI,15,3.22,2.96,3.94,5.33,441,24,82.4,159,165,6.0,1.96,5,4,2.3,75.8,125,29,4.6,166,37.6,6,60,,,,,88.9,72.4,82.6,71.2,,,,0,2,173,3.4,100.7,0.6,1,0,0,1,6,4,2.3,1127,6.8,77.8,162,195,10.7,4.05,3,10,4.8,63.1,123,148,2.4,270,61.2,3,99,,,,,28.6,70.5,51.3,62.3,,90.1,,2,3,288,25.0,106.7,13.7,37,38,0,28,12,12,4.2,1776,9.1
Tua Tagovailoa,60326,QB,MIA,11,2.31,2.25,3.48,4.51,433,17,82.6,264,270,5.1,1.77,3,4,1.4,77.8,210,35,3.7,273,63.0,8,114,,,,,90.6,77.3,84.6,75.7,,,,0,5,284,8.6,103.8,1.1,3,0,0,3,12,4,1.4,1943,7.2,73.7,118,127,8.2,3.38,3,7,5.1,63.8,81,65,6.9,152,35.1,6,52,,,,,25.7,62.4,82.5,59.3,,76.5,,0,2,166,27.7,97.4,11.8,18,7,0,6,7,8,4.8,924,7.3
Drake Maye,143969,QB,NE,13,2.82,2.52,3.36,4.98,421,19,79.3,198,202,5.0,1.9,1,4,1.9,76.2,154,36,1.9,209,49.6,3,66,,,,,73.8,70.4,83.6,69.3,,,,1,3,222,19.4,99.4,3.3,7,0,0,2,7,5,2.3,1376,6.8,66.4,113,135,11.8,3.83,3,10,6.3,52.6,71,121,5.3,207,49.2,4,66,,,,,42.1,70.0,83.8,59.5,,89.4,,4,7,232,22.3,71.8,13.0,27,45,0,15,8,11,4.7,900,6.7
Russell Wilson,7077,QB,PIT,11,2.85,2.68,3.65,4.6,389,25,83.3,162,169,6.6,1.87,6,13,7.3,75.1,127,24,5.9,172,44.2,8,61,,,,,69.5,92.6,82.8,91.6,,,,0,1,181,12.5,121.2,1.7,3,0,0,1,13,1,0.6,1352,8.0,70.5,132,165,10.6,3.66,3,7,4.1,52.7,87,123,6.5,215,55.3,6,61,,,,,36.4,53.7,83.6,52.2,,64.7,,3,4,223,24.4,70.5,14.0,30,20,0,27,3,6,2.7,1130,6.8
Daniel Jones,39395,QB,NYG,10,2.74,2.56,3.58,5.41,385,21,82.3,164,172,4.4,1.86,4,2,1.1,70.9,122,34,9.6,175,45.5,13,49,,,,,89.5,73.1,82.9,71.8,,,,2,3,187,8.8,82.9,1.7,3,0,0,2,4,2,1.1,875,5.1,72.4,145,165,11.1,3.52,1,5,2.8,57.0,94,111,10.5,207,53.8,11,61,,,,,58.6,63.0,83.6,62.5,,60.9,,1,4,224,23.4,77.7,12.6,26,16,0,18,4,7,3.1,1195,7.2
Will Levis,83542,QB,TEN,12,2.74,2.53,3.39,4.68,362,31,79.7,133,139,5.6,1.92,3,5,3.4,72.7,101,28,4.7,144,39.8,5,41,,,,,44.0,61.8,82.2,61.4,,,,1,5,154,17.9,90.3,3.5,5,0,0,2,7,7,4.5,863,6.2,67.6,145,162,12.2,3.29,0,10,5.8,54.9,89,107,9.2,218,60.2,9,54,,,,,54.3,53.1,83.7,50.5,,70.5,,5,7,230,33.6,73.8,16.5,36,20,0,12,6,10,4.3,1228,7.6
Gardner Minshew,41401,QB,LV,10,2.65,2.47,3.48,5.45,343,23,83.2,161,176,4.6,1.85,9,2,1.1,73.9,130,39,3.0,182,53.1,4,64,,,,,48.5,69.8,83.0,68.8,,,,1,4,193,15.4,90.8,3.3,6,0,0,5,5,4,2.1,1148,6.5,67.3,110,127,8.6,3.56,0,3,2.2,57.5,73,82,1.4,161,46.9,1,46,,,,,68.4,53.3,82.6,53.7,,56.8,,1,6,174,28.0,69.2,14.3,23,11,0,16,4,5,2.9,865,6.8
Jameis Winston,9434,QB,CLV,9,2.68,2.54,3.83,4.76,328,8,74.4,160,170,6.4,1.91,8,2,1.1,66.5,113,26,5.0,174,53.0,6,53,,,,,69.5,66.9,82.8,66.1,,,,1,4,183,15.4,80.8,2.3,4,0,0,1,5,8,4.4,951,5.6,65.5,113,125,14.5,3.58,2,9,6.8,54.4,68,76,8.1,153,46.6,6,55,,,,,88.3,73.9,82.4,70.4,,78.0,,3,8,162,26.3,81.1,13.1,20,8,0,7,8,10,6.2,1170,9.4
Cooper Rush,12324,QB,DAL,11,2.36,2.32,2.92,3.65,325,9,74.6,169,182,5.1,1.85,7,2,1.0,64.8,118,20,6.3,185,56.9,8,51,,,,,89.9,58.2,83.1,58.1,,,,2,3,198,15.0,82.5,1.6,3,0,0,4,5,5,2.5,1051,5.8,64.7,116,125,10.9,3.04,6,6,4.4,55.2,69,55,8.0,139,42.8,6,41,,,,,65.7,61.1,82.1,62.4,,45.6,,0,2,151,18.2,86.5,7.2,10,4,0,3,7,7,4.6,793,6.3
Trevor Lawrence,77632,QB,JAX,10,2.64,2.52,3.02,5.08,316,15,76.4,144,146,4.6,1.88,1,3,2.0,69.9,102,24,7.3,149,47.2,8,44,,,,,66.5,74.5,82.2,73.1,,,,0,2,156,12.5,90.8,2.0,3,0,0,1,6,3,1.9,790,5.4,62.7,126,137,16.0,3.36,1,10,6.9,51.1,70,66,11.4,165,52.2,9,59,,,,,68.4,72.3,82.6,71.0,,64.3,,1,5,173,22.7,79.8,9.1,15,13,0,9,5,10,5.8,1255,9.2
Dak Prescott,10769,QB,DAL,8,2.64,2.58,3.27,5.27,315,9,80.3,132,137,4.7,1.9,5,4,2.8,74.5,102,17,3.8,139,44.1,4,42,,,,,87.6,75.6,82.0,74.2,,,,0,1,146,11.8,96.8,1.4,2,0,0,0,3,2,1.4,933,6.8,64.7,136,147,11.7,3.31,1,10,6.2,56.5,83,80,5.7,172,54.6,5,46,,,,,29.8,61.2,83.0,61.0,,59.4,,4,7,192,23.8,77.1,11.0,19,6,0,6,8,14,7.3,1045,7.1
Derek Carr,8671,QB,NO,10,2.64,2.58,3.35,5.68,300,20,83.8,136,144,5.2,1.92,1,5,3.2,76.4,110,27,3.5,144,48.0,4,47,,,,,88.0,81.9,82.2,80.0,,,,1,3,154,0.0,99.2,0.0,0,0,0,6,6,3,1.9,977,6.8,72.6,117,135,12.5,3.42,2,11,7.6,58.5,79,67,7.1,151,50.3,6,47,,,,,51.7,85.9,82.3,86.4,,48.8,,2,2,160,11.9,102.9,5.3,8,8,0,14,9,5,3.1,1168,8.7
Anthony Richardson,124393,QB,IND,11,2.97,2.76,3.75,5.0,297,14,72.7,99,103,6.5,1.87,2,5,4.7,61.2,63,13,12.5,103,34.7,9,26,,,,,85.4,59.2,80.8,59.0,,,,2,4,107,0.0,73.0,0.0,0,0,0,0,3,3,2.8,652,6.3,51.1,137,159,16.5,3.55,1,14,8.1,39.6,63,102,10.0,194,65.3,7,56,,,,,36.9,63.2,83.3,60.6,,70.9,,9,8,208,13.7,55.1,7.2,14,21,0,12,5,12,5.8,1162,7.3
Mac Jones,60323,QB,JAX,10,2.67,2.53,3.83,4.27,290,15,77.4,133,141,5.4,1.93,3,3,2.0,71.6,101,15,1.9,143,49.3,2,46,,,,,65.4,68.2,82.1,67.4,,,,2,0,152,13.3,99.4,1.4,2,0,0,3,4,1,0.7,954,6.8,67.0,109,121,10.5,3.4,3,5,3.9,57.9,70,61,4.1,147,50.7,3,36,,,,,88.2,57.5,82.2,56.3,,64.1,,0,8,157,19.7,55.7,8.2,12,14,0,9,3,9,5.7,718,5.9
Joe Flacco,4332,QB,IND,7,2.62,2.54,3.42,4.83,270,14,76.0,129,134,6.4,1.94,1,3,2.1,70.9,95,24,3.1,136,50.4,3,51,,,,,64.7,69.7,81.9,68.7,,,,1,4,144,8.3,94.6,1.5,2,0,0,3,8,7,4.9,834,6.2,69.2,104,114,12.6,3.32,2,5,4.0,58.8,67,54,6.9,133,49.3,5,37,,,,,87.5,69.8,81.9,69.7,,54.3,,0,3,145,29.6,85.7,12.0,16,3,0,8,4,4,2.8,927,8.1
Deshaun Watson,11767,QB,CLV,7,3.05,2.76,3.47,5.32,270,8,78.5,107,110,5.2,1.89,2,2,1.7,69.1,76,19,9.5,110,40.7,8,32,,,,,86.1,77.4,81.2,75.9,,,,1,2,118,0.0,91.7,0.0,0,0,0,0,5,1,0.8,645,5.9,74.7,91,106,9.3,3.84,0,6,5.3,57.5,61,99,10.3,160,59.3,7,22,,,,,33.6,52.1,82.6,51.1,,60.1,,5,1,172,33.3,65.9,20.6,33,21,0,10,0,4,2.3,503,4.7
Spencer Rattler,97408,QB,NO,7,2.79,2.61,3.26,5.08,263,20,72.6,113,122,5.0,1.93,4,0,0.0,62.3,76,23,7.3,126,47.9,6,30,,,,,63.7,58.1,81.8,57.9,,,,2,2,138,17.4,71.2,3.2,4,0,0,3,1,4,2.9,625,5.1,64.4,90,105,12.3,3.59,1,6,5.5,51.4,54,75,6.9,137,52.1,4,37,,,,,25.3,49.3,81.9,44.6,,77.8,,4,3,145,24.0,70.0,13.1,18,14,0,10,3,10,6.9,692,6.6
Aidan O'Connell,60516,QB,LV,9,2.75,2.69,3.34,5.57,255,23,84.8,105,110,5.3,1.9,3,3,2.6,78.2,86,14,3.4,110,43.1,3,39,,,,,86.0,71.3,81.1,70.2,,,,0,1,116,0.0,101.4,0.0,0,0,0,2,3,0,0.0,778,7.1,59.3,118,132,11.0,3.4,1,9,6.3,51.5,68,69,2.9,145,56.9,2,41,,,,,67.0,52.0,82.3,49.6,,81.3,,4,3,159,14.5,74.5,6.9,10,3,0,9,5,10,6.3,834,6.3
Mason Rudolph,46569,QB,TEN,8,2.73,2.66,3.34,4.24,253,31,77.8,90,95,6.1,1.99,2,3,2.9,70.5,67,19,4.3,97,38.3,3,35,,,,,85.4,62.3,80.9,61.8,,,,0,4,107,10.5,83.8,2.1,2,0,0,3,4,2,1.9,603,6.3,76.3,114,130,8.9,3.28,0,3,2.1,60.8,79,70,9.2,152,60.1,8,50,,,,,62.3,67.4,82.4,61.9,,85.0,,4,5,162,12.9,79.2,5.9,9,13,0,12,5,6,3.7,927,7.1
Drew Lock,39517,QB,NYG,7,2.82,2.7,3.12,5.05,203,21,77.5,80,84,5.4,1.88,3,3,3.4,67.9,57,15,8.1,85,41.9,5,24,,,,,84.1,75.5,80.1,74.1,,,,0,1,89,6.7,87.9,1.2,1,0,0,1,2,0,0.0,530,6.3,65.1,83,96,9.2,3.53,4,3,2.9,52.1,50,63,7.4,117,57.6,4,29,,,,,26.2,41.3,81.4,32.2,,92.0,,3,4,125,17.5,65.5,9.4,11,10,0,6,4,11,8.8,541,5.6
Justin Fields,82118,QB,PIT,7,3.09,2.88,3.58,4.76,195,25,87.3,63,64,5.1,1.97,1,2,2.9,78.1,50,10,9.1,66,33.8,5,18,,,,,82.7,79.0,79.3,77.3,,,,0,1,72,20.0,110.1,3.0,2,0,0,0,4,1,1.4,447,7.0,71.4,84,96,9.9,3.7,1,4,3.8,58.3,56,68,6.7,128,65.6,4,33,,,,,39.5,61.1,81.8,57.3,,70.8,,3,0,140,20.6,82.8,10.9,14,18,0,8,1,5,3.6,659,6.9
Jacoby Brissett,10725,QB,NE,7,2.9,2.71,3.48,5.24,187,19,80.6,72,76,4.4,1.91,0,1,1.2,72.4,55,16,5.2,80,42.8,3,16,,,,,83.7,63.3,79.9,62.8,,,,2,0,85,25.0,83.8,5.0,4,0,0,2,0,1,1.2,390,5.1,60.6,71,84,10.2,3.64,1,4,4.4,47.6,40,66,7.0,107,57.2,3,29,,,,,30.3,57.6,81.0,55.7,,67.3,,3,1,114,21.2,66.4,13.1,14,9,0,9,2,5,4.4,436,5.2
Andy Dalton,6187,QB,CAR,6,2.54,2.41,3.0,6.35,175,5,78.7,89,91,4.1,1.9,2,1,1.1,70.3,64,14,8.6,95,54.3,6,28,,,,,84.8,67.8,80.5,67.0,,,,0,2,98,28.6,91.3,4.2,4,0,0,0,4,3,3.1,548,6.0,75.8,62,69,11.1,3.38,1,5,6.8,60.9,42,36,10.6,78,44.6,5,24,,,,,50.4,68.7,79.9,68.3,,60.1,,0,4,85,8.3,69.8,3.8,3,6,0,6,3,5,5.9,441,6.4
Tyler Huntley,46448,QB,MIA,5,2.68,2.49,3.07,4.81,167,17,82.9,82,83,5.5,1.78,1,1,1.1,75.9,63,13,7.4,87,52.1,5,29,,,,,46.3,77.8,80.3,76.2,,,,0,1,95,30.8,98.6,4.6,4,0,0,0,3,2,2.1,523,6.3,65.8,38,49,13.8,3.9,2,0,0.0,46.9,23,46,8.0,75,44.9,2,23,,,,,28.5,52.0,79.7,43.7,,76.6,,2,2,80,23.9,50.4,14.7,11,15,0,7,0,7,8.8,308,6.3
Dorian Thompson-Robinson,83574,QB,CLV,6,2.75,2.58,3.79,5.28,133,8,71.4,63,66,3.5,1.83,2,0,0.0,59.1,39,12,13.3,67,50.4,6,11,,,,,82.8,44.3,79.4,45.2,,,,1,3,73,8.3,48.4,1.5,1,0,0,0,0,3,4.1,253,3.8,60.0,40,52,9.2,3.75,0,1,1.9,42.3,22,32,8.3,65,48.9,2,12,,,,,25.5,46.8,79.1,40.2,,80.5,,0,3,68,21.9,28.3,10.8,7,6,0,12,0,4,5.9,187,3.6
Michael Penix Jr.,82134,QB,ATL,5,2.66,2.53,3.8,5.63,114,2,77.1,48,49,7.6,1.87,0,2,4.0,65.3,32,7,13.5,49,43.0,5,17,,,,,80.4,84.2,78.0,82.1,,,,0,2,50,0.0,79.8,0.0,0,0,0,1,2,0,0.0,314,6.4,64.0,50,56,13.5,3.31,1,8,13.1,51.8,29,26,9.4,64,56.1,3,19,,,,,25.6,84.4,79.2,84.5,,53.6,,3,1,69,15.4,78.1,6.3,4,4,0,2,1,2,2.9,461,8.2
Desmond Ridder,55086,QB,LV,5,2.74,2.58,3.31,4.62,101,23,75.0,44,47,5.8,1.93,1,1,2.1,68.1,32,12,3.0,49,48.5,1,14,,,,,80.4,55.9,78.0,56.0,,,,1,0,50,16.7,89.1,4.1,2,0,0,1,1,2,4.0,262,5.6,67.7,31,37,10.9,3.58,0,3,7.7,54.1,20,32,4.8,51,50.5,1,11,,,,,33.2,45.0,78.2,45.4,,56.8,,2,2,53,25.0,55.7,15.7,8,6,0,4,1,3,5.7,196,5.3
Malik Willis,60341,QB,GB,6,2.97,2.3,5.38,5.44,71,12,87.1,31,31,2.7,1.74,0,1,3.0,77.4,24,0,11.1,31,43.7,3,6,,,,,77.9,77.0,76.5,75.5,,,,0,0,33,,109.9,0.0,0,0,0,0,2,0,0.0,162,5.2,77.3,22,23,14.2,4.02,0,1,3.8,69.6,16,23,5.9,39,54.9,1,18,,,,,28.8,59.8,77.4,54.4,,70.3,,0,0,43,34.8,126.6,20.5,8,8,0,1,1,1,2.3,388,16.9
Tommy DeVito,60545,QB,NYG,2,2.59,2.35,3.2,4.85,55,21,80.8,26,26,4.1,1.87,0,0,0.0,80.8,21,4,0.0,28,50.9,0,9,,,,,77.6,66.2,76.3,65.5,,,,0,0,31,50.0,93.1,7.1,2,0,0,0,0,0,0.0,165,6.3,73.3,15,18,8.7,3.46,0,0,0.0,55.6,10,16,9.1,26,47.3,1,7,,,,,77.4,40.2,76.1,40.6,,56.9,,0,0,30,25.0,69.7,15.4,4,4,0,3,0,1,3.3,92,5.1
Tim Boyle,21956,QB,NYG,3,2.4,2.22,4.95,5.5,54,21,72.7,33,34,4.8,1.68,1,1,2.7,70.6,24,6,0.0,34,63.0,0,9,,,,,78.6,70.5,76.9,69.5,,,,0,0,37,0.0,98.4,0.0,0,0,0,0,1,0,0.0,226,6.6,41.7,12,15,15.9,3.81,0,1,5.6,20.0,3,12,40.0,19,35.2,2,3,,,,,75.6,35.0,75.0,34.4,,62.1,,0,1,22,16.7,13.2,10.5,2,2,0,3,0,3,13.6,50,3.3
Jake Haener,60596,QB,NO,6,2.92,2.63,2.93,5.74,51,20,79.2,24,24,6.5,2.03,0,1,4.0,66.7,16,8,15.8,26,51.0,3,9,,,,,76.8,67.5,75.8,66.8,,,,0,0,27,25.0,104.2,7.7,2,0,0,0,1,0,0.0,188,7.8,30.8,13,15,13.7,4.01,0,1,5.9,13.3,2,19,50.0,24,47.1,2,1,,,,,76.6,46.5,75.6,46.2,,58.1,,1,1,26,21.1,11.8,16.7,4,5,0,1,0,1,3.8,38,2.5
Joshua Dobbs,11890,QB,SF,2,2.7,2.51,3.05,5.4,51,28,80.0,25,26,5.1,2.03,1,0,0.0,69.2,18,3,10.0,26,51.0,2,7,,,,,77.0,56.3,75.9,56.4,,,,0,2,28,0.0,50.8,0.0,0,0,0,0,0,2,7.1,144,5.5,70.0,20,20,10.3,3.39,0,0,0.0,70.0,14,9,0.0,25,49.0,0,12,,,,,24.9,65.3,75.5,66.1,,57.4,,0,0,25,22.2,139.0,8.0,2,3,0,0,2,1,4.0,217,10.9
Kenny Pickett,60515,QB,PHI,4,2.86,2.69,2.88,6.2,50,24,70.0,20,21,5.1,1.99,1,0,0.0,61.9,13,6,7.1,22,44.0,1,5,,,,,76.1,54.7,75.3,55.0,,,,0,1,24,16.7,63.8,4.5,1,0,0,0,1,1,4.2,71,3.4,75.0,16,21,14.1,3.67,1,3,12.5,57.1,12,14,0.0,27,54.0,0,7,,,,,77.2,67.2,76.3,69.8,,52.0,,2,0,31,21.4,109.2,11.1,3,3,0,2,1,1,3.2,220,10.5
Marcus Mariota,9435,QB,WAS,3,3.19,2.69,4.6,7.6,50,32,91.3,23,23,4.3,1.82,0,0,0.0,91.3,21,0,0.0,23,46.0,0,11,,,,,76.3,73.3,75.5,72.1,,,,0,0,25,,134.1,0.0,0,0,0,0,3,0,0.0,154,6.7,84.2,19,20,16.5,4.37,0,4,17.4,65.0,13,13,18.8,27,54.0,3,13,,,,,77.6,92.4,76.3,93.1,,52.8,,0,0,31,23.1,116.7,11.1,3,4,0,1,1,0,0.0,210,10.5
Tanner McKee,131770,QB,PHI,2,2.39,2.36,2.95,,47,24,74.1,27,28,7.6,1.98,1,1,3.6,64.3,18,10,10.0,28,59.6,2,10,,,,,77.0,71.6,75.9,70.5,,,,0,0,28,0.0,120.1,0.0,0,0,0,0,3,1,3.6,193,6.9,76.5,17,17,7.1,3.0,0,0,0.0,70.6,12,9,7.7,19,40.4,1,7,,,,,74.8,65.7,74.5,65.1,,,,0,0,19,22.2,112.4,10.5,2,0,0,0,1,0,0.0,130,7.6
Trey Lance,91399,QB,DAL,3,2.9,2.57,4.08,7.3,47,9,71.4,21,22,3.5,1.97,1,0,0.0,68.2,15,4,0.0,23,48.9,0,5,,,,,76.1,72.0,75.3,70.9,,,,0,0,24,25.0,77.1,4.3,1,0,0,0,0,0,0.0,96,4.4,64.7,17,19,13.1,3.79,0,0,0.0,52.6,10,11,9.1,24,51.1,1,9,,,,,76.6,59.1,75.6,59.2,,59.4,,1,1,26,27.3,61.3,12.5,3,2,0,1,0,1,3.8,170,8.9
Jimmy Garoppolo,8697,QB,LA,1,2.63,2.57,3.0,4.0,45,26,66.7,18,18,3.8,2.02,0,1,5.3,61.1,11,5,8.3,18,40.0,1,5,,,,,74.8,54.3,74.5,54.6,,,,0,1,19,0.0,58.8,0.0,0,0,0,0,0,1,5.3,125,6.9,77.3,22,23,5.6,3.04,0,0,0.0,69.6,16,15,5.9,27,60.0,1,11,,,,,76.8,81.5,75.8,81.2,,58.3,,0,0,27,20.0,126.9,11.1,3,1,0,1,2,0,0.0,209,9.1
Skylar Thompson,60417,QB,MIA,2,2.78,2.48,3.7,7.1,40,17,73.7,19,19,6.4,2.0,0,0,0.0,63.2,12,8,14.3,21,52.5,2,4,,,,,75.4,56.7,74.9,56.8,,,,0,0,21,25.0,77.5,9.5,2,0,0,0,0,1,4.8,104,5.5,75.0,12,14,9.7,3.63,0,0,0.0,64.3,9,9,0.0,19,47.5,0,4,,,,,15.0,29.4,74.7,32.6,,55.3,,1,0,20,44.4,80.4,21.1,4,1,0,1,0,2,10.0,83,5.9
Davis Mills,52269,QB,HST,4,2.35,2.32,2.5,3.2,39,13,63.2,19,20,5.5,1.79,1,0,0.0,55.0,11,2,8.3,21,53.8,1,4,,,,,75.6,59.3,75.0,59.2,,,,0,0,22,50.0,69.0,4.8,1,0,0,0,0,0,0.0,101,5.1,60.0,15,16,10.2,3.0,0,0,0.0,56.3,9,6,0.0,18,46.2,0,5,,,,,74.8,71.8,74.5,67.4,,65.9,,1,0,19,16.7,77.9,5.6,1,1,0,0,0,0,0.0,111,6.9
Bailey Zappe,60396,QB,CLV,1,2.68,2.55,3.7,5.8,33,8,73.3,15,15,6.9,1.87,0,1,6.3,73.3,11,1,0.0,15,45.5,0,5,,,,,74.2,51.9,74.1,52.4,,,,0,1,17,0.0,89.0,0.0,0,0,0,0,1,2,11.8,113,7.5,46.7,15,16,9.2,3.36,0,2,11.1,31.3,5,8,28.6,18,54.5,2,3,,,,,75.1,40.0,74.7,41.9,,58.3,,0,1,20,12.5,16.9,5.6,1,1,0,1,0,2,10.0,57,3.6
Brandon Allen,10835,QB,SF,2,2.78,2.65,3.35,5.8,33,28,80.0,15,15,7.9,2.05,0,0,0.0,73.3,11,1,8.3,15,45.5,1,6,,,,,73.5,71.4,73.7,70.4,,,,0,2,15,0.0,64.7,0.0,0,0,0,0,0,1,6.7,148,9.9,58.3,12,15,8.4,3.4,0,0,0.0,40.0,6,11,14.3,18,54.5,1,2,,,,,15.4,26.4,74.3,27.9,,55.7,,0,0,18,18.2,71.8,11.1,2,1,0,3,1,3,16.7,51,3.4
Joe Milton III,82151,QB,NE,1,3.33,3.42,,3.65,32,19,91.7,12,12,3.8,1.97,0,0,0.0,91.7,11,0,0.0,12,37.5,0,6,,,,,72.4,75.6,72.9,74.2,,,,0,0,12,,90.6,0.0,0,0,0,0,0,0,0.0,69,5.8,73.3,15,17,15.8,4.36,0,3,15.0,64.7,11,11,0.0,19,59.4,0,9,,,,,75.6,97.7,75.0,96.7,,62.9,,0,0,22,0.0,117.8,0.0,0,2,0,2,1,0,0.0,172,10.1
Mitch Trubisky,11757,QB,BUF,5,2.29,2.24,,5.7,28,4,92.9,14,14,1.4,1.61,0,0,0.0,92.9,13,2,0.0,14,50.0,0,5,,,,,73.2,67.6,73.5,66.8,,,,0,0,14,0.0,149.1,0.0,0,0,0,0,2,0,0.0,144,10.3,54.5,11,12,12.2,3.19,0,0,0.0,50.0,6,4,0.0,13,46.4,0,2,,,,,72.8,36.3,73.2,38.5,,58.3,,0,0,13,0.0,56.3,0.0,0,1,0,1,0,1,7.7,35,2.9
Carson Wentz,10636,QB,KC,2,2.61,2.23,4.48,4.9,25,16,61.5,13,14,4.1,1.93,0,0,0.0,57.1,8,6,0.0,15,60.0,0,3,,,,,73.9,49.1,73.9,49.8,,,,1,0,16,16.7,67.3,6.7,1,0,0,0,0,0,0.0,59,4.2,80.0,5,5,8.2,4.03,0,0,0.0,80.0,4,6,0.0,9,36.0,0,2,,,,,70.9,56.6,71.9,58.6,,58.3,,0,0,9,50.0,115.8,33.3,3,1,0,0,0,0,0.0,59,11.8
Tyrod Taylor,6332,QB,NYJ,2,2.69,2.52,,4.55,24,22,92.9,14,14,4.0,1.84,0,0,0.0,92.9,13,3,0.0,14,58.3,0,7,,,,,73.5,85.7,73.7,83.5,,,,0,0,15,0.0,132.4,0.0,0,0,0,0,3,0,0.0,88,6.3,57.1,7,8,6.3,3.87,0,0,0.0,50.0,4,5,0.0,10,41.7,0,2,,,,,72.4,66.4,72.9,62.1,,66.4,,0,0,12,0.0,59.9,0.0,0,2,0,1,0,0,0.0,31,3.9
Sam Howell,97599,QB,SEA,1,3.12,2.74,4.0,4.9,19,29,50.0,6,6,6.0,1.78,0,0,0.0,50.0,3,2,0.0,6,31.6,0,1,,,,,68.9,23.9,70.6,25.2,,,,0,1,6,0.0,16.7,0.0,0,0,0,0,0,2,33.3,14,2.3,42.9,7,8,7.1,3.74,0,0,0.0,25.0,2,10,33.3,13,68.4,1,0,,,,,72.8,42.1,73.2,43.9,,58.3,,1,0,13,40.0,39.6,30.8,4,1,0,0,0,0,0.0,10,1.3
Mike White,46453,QB,BUF,1,2.34,2.55,,,12,4,80.0,5,6,2.8,2.03,1,0,0.0,50.0,3,0,25.0,6,50.0,1,1,,,,,68.9,57.4,70.6,57.5,,,,0,0,6,,63.2,0.0,0,0,0,0,0,0,0.0,28,4.7,0.0,4,5,18.8,3.18,0,0,0.0,0.0,0,1,,5,41.7,0,0,,,,,68.0,42.3,69.9,43.7,,,,1,0,5,0.0,39.6,0.0,0,0,0,0,0,0,0.0,0,0.0
Hendon Hooker,60593,QB,DET,3,2.82,2.54,2.5,5.6,11,11,100.0,5,5,2.4,1.9,0,0,0.0,80.0,4,0,20.0,5,45.5,1,1,,,,,68.0,79.3,69.9,77.6,,,,0,0,5,,85.0,0.0,0,0,0,0,0,0,0.0,22,4.4,50.0,4,4,9.5,3.58,0,0,0.0,50.0,2,5,0.0,6,54.5,0,2,,,,,68.9,59.0,70.6,61.4,,58.3,,0,0,6,20.0,85.4,16.7,1,1,0,0,0,0,0.0,40,10.0
Taylor Heinicke,9896,QB,LAC,4,3.12,2.64,2.8,4.8,10,27,50.0,2,2,13.5,2.3,0,0,0.0,50.0,1,1,0.0,3,30.0,0,1,,,,,65.5,80.4,68.2,78.5,,,,0,0,3,100.0,81.3,33.3,1,0,0,0,0,0,0.0,18,9.0,100.0,3,3,1.3,3.47,0,0,0.0,66.7,2,2,33.3,7,70.0,1,1,,,,,69.6,62.9,71.1,58.8,,63.7,,0,0,7,100.0,71.5,28.6,2,2,0,0,0,0,0.0,10,3.3
Taysom Hill,12112,TE,NO,4,3.65,3.65,,,4,20,,0,0,,,0,0,,,0,0,,0,0.0,0,0,,,,,,,,,,,,0,0,0,,0.0,,0,0,0,0,0,0,,0,,50.0,4,4,13.5,3.65,0,0,0.0,50.0,2,2,0.0,4,100.0,0,1,,,,,68.0,33.8,69.7,39.5,,,,0,1,5,0.0,26.0,0.0,0,0,0,0,0,1,20.0,21,5.3
Josh Johnson,4474,QB,BLT,3,2.63,2.77,2.2,,4,3,,0,0,,2.2,0,0,,,0,1,,1,25.0,0,0,,,,,60.4,60.0,64.6,60.0,,,,0,0,1,100.0,0.0,100.0,1,0,0,0,0,0,0.0,0,,66.7,3,3,18.0,2.77,0,0,0.0,66.7,2,1,0.0,3,75.0,0,1,,,,,65.5,71.2,68.2,70.1,,,,0,0,3,0.0,81.3,0.0,0,0,0,0,0,0,0.0,17,5.7
Tyson Bagent,169628,QB,CHI,2,1.5,1.5,,,2,6,100.0,2,2,0.5,1.5,0,0,0.0,100.0,2,0,0.0,2,100.0,0,1,,,,,63.6,62.3,66.9,62.0,,,,0,0,2,,89.6,0.0,0,0,0,0,0,0,0.0,11,5.5,,0,0,,,0,0,,,0,0,,0,0.0,0,0,,,,,,,,,,,,0,0,0,,0.0,,0,0,0,0,0,0,,0,
Chris Oladokun,40364,QB,KC,1,7.0,,3.6,10.4,2,16,,0,0,,,0,0,,,0,0,,0,0.0,0,0,,,,,,,,,,,,0,0,0,,0.0,,0,0,0,0,0,0,,0,,,0,0,,7.0,0,0,,,0,1,,2,100.0,0,0,,,,,13.6,26.0,66.9,60.0,,57.9,,0,0,2,100.0,0.0,50.0,1,1,0,0,0,1,50.0,0,
Nick Mullens,12282,QB,MIN,2,2.15,2.15,,,2,18,100.0,2,2,12.0,2.15,0,0,0.0,100.0,2,1,0.0,2,100.0,0,2,,,,,63.6,77.2,66.9,75.5,,,,0,0,2,0.0,118.8,0.0,0,0,0,0,0,0,0.0,38,19.0,,0,0,,,0,0,,,0,0,,0,0.0,0,0,,,,,,,,,,,,0,0,0,,0.0,,0,0,0,0,0,0,,0,
Courtland Sutton,48164,WR,DEN,2,2.9,2.9,,,2,10,,0,0,,,0,0,,,0,0,,0,0.0,0,0,,,,,,,,,,,,0,0,0,,0.0,,0,0,0,0,0,0,,0,,100.0,2,2,9.0,2.9,0,0,0.0,100.0,2,1,0.0,2,100.0,0,2,,,,,63.6,89.9,67.3,78.4,,,,0,0,2,0.0,158.3,0.0,0,0,0,0,1,0,0.0,30,15.0
Cedrick Wilson Jr.,48170,WR,NO,2,5.6,3.3,7.9,,2,20,,0,0,,,0,0,,,0,0,,0,0.0,0,0,,,,,,,,,,,,0,0,0,,0.0,,0,0,0,0,0,0,,0,,100.0,1,1,20.0,5.6,0,0,0.0,100.0,1,1,0.0,2,100.0,0,1,,,,,63.6,76.8,66.7,70.3,,,,0,0,2,100.0,158.3,50.0,1,0,0,0,1,0,0.0,21,21.0
Justin Jefferson,61398,WR,MIN,2,5.85,3.7,,8.0,2,18,,0,0,,,0,0,,,0,0,,0,0.0,0,0,,,,,,,,,,,,0,0,0,,0.0,,0,0,0,0,0,0,,0,,100.0,1,1,-4.0,5.85,0,0,0.0,100.0,1,1,0.0,2,100.0,0,1,,,,,63.6,56.0,67.3,60.3,,58.3,,0,0,2,0.0,118.8,0.0,0,1,0,0,0,0,0.0,22,22.0
Clayton Tune,77652,QB,ARZ,1,1.3,1.3,,,2,1,100.0,2,2,1.0,1.3,0,0,0.0,100.0,2,0,0.0,2,100.0,0,0,,,,,63.6,61.7,66.9,61.5,,,,0,0,2,,83.3,0.0,0,0,0,0,0,0,0.0,8,4.0,,0,0,,,0,0,,,0,0,,0,0.0,0,0,,,,,,,,,,,,0,0,0,,0.0,,0,0,0,0,0,0,,0,
Stefon Diggs,9579,WR,HST,2,4.15,3.4,,4.9,2,13,,0,0,,,0,0,,,0,0,,0,0.0,0,0,,,,,,,,,,,,0,0,0,,0.0,,0,0,0,0,0,0,,0,,100.0,1,1,-4.0,4.15,0,0,0.0,100.0,1,0,0.0,2,100.0,0,2,,,,,63.6,68.1,66.4,60.4,,62.6,,0,0,2,,118.8,0.0,0,1,0,0,0,0,0.0,13,13.0
Ricky Pearsall,100660,WR,SF,1,5.75,4.9,,6.6,2,28,,0,0,,,0,0,,,0,0,,0,0.0,0,0,,,,,,,,,,,,0,0,0,,0.0,,0,0,0,0,0,0,,0,,,0,1,,5.75,0,0,0.0,0.0,0,2,,2,100.0,0,0,,,,,63.6,50.6,67.2,60.0,,58.3,,0,0,2,0.0,39.6,0.0,0,1,0,1,0,0,0.0,0,0.0
Johnny Hekker,7252,P,CAR,2,2.15,2.15,,,2,5,0.0,2,2,10.5,2.15,0,0,0.0,0.0,0,0,,2,100.0,0,0,,,,,63.6,47.9,67.4,50.7,,,,0,0,2,,39.6,0.0,0,0,0,0,0,0,0.0,0,0.0,,0,0,,,0,0,,,0,0,,0,0.0,0,0,,,,,,,,,,,,0,0,0,,0.0,,0,0,0,0,0,0,,0,
Bryan Anger,7072,P,DAL,2,1.95,1.95,,,2,9,50.0,2,2,6.5,1.95,0,0,0.0,50.0,1,0,0.0,2,100.0,0,0,,,,,63.6,44.6,67.4,44.8,,,,0,0,2,,56.3,0.0,0,0,0,0,0,1,50.0,4,2.0,,0,0,,,0,0,,,0,0,,0,0.0,0,0,,,,,,,,,,,,0,0,0,,0.0,,0,0,0,0,0,0,,0,
Adonai Mitchell,146712,WR,IND,2,1.75,3.5,,,2,14,,0,0,,,0,0,,,0,0,,0,0.0,0,0,,,,,,,,,,,,0,0,0,,0.0,,0,0,0,0,0,0,,0,,100.0,1,1,-6.0,3.5,0,0,0.0,100.0,1,0,0.0,1,50.0,0,1,,,,,60.4,62.2,64.9,60.0,,,,0,0,1,,118.8,0.0,0,0,0,0,0,0,0.0,24,24.0
Darnell Mooney,48236,WR,ATL,1,4.2,4.2,,,1,2,,0,0,,,0,0,,,0,0,,0,0.0,0,0,,,,,,,,,,,,0,0,0,,0.0,,0,0,0,0,0,0,,0,,,0,1,,4.2,0,0,0.0,0.0,0,1,,1,100.0,0,0,,,,,60.4,55.6,63.6,60.0,,,,0,0,1,0.0,39.6,0.0,0,0,0,1,0,0,0.0,0,0.0
Tutu Atwell,77965,WR,LA,1,3.4,3.4,,,1,26,,0,0,,,0,0,,,0,0,,0,0.0,0,0,,,,,,,,,,,,0,0,0,,0.0,,0,0,0,0,0,0,,0,,0.0,1,1,35.0,3.4,0,0,0.0,0.0,0,0,,1,100.0,0,0,,,,,60.4,59.5,64.9,59.7,,,,0,0,1,,39.6,0.0,0,0,0,0,0,0,0.0,0,0.0
Dyami Brown,77986,WR,WAS,1,3.7,3.7,,,1,32,,0,0,,,0,0,,,0,0,,0,0.0,0,0,,,,,,,,,,,,0,0,0,,0.0,,0,0,0,0,0,0,,0,,100.0,1,1,39.0,3.7,0,0,0.0,0.0,0,0,100.0,1,100.0,1,0,,,,,60.4,88.1,64.9,73.4,,,,0,0,1,,39.6,0.0,0,0,0,0,0,0,0.0,0,0.0
Penei Sewell,81788,T,DET,1,6.2,,6.2,,1,11,,0,0,,,0,0,,,0,0,,0,0.0,0,0,,,,,,,,,,,,0,0,0,,0.0,,0,0,0,0,0,0,,0,,,0,0,,6.2,0,0,,,0,1,,1,100.0,0,0,,,,,60.4,55.6,63.6,60.0,,,,0,0,1,100.0,0.0,100.0,1,0,0,0,0,0,0.0,0,
Miles Killebrew,10745,S,PIT,1,1.1,1.1,,,1,25,100.0,1,1,17.0,1.1,0,0,0.0,0.0,0,0,100.0,1,100.0,1,0,,,,,60.4,73.1,60.4,68.8,,,,0,0,1,,39.6,0.0,0,0,0,0,0,0,0.0,0,0.0,,0,0,,,0,0,,,0,0,,0,0.0,0,0,,,,,,,,,,,,0,0,0,,0.0,,0,0,0,0,0,0,,0,
Tyler Boyd,10689,WR,TEN,1,3.2,3.2,,,1,31,,0,0,,,0,0,,,0,0,,0,0.0,0,0,,,,,,,,,,,,0,0,0,,0.0,,0,0,0,0,0,0,,0,,0.0,1,1,25.0,3.2,0,0,0.0,0.0,0,0,,1,100.0,0,0,,,,,60.4,41.6,64.9,51.2,,,,0,0,1,,39.6,0.0,0,0,0,0,0,0,0.0,0,0.0
Allen Lazard,48135,WR,NYJ,1,5.3,5.3,,,1,22,,0,0,,,0,0,,,0,0,,0,0.0,0,0,,,,,,,,,,,,0,0,0,,0.0,,0,0,0,0,0,0,,0,,,0,1,,5.3,0,0,0.0,0.0,0,0,,1,100.0,0,0,,,,,60.4,55.6,64.9,60.0,,,,0,0,1,,39.6,0.0,0,0,0,1,0,0,0.0,0,0.0
Jakobi Meyers,47468,WR,LV,1,4.7,,4.7,,1,23,,0,0,,,0,0,,,0,0,,0,0.0,0,0,,,,,,,,,,,,0,0,0,,0.0,,0,0,0,0,0,0,,0,,,0,0,,4.7,0,0,,,0,1,,1,100.0,0,0,,,,,60.4,55.6,64.9,60.0,,,,0,0,1,100.0,0.0,100.0,1,0,0,0,0,0,0.0,0,
Kendrick Bourne,12270,WR,NE,1,3.2,3.2,,,1,19,,0,0,,,0,0,,,0,0,,0,0.0,0,0,,,,,,,,,,,,0,0,0,,0.0,,0,0,0,0,0,0,,0,,0.0,1,1,0.0,3.2,0,0,0.0,0.0,0,0,,1,100.0,0,0,,,,,60.4,46.5,64.9,57.7,,,,0,0,1,,39.6,0.0,0,0,0,0,0,0,0.0,0,0.0
Amon-Ra St. Brown,84470,WR,DET,1,3.9,3.9,,,1,11,,0,0,,,0,0,,,0,0,,0,0.0,0,0,,,,,,,,,,,,0,0,0,,0.0,,0,0,0,0,0,0,,0,,100.0,1,1,5.0,3.9,0,0,0.0,100.0,1,0,0.0,1,100.0,0,1,,,,,60.4,91.3,64.9,60.5,,,,0,0,1,,135.4,0.0,0,0,0,0,1,0,0.0,7,7.0
Jarrett Stidham,13725,QB,DEN,1,3.8,,,3.8,1,10,,0,0,,,0,0,,,0,0,,0,0.0,0,0,,,,,,,,,,,,0,0,0,,0.0,,0,0,0,0,0,0,,0,,,0,0,,3.8,0,0,,,0,0,,1,100.0,0,1,,,,,60.4,66.5,64.6,,,63.3,,0,0,1,,0.0,0.0,0,1,0,0,0,0,0.0,0,
AJ Cole,36038,P,LV,1,2.2,2.2,,,1,23,100.0,1,1,4.0,2.2,0,0,0.0,100.0,1,0,0.0,1,100.0,0,1,,,,,60.4,70.3,65.7,66.9,,,,0,0,1,,118.8,0.0,0,0,0,0,0,0,0.0,34,34.0,,0,0,,,0,0,,,0,0,,0,0.0,0,0,,,,,,,,,,,,0,0,0,,0.0,,0,0,0,0,0,0,,0,
Kyle Allen,26152,QB,PIT,1,2.2,2.2,,,1,25,100.0,1,1,13.0,2.2,0,0,0.0,100.0,1,0,0.0,1,100.0,0,1,,,,,60.4,73.1,64.6,71.6,,,,0,0,1,,118.8,0.0,0,0,0,0,0,0,0.0,19,19.0,,0,0,,,0,0,,,0,0,,0,0.0,0,0,,,,,,,,,,,,0,0,0,,0.0,,0,0,0,0,0,0,,0,
Saquon Barkley,45791,HB,PHI,1,4.1,,4.1,,1,24,,0,0,,,0,0,,,0,0,,0,0.0,0,0,,,,,,,,,,,,0,0,0,,0.0,,0,0,0,0,0,0,,0,,,0,0,,4.1,0,0,,,0,1,,1,100.0,0,0,,,,,60.4,60.0,64.6,60.0,,,,0,0,1,100.0,0.0,100.0,1,0,0,0,0,0,0.0,0,
David Montgomery,45719,HB,DET,1,2.7,2.7,,,1,11,,0,0,,,0,0,,,0,0,,0,0.0,0,0,,,,,,,,,,,,0,0,0,,0.0,,0,0,0,0,0,0,,0,,100.0,1,1,11.0,2.7,0,0,0.0,100.0,1,0,0.0,1,100.0,0,1,,,,,60.4,72.0,62.8,69.5,,,,0,0,1,,118.8,0.0,0,0,0,0,1,0,0.0,3,3.0
JK Scott,38809,P,LAC,1,2.8,2.8,,,1,27,,0,0,,,0,0,,,0,0,,0,0.0,0,0,,,,,,,,,,,,0,0,0,,0.0,,0,0,0,0,0,0,,0,,100.0,1,1,-4.0,2.8,0,0,0.0,100.0,1,0,0.0,1,100.0,0,0,,,,,60.4,60.8,65.7,60.3,,,,0,0,1,,79.2,0.0,0,0,0,0,0,0,0.0,3,3.0
Keenan Allen,7857,WR,CHI,1,5.5,5.5,,,1,6,,0,0,,,0,0,,,0,0,,0,0.0,0,0,,,,,,,,,,,,0,0,0,,0.0,,0,0,0,0,0,0,,0,,0.0,1,1,19.0,5.5,0,0,0.0,0.0,0,0,,1,100.0,0,0,,,,,63.6,27.0,67.3,36.8,,,,0,1,2,,0.0,0.0,0,0,0,0,0,1,50.0,0,0.0
Kyle Trask,39987,QB,TB,1,1.0,1.0,,,1,30,100.0,1,1,-3.0,1.0,0,0,0.0,100.0,1,0,0.0,1,100.0,0,0,,,,,60.4,60.2,64.6,60.0,,,,0,0,1,,87.5,0.0,0,0,0,0,0,0,0.0,5,5.0,,0,0,,,0,0,,,0,0,,0,0.0,0,0,,,,,,,,,,,,0,0,0,,0.0,,0,0,0,0,0,0,,0,
Jaxon Smith-Njigba,129758,WR,SEA,1,3.8,3.8,,,1,29,,0,0,,,0,0,,,0,0,,0,0.0,0,0,,,,,,,,,,,,0,0,0,,0.0,,0,0,0,0,0,0,,0,,100.0,1,1,33.0,3.8,0,0,0.0,100.0,1,1,0.0,1,100.0,0,1,,,,,60.4,59.5,64.9,59.7,,,,0,0,1,0.0,118.8,0.0,0,0,0,0,0,0,0.0,35,35.0
Malik Nabers,146759,WR,NYG,1,4.3,4.3,,,1,21,,0,0,,,0,0,,,0,0,,0,0.0,0,0,,,,,,,,,,,,0,0,0,,0.0,,0,0,0,0,0,0,,0,,,0,1,,4.3,0,0,0.0,0.0,0,1,,1,100.0,0,0,,,,,60.4,60.0,64.6,60.0,,,,0,0,1,0.0,39.6,0.0,0,0,0,1,0,0,0.0,0,0.0
Joe Mixon,11803,HB,HST,1,2.8,2.8,,,1,13,,0,0,,,0,0,,,0,0,,0,0.0,0,0,,,,,,,,,,,,0,0,0,,0.0,,0,0,0,0,0,0,,0,,0.0,1,1,18.0,2.8,0,0,0.0,0.0,0,0,,1,100.0,0,0,,,,,60.4,54.3,64.6,54.9,,,,0,0,1,,39.6,0.0,0,0,0,0,0,0,0.0,0,0.0
Deebo Samuel,48274,WR,SF,1,8.7,,8.7,,1,28,,0,0,,,0,0,,,0,0,,0,0.0,0,0,,,,,,,,,,,,0,0,0,,0.0,,0,0,0,0,0,0,,0,,,0,0,,8.7,0,0,,,0,1,,1,100.0,0,0,,,,,60.4,55.6,64.9,60.0,,,,0,0,1,100.0,0.0,100.0,1,0,0,0,0,0,0.0,0,
DJ Moore,48267,WR,CHI,1,3.2,3.2,,,1,6,,0,0,,,0,0,,,0,0,,0,0.0,0,0,,,,,,,,,,,,0,0,0,,0.0,,0,0,0,0,0,0,,0,,0.0,1,1,36.0,3.2,0,0,0.0,0.0,0,0,,1,100.0,0,0,,,,,60.4,59.5,71.9,59.7,,,,0,0,1,,39.6,0.0,0,0,0,0,0,0,0.0,0,0.0
Jack Fox,34735,P,DET,1,2.0,2.0,,,1,11,100.0,1,1,15.0,2.0,0,0,0.0,100.0,1,0,0.0,1,100.0,0,1,,,,,60.4,73.1,65.7,68.8,,,,0,0,1,,118.8,0.0,0,0,0,0,0,0,0.0,17,17.0,,0,0,,,0,0,,,0,0,,0,0.0,0,0,,,,,,,,,,,,0,0,0,,0.0,,0,0,0,0,0,0,,0,
Ty Chandler,62942,HB,MIN,1,4.9,,4.9,,1,18,,0,0,,,0,0,,,0,0,,0,0.0,0,0,,,,,,,,,,,,0,0,0,,0.0,,0,0,0,0,0,0,,0,,,0,0,,4.9,0,0,,,0,1,,1,100.0,0,0,,,,,60.4,60.0,62.8,60.0,,,,0,0,1,100.0,0.0,100.0,1,0,0,0,0,0,0.0,0,
Riley Dixon,10862,P,DEN,1,0.9,0.9,,,1,10,100.0,1,1,-4.0,0.9,0,0,0.0,100.0,1,0,0.0,1,100.0,0,0,,,,,60.4,61.3,60.5,60.4,,,,0,0,1,,79.2,0.0,0,0,0,0,0,0,0.0,3,3.0,,0,0,,,0,0,,,0,0,,0,0.0,0,0,,,,,,,,,,,,0,0,0,,0.0,,0,0,0,0,0,0,,0,
Jalen Coker,143068,WR,CAR,1,3.0,3.0,,,1,5,,0,0,,,0,0,,,0,0,,0,0.0,0,0,,,,,,,,,,,,0,0,0,,0.0,,0,0,0,0,0,0,,0,,100.0,1,1,15.0,3.0,0,0,0.0,100.0,1,0,0.0,1,100.0,0,1,,,,,60.4,78.4,64.9,68.8,,,,0,0,1,,118.8,0.0,0,0,0,0,0,0,0.0,19,19.0
