player,player_id,position,team_name,player_game_count,declined_penalties,franchise_id,grades_pass_block,hits_allowed,hurries_allowed,non_spike_pass_block,non_spike_pass_block_percentage,pass_block_percent,pbe,penalties,pressures_allowed,sacks_allowed,snap_counts_pass_block,snap_counts_pass_play,true_pass_set_grades_pass_block,true_pass_set_hits_allowed,true_pass_set_hurries_allowed,true_pass_set_non_spike_pass_block,true_pass_set_non_spike_pass_block_percentage,true_pass_set_pass_block_percent,true_pass_set_pbe,true_pass_set_pressures_allowed,true_pass_set_sacks_allowed,true_pass_set_snap_counts_pass_block,true_pass_set_snap_counts_pass_play
Sam Cosmi,60114,G,WAS,17,0,32,74.0,4,26,736,100.0,100.0,97.8,1,31,1,777,777,71.4,2,19,366,100.0,100.0,96.9,22,1,386,386
Rashawn Slater,59971,T,LAC,17,0,27,84.7,7,28,719,100.0,100.0,97.1,5,38,3,762,762,80.6,5,22,360,100.0,100.0,95.7,29,2,384,384
Jamaree Salyer,81656,G,LAC,17,0,27,61.2,8,25,711,100.0,100.0,96.6,1,41,8,754,754,50.3,7,18,358,100.0,100.0,94.6,32,7,382,382
Luke Fortner,42028,C,JAX,17,0,15,54.9,3,21,708,100.0,100.0,97.7,1,28,4,749,749,39.2,3,11,309,100.0,100.0,96.4,18,4,335,335
Creed Humphrey,59996,C,KC,17,0,16,78.6,3,9,697,100.0,100.0,98.6,2,16,4,741,741,79.3,2,4,336,100.0,100.0,98.2,9,3,367,367
Joe Thuney,10712,G,KC,17,0,16,83.4,6,25,696,100.0,100.0,97.5,1,33,2,740,740,71.6,5,22,335,100.0,100.0,95.4,29,2,366,366
Trey Pipkins III,91462,T,LAC,17,2,27,67.3,8,32,694,100.0,99.9,95.8,5,49,9,736,737,61.9,7,25,348,100.0,100.0,93.1,40,8,372,372
Terence Steele,39461,T,DAL,17,1,9,45.9,12,34,684,100.0,100.0,95.5,2,54,8,735,735,30.2,10,28,270,100.0,100.0,90.4,45,7,297,297
Laken Tomlinson,9461,G,NYJ,17,0,22,60.6,10,34,692,100.0,100.0,95.8,0,51,7,733,733,46.4,9,22,335,100.0,100.0,93.6,37,6,359,359
Taylor Moton,11819,T,CAR,17,0,5,78.1,0,40,684,100.0,100.0,96.9,1,41,1,730,730,73.2,0,36,391,100.0,100.0,95.1,37,1,420,420
Cordell Volson,30614,G,CIN,17,1,7,46.7,6,27,694,100.0,100.0,96.9,2,38,5,730,730,41.5,3,19,315,100.0,100.0,94.9,27,5,333,333
Trey Smith,62960,G,KC,17,2,16,65.7,5,27,686,100.0,100.0,97.4,5,34,2,730,730,52.7,5,23,333,100.0,100.0,95.2,30,2,364,364
Bradley Bozeman,27934,C,CAR,17,0,5,48.9,5,19,684,100.0,100.0,97.1,1,32,8,730,730,40.8,5,15,391,100.0,100.0,95.9,26,6,420,420
Ikem Ekwonu,98286,T,CAR,17,2,5,62.3,9,24,684,100.0,100.0,96.0,4,44,11,730,730,56.9,6,17,391,100.0,100.0,94.8,32,9,420,420
Jonah Williams,41651,T,CIN,17,2,7,57.9,10,23,694,100.0,100.0,96.5,4,41,8,730,730,53.2,4,17,315,100.0,100.0,94.1,29,8,333,333
Jawaan Taylor,41665,T,KC,17,2,16,66.4,9,33,683,99.9,99.9,96.2,9,47,5,727,728,61.8,8,25,331,100.0,100.0,94.1,36,3,362,362
Ted Karras,10855,C,CIN,17,0,7,69.6,3,12,689,100.0,100.0,98.0,1,21,6,725,725,63.4,1,10,313,100.0,100.0,96.6,16,5,331,331
Alex Cappa,66578,G,CIN,17,0,7,58.6,7,24,681,100.0,100.0,97.1,2,35,4,716,716,53.4,2,20,309,100.0,100.0,95.5,25,3,326,326
Orlando Brown Jr.,46227,T,CIN,17,0,7,66.6,7,45,678,100.0,100.0,95.1,1,59,7,714,714,53.5,6,33,305,100.0,100.0,91.6,45,6,323,323
Brandon Scherff,9438,G,JAX,17,0,15,78.7,2,11,671,100.0,100.0,98.7,1,15,2,710,710,70.1,2,8,294,100.0,100.0,97.6,12,2,319,319
Wyatt Teller,46131,G,CLV,16,2,8,68.6,4,17,663,100.0,100.0,97.5,4,27,6,709,709,58.3,3,11,299,100.0,100.0,95.7,20,6,320,320
Shaq Mason,9564,G,HST,17,0,13,65.8,1,28,659,100.0,100.0,97.3,2,32,3,707,707,65.8,0,21,302,100.0,100.0,96.2,22,1,322,322
Anton Harrison,122929,T,JAX,17,0,15,60.7,2,20,665,100.0,100.0,97.6,2,27,5,701,701,48.0,2,15,282,100.0,100.0,95.2,22,5,305,305
Connor McGovern,41714,G,BUF,17,1,4,74.2,4,17,651,100.0,100.0,98.1,3,23,2,695,695,62.5,3,17,281,100.0,100.0,96.1,21,1,310,310
O'Cyrus Torrence,102821,G,BUF,17,1,4,49.2,3,34,651,100.0,100.0,96.7,4,40,3,695,695,35.4,1,24,281,100.0,100.0,94.8,27,2,310,310
Spencer Brown,42296,T,BUF,17,1,4,65.0,5,30,650,100.0,100.0,96.5,4,40,5,694,694,55.0,2,19,281,100.0,100.0,94.8,25,4,310,310
Andrew Wylie,12333,T,WAS,15,1,32,67.5,6,27,657,100.0,100.0,96.1,3,42,9,693,693,60.3,6,20,334,100.0,100.0,93.7,34,8,354,354
Mitch Morse,9482,C,BUF,17,1,4,74.0,2,23,649,100.0,100.0,97.9,3,26,1,693,693,60.8,2,18,281,100.0,100.0,96.1,21,1,310,310
Dion Dawkins,11818,T,BUF,17,1,4,76.4,7,26,645,100.0,100.0,97.3,5,34,1,689,689,65.3,5,20,278,100.0,100.0,95.1,26,1,307,307
Cody Mauch,66637,G,TB,17,0,30,52.2,6,35,641,100.0,100.0,95.7,2,48,7,686,686,47.1,4,27,300,100.0,100.0,92.8,37,6,324,324
Quenton Nelson,12954,G,IND,17,0,14,80.3,3,17,643,100.0,100.0,98.3,3,21,1,686,686,76.1,2,11,288,100.0,100.0,97.7,13,0,310,310
Robert Hainsey,59980,C,TB,17,1,30,60.8,2,21,641,100.0,100.0,97.6,3,27,4,686,686,56.5,1,14,300,100.0,100.0,96.5,18,3,324,324
Luke Goedeke,77548,T,TB,17,3,30,71.2,5,30,641,100.0,100.0,96.5,6,40,5,686,686,68.3,3,21,300,100.0,100.0,95.0,27,3,324,324
Steve Avila,77319,G,LA,17,0,26,67.2,7,23,638,100.0,100.0,97.3,2,32,2,685,685,53.9,4,21,317,100.0,100.0,95.7,26,1,344,344
Paris Johnson Jr.,129749,T,ARZ,17,3,1,64.2,8,26,634,100.0,100.0,96.1,8,42,8,685,685,58.7,6,15,280,100.0,100.0,94.1,27,6,304,304
Tristan Wirfs,64818,T,TB,17,0,30,84.3,6,13,639,100.0,100.0,97.7,1,24,5,684,684,77.9,2,10,299,100.0,100.0,96.3,17,5,323,323
Hjalte Froholdt,44959,C,ARZ,17,0,1,61.1,4,16,628,100.0,100.0,97.9,4,23,3,679,679,56.8,2,8,277,100.0,100.0,97.5,12,2,301,301
Will Fries,41530,G,IND,17,1,14,65.4,4,22,634,100.0,100.0,97.3,3,30,4,677,677,56.9,4,15,284,100.0,100.0,95.6,22,3,306,306
Jordan Mailata,66916,T,PHI,17,0,24,83.2,2,40,650,99.7,99.7,96.3,3,45,3,677,679,74.9,0,31,314,100.0,100.0,94.1,34,3,330,330
Erik McCoy,37347,C,NO,17,0,20,59.3,2,20,651,100.0,100.0,97.7,1,26,4,675,675,48.6,2,18,337,100.0,100.0,96.4,22,2,354,354
Penei Sewell,81788,T,DET,17,0,11,78.1,5,14,639,99.8,99.9,98.4,4,20,1,674,675,74.1,5,9,288,100.0,100.0,97.2,15,1,300,300
Will Hernandez,46180,G,ARZ,17,0,1,70.2,6,19,621,100.0,100.0,97.3,1,29,4,671,671,59.3,2,14,272,100.0,100.0,95.6,20,4,295,295
Coleman Shelton,39316,C,LA,17,1,26,48.9,11,21,626,100.0,100.0,97.1,2,34,2,671,671,39.0,7,14,313,100.0,100.0,96.0,23,2,340,340
Josh Myers,59992,C,GB,17,1,12,52.7,3,20,629,100.0,100.0,97.4,2,28,5,662,662,31.6,3,14,263,100.0,100.0,96.0,19,2,275,275
Zion Johnson,99681,G,LAC,15,0,27,58.8,7,22,623,100.0,100.0,97.0,2,33,4,661,661,53.4,5,18,314,100.0,100.0,95.1,27,4,335,335
Zach Tom,55443,T,GB,17,1,12,73.9,2,29,623,100.0,100.0,97.2,2,33,2,656,656,62.1,1,22,257,100.0,100.0,94.7,25,2,269,269
Jason Kelce,6343,C,PHI,17,0,24,70.2,1,10,627,100.0,100.0,99.0,0,12,1,654,654,70.9,0,8,301,100.0,100.0,98.7,8,0,317,317
Tyler Biadasz,41178,C,DAL,16,0,9,63.4,4,18,610,100.0,100.0,97.7,1,25,3,654,654,61.8,2,8,249,100.0,100.0,97.6,11,1,273,273
Christian Darrisaw,77373,T,MIN,15,2,18,85.3,13,12,609,100.0,100.0,97.0,2,31,6,650,650,79.2,10,7,283,100.0,100.0,95.2,22,5,298,298
David Andrews,9948,C,NE,17,1,19,51.2,2,22,626,100.0,100.0,97.1,1,30,6,649,649,42.7,1,16,303,100.0,100.0,95.5,22,5,314,314
Garett Bolles,11775,T,DEN,17,0,10,83.8,2,27,603,100.0,100.0,97.1,4,32,3,649,649,77.8,1,19,263,100.0,100.0,95.4,22,2,286,286
Ben Powers,41482,G,DEN,17,0,10,62.1,2,25,603,100.0,100.0,97.1,1,31,4,649,649,48.2,2,18,263,100.0,100.0,94.7,24,4,286,286
Lloyd Cushenberry III,41924,C,DEN,17,0,10,76.4,4,9,601,100.0,100.0,98.8,2,14,1,647,647,63.7,4,7,263,100.0,100.0,97.5,12,1,286,286
Darnell Wright,98480,T,CHI,17,1,6,61.4,3,41,618,100.0,100.0,95.3,4,51,7,646,646,62.9,0,29,291,100.0,100.0,94.0,32,3,303,303
Mekhi Becton,59818,T,NYJ,16,3,22,60.7,8,30,610,100.0,100.0,94.9,7,50,12,644,644,55.1,6,24,293,100.0,100.0,91.8,39,9,313,313
John Simpson,41715,G,BLT,17,0,3,61.8,5,20,602,100.0,100.0,97.8,5,26,1,644,644,65.1,1,14,277,100.0,100.0,96.9,16,1,302,302
Ben Bredeson,27305,G,NYG,16,2,21,42.4,1,33,604,100.0,100.0,96.4,4,39,5,641,641,28.9,0,26,308,100.0,100.0,94.2,31,5,326,326
Ed Ingram,59819,G,MIN,15,1,18,60.9,15,22,597,100.0,100.0,96.1,4,42,5,640,640,44.8,12,15,270,100.0,100.0,93.5,31,4,287,287
Quinn Meinerz,112915,G,DEN,17,0,10,67.8,5,16,588,100.0,100.0,97.9,1,23,2,634,634,56.6,3,14,259,100.0,100.0,95.9,19,2,282,282
Dylan Parham,60953,G,LV,17,0,23,61.8,5,20,605,100.0,100.0,97.8,1,26,1,633,633,64.3,3,17,293,100.0,100.0,96.2,21,1,309,309
Matthew Bergeron,99658,G,ATL,17,0,2,57.1,8,19,599,100.0,100.0,96.7,1,33,6,632,632,42.6,6,12,218,100.0,100.0,93.6,23,5,228,228
Charles Leno Jr.,8880,T,WAS,13,1,32,77.8,5,26,598,100.0,100.0,96.9,4,34,3,631,631,72.9,2,21,300,100.0,100.0,95.5,25,2,319,319
Evan Brown,38709,C,SEA,16,1,29,59.1,3,21,583,100.0,100.0,97.4,1,27,3,630,630,53.6,1,15,271,100.0,100.0,95.9,19,3,293,293
Greg Van Roten,7746,G,LV,17,0,23,77.4,3,13,598,100.0,100.0,97.8,0,21,5,626,626,66.9,2,8,288,100.0,100.0,96.5,15,5,304,304
Landon Dickerson,41712,G,PHI,16,0,24,77.6,5,26,599,100.0,100.0,96.9,1,34,3,624,624,70.1,4,17,297,100.0,100.0,96.5,21,0,312,312
Aaron Brewer,46014,C,TEN,17,0,31,52.5,7,21,577,100.0,100.0,96.5,1,34,6,622,622,28.5,5,17,249,100.0,100.0,93.6,27,5,270,270
Joel Bitonio,8670,G,CLV,15,1,8,71.2,3,27,581,100.0,100.0,97.1,2,32,2,621,621,60.9,3,23,261,100.0,100.0,94.6,27,1,281,281
Bernhard Raimann,77948,T,IND,15,2,14,81.3,5,25,586,100.0,100.0,96.8,4,34,4,620,620,70.9,3,20,260,100.0,100.0,94.8,25,2,278,278
Graham Glasgow,10729,G,DET,16,0,11,56.2,7,30,583,100.0,100.0,96.5,1,39,2,614,614,48.1,4,21,265,100.0,100.0,94.5,27,2,276,276
Damien Lewis,81532,G,SEA,16,0,29,63.0,1,25,566,100.0,100.0,97.2,2,29,3,610,610,52.6,1,20,268,100.0,100.0,95.3,23,2,290,290
Tyler Smith,98385,G,DAL,14,2,9,68.7,2,14,565,100.0,100.0,98.4,7,17,1,608,608,69.2,1,7,232,100.0,100.0,97.8,9,1,255,255
Chris Lindstrom,46692,G,ATL,16,2,2,78.6,2,10,574,100.0,100.0,98.4,2,15,3,606,606,74.9,1,7,214,100.0,100.0,97.2,10,2,224,224
Mason Cole,45547,C,PIT,17,0,25,39.6,5,24,567,100.0,100.0,97.1,0,31,2,604,604,28.7,4,21,299,100.0,100.0,95.2,27,2,324,324
Cesar Ruiz,59857,G,NO,16,0,20,58.3,2,20,582,100.0,100.0,97.3,0,27,5,603,603,39.2,2,17,301,100.0,100.0,95.2,24,5,317,317
Taylor Decker,10650,T,DET,15,0,11,80.0,7,23,569,100.0,99.8,96.0,3,38,8,598,599,63.8,5,20,247,100.0,100.0,91.7,33,8,256,256
Jake Matthews,8641,T,ATL,17,1,2,80.1,5,17,567,100.0,100.0,97.2,2,27,5,596,596,68.6,3,11,212,100.0,100.0,94.8,18,4,220,220
Austin Jackson,60816,T,MIA,16,2,17,64.7,3,14,564,100.0,100.0,97.8,3,21,4,592,592,52.4,1,9,156,100.0,100.0,94.9,13,3,161,161
Brian O'Neill,46854,T,MIN,14,1,18,73.4,2,25,551,100.0,100.0,96.5,3,33,6,590,590,67.6,2,21,254,100.0,100.0,93.5,28,5,270,270
Isaac Seumalo,10713,G,PIT,17,0,25,65.5,4,22,549,100.0,100.0,97.6,0,26,0,586,586,50.5,3,19,286,100.0,100.0,96.2,22,0,311,311
Andre James,47058,C,LV,16,0,23,71.2,4,11,556,100.0,100.0,97.9,1,19,4,583,583,64.6,0,7,269,100.0,100.0,97.6,10,3,285,285
Ethan Pocic,11813,C,CLV,15,1,8,70.7,2,14,541,100.0,100.0,98.3,2,17,1,582,582,68.6,1,9,237,100.0,100.0,97.9,10,0,255,255
Zack Martin,8651,G,DAL,15,2,9,77.2,7,11,539,100.0,100.0,97.6,2,22,4,581,581,77.1,3,5,222,100.0,100.0,97.3,10,2,245,245
Garrett Bradbury,46013,C,MIN,14,1,18,56.8,5,14,543,100.0,100.0,97.7,1,22,3,578,578,52.4,4,10,255,100.0,100.0,96.1,17,3,268,268
Joe Tippmann,101568,C,NYJ,14,3,22,52.7,2,15,549,100.0,100.0,97.9,4,20,3,578,578,40.7,1,13,261,100.0,100.0,96.6,16,2,277,277
Frank Ragnow,39137,C,DET,15,0,11,73.9,5,12,546,100.0,100.0,98.3,1,18,1,576,576,63.8,2,9,248,100.0,100.0,97.4,12,1,258,258
Kevin Zeitler,7032,G,BLT,15,1,3,82.5,1,16,533,100.0,100.0,98.0,3,19,2,574,574,71.7,1,13,243,100.0,100.0,96.3,16,2,267,267
Colton McKivitz,29314,T,SF,17,0,28,56.4,4,34,539,100.0,100.0,94.8,0,47,9,573,573,50.6,2,26,225,100.0,100.0,91.1,34,6,244,244
Lane Johnson,7786,T,PHI,16,0,24,79.5,2,28,547,100.0,100.0,96.7,1,33,3,572,572,76.1,2,19,256,100.0,100.0,95.5,22,1,271,271
Jake Brendel,11117,C,SF,17,0,28,42.3,3,24,537,100.0,100.0,97.1,0,29,2,571,571,57.5,1,11,225,100.0,100.0,96.9,13,1,244,244
Alaric Jackson,40972,T,LA,15,0,26,67.2,7,31,530,100.0,100.0,96.2,1,39,1,570,570,59.2,4,26,270,100.0,100.0,94.1,31,1,291,291
Mike McGlinchey,46275,T,DEN,16,1,10,63.5,8,35,528,100.0,100.0,94.8,1,49,6,569,569,61.0,4,25,225,100.0,100.0,91.8,33,4,246,246
D.J. Humphries,9457,T,ARZ,15,0,1,68.4,5,19,525,100.0,100.0,97.0,5,28,4,568,568,63.5,2,15,230,100.0,100.0,95.4,19,2,251,251
Jon Runyan,36661,G,GB,17,1,12,63.5,6,13,538,100.0,100.0,97.9,1,21,2,568,568,52.0,5,7,230,100.0,100.0,97.0,13,1,240,240
Lucas Patrick,11435,C,CHI,16,1,6,40.6,3,25,539,100.0,100.0,97.4,5,28,0,563,563,32.8,3,16,255,100.0,100.0,96.3,19,0,264,264
George Fant,11282,T,HST,15,0,13,69.4,4,23,522,100.0,100.0,96.8,2,30,3,559,559,62.7,3,17,237,100.0,100.0,94.9,22,2,251,251
Laremy Tunsil,10647,T,HST,14,0,13,85.4,3,12,516,99.8,99.8,97.6,3,20,5,556,557,78.1,2,9,242,100.0,100.0,96.9,13,2,261,261
Charles Cross,98401,T,SEA,14,1,29,69.7,5,31,517,100.0,100.0,95.4,2,42,6,554,554,61.2,5,24,253,100.0,100.0,91.9,35,6,268,268
Jermaine Eluemunor,11914,T,LV,17,1,23,64.7,6,16,529,100.0,100.0,96.8,1,28,6,552,552,59.4,5,12,257,100.0,100.0,94.7,22,5,271,271
Elgton Jenkins,46298,G,GB,15,0,12,81.3,6,17,520,100.0,100.0,97.8,2,23,0,544,544,66.6,5,12,209,100.0,100.0,95.9,17,0,218,218
James Hurst,9001,G,NO,15,1,20,58.9,3,16,521,100.0,100.0,97.6,2,22,3,539,539,43.9,3,12,270,100.0,100.0,96.1,18,3,285,285
Tyron Smith,6161,T,DAL,13,0,9,88.6,1,16,499,100.0,100.0,98.1,1,18,1,536,536,85.5,1,7,217,100.0,100.0,98.2,8,0,236,236
Dan Moore Jr.,60120,T,PIT,16,1,25,39.7,8,39,502,100.0,100.0,93.7,3,55,8,535,535,31.0,6,31,259,100.0,100.0,90.2,44,7,281,281
Ryan Kelly,10652,C,IND,14,0,14,78.3,0,6,498,100.0,100.0,99.2,0,7,1,534,534,71.1,0,5,220,100.0,100.0,98.4,6,1,240,240
Tyler Linderbaum,82291,C,BLT,15,0,3,76.1,3,12,497,100.0,100.0,98.5,0,15,0,534,534,75.7,2,9,236,100.0,100.0,97.7,11,0,257,257
James Daniels,45576,G,PIT,15,1,25,60.4,6,15,498,100.0,100.0,97.7,2,22,1,531,531,45.9,3,15,257,100.0,100.0,96.1,19,1,279,279
Ezra Cleveland,41973,G,JAX,13,0,15,57.4,4,21,492,100.0,100.0,96.8,1,28,3,526,526,48.4,3,14,227,100.0,100.0,95.4,19,2,245,245
Peter Skoronski,129737,G,TEN,14,0,31,63.5,7,20,483,100.0,100.0,96.2,1,32,5,521,521,45.9,6,17,214,100.0,100.0,92.8,27,4,230,230
Kevin Dotson,46735,G,LA,14,0,26,68.3,7,9,483,100.0,100.0,97.5,1,20,4,520,520,58.2,3,7,242,100.0,100.0,96.3,14,4,265,265
Drew Dalman,52270,C,ATL,14,1,2,53.0,6,21,491,100.0,100.0,96.8,2,29,2,519,519,54.1,3,10,188,100.0,100.0,96.0,14,1,196,196
Rob Havenstein,9490,T,LA,14,1,26,68.4,2,19,482,100.0,100.0,97.4,2,23,2,516,516,62.4,2,17,233,100.0,100.0,95.5,20,1,253,253
Rasheed Walker,81798,T,GB,17,2,12,74.1,3,24,488,100.0,100.0,96.0,4,33,6,515,515,68.6,2,13,204,100.0,100.0,93.4,21,6,215,215
Donovan Smith,9467,T,KC,12,4,16,60.3,7,33,474,100.0,100.0,95.4,7,42,2,506,506,51.9,5,23,224,100.0,100.0,92.9,30,2,248,248
Mike Onwenu,27357,T,NE,15,0,19,68.0,2,18,489,100.0,100.0,97.3,0,23,3,505,505,56.5,2,13,225,100.0,100.0,95.8,17,2,234,234
Sidy Sow,59675,G,NE,13,0,19,46.3,4,18,470,100.0,100.0,96.6,1,27,5,486,486,31.4,4,13,221,100.0,100.0,93.9,22,5,230,230
Dalton Risner,47008,G,MIN,12,0,18,67.4,11,19,457,100.0,100.0,96.7,0,30,0,485,485,64.6,6,13,216,100.0,100.0,95.6,19,0,227,227
John Michael Schmitz Jr.,55238,C,NYG,13,1,21,26.9,2,23,456,100.0,100.0,96.2,3,30,5,484,484,20.5,2,17,251,100.0,100.0,95.0,22,3,264,264
Liam Eichenberg,41851,C,MIA,16,2,17,44.8,3,13,457,100.0,100.0,97.4,3,20,4,479,479,31.2,3,9,133,100.0,100.0,94.0,14,2,137,137
Kaleb McGary,46912,T,ATL,14,0,2,69.5,4,9,455,99.8,99.8,97.7,1,17,4,478,479,69.3,3,6,172,100.0,100.0,95.6,12,3,180,180
Andrus Peat,9446,T,NO,13,1,20,54.5,8,20,459,100.0,100.0,96.5,2,30,2,476,476,38.8,8,16,231,100.0,100.0,93.9,26,2,243,243
Aaron Banks,59983,G,SF,14,1,28,54.9,6,17,445,100.0,100.0,97.4,1,23,0,474,474,45.4,4,13,180,100.0,100.0,95.3,17,0,195,195
Justin Pugh,7800,G,NYG,12,1,21,37.8,2,27,446,100.0,100.0,95.0,2,37,8,473,473,29.3,1,19,233,100.0,100.0,93.1,26,6,243,243
Will Clapp,39386,C,LAC,12,0,27,55.1,6,17,437,100.0,100.0,97.1,0,24,1,464,464,44.9,6,14,231,100.0,100.0,95.2,21,1,247,247
Spencer Burford,81920,G,SF,14,1,28,28.3,2,26,429,100.0,100.0,95.6,4,33,5,460,460,23.8,1,14,182,100.0,100.0,93.7,19,4,200,200
Ryan Ramczyk,11787,T,NO,12,1,20,73.6,2,19,442,100.0,100.0,96.7,1,25,4,458,458,69.7,1,17,236,100.0,100.0,94.5,22,4,248,248
Dillon Radunz,30551,T,TEN,13,0,31,59.7,5,26,427,100.0,100.0,95.2,0,36,5,455,455,49.9,4,20,192,100.0,100.0,91.7,28,4,204,204
Saahdiq Charles,59820,G,WAS,11,0,32,53.9,3,30,425,100.0,100.0,95.2,1,37,4,455,455,46.1,2,24,224,100.0,100.0,92.4,30,4,238,238
Nick Gates,29476,C,WAS,11,0,32,61.4,6,10,424,100.0,100.0,96.9,2,21,5,455,455,48.8,3,9,216,100.0,100.0,95.4,16,4,231,231
Cody Whitehair,10690,G,CHI,14,0,6,55.0,4,15,438,100.0,100.0,97.1,0,22,3,454,454,53.2,3,12,205,100.0,100.0,95.4,17,2,211,211
Morgan Moses,8701,T,BLT,14,1,3,75.9,0,19,417,100.0,100.0,96.5,1,24,5,450,450,71.4,0,10,181,100.0,100.0,95.0,14,4,199,199
Daniel Brunskill,34807,G,TEN,14,0,31,67.7,5,19,414,100.0,100.0,96.6,0,26,2,449,449,48.3,4,15,177,100.0,100.0,93.5,21,2,194,194
Michael Deiter,38554,C,HST,12,0,13,60.4,2,15,417,100.0,100.0,97.2,2,20,3,445,445,46.1,1,14,199,100.0,100.0,95.7,16,1,212,212
Aaron Stinnie,28653,G,TB,11,0,30,51.4,2,25,412,100.0,100.0,96.2,1,29,2,442,442,40.8,2,15,211,100.0,100.0,95.0,19,2,231,231
Walker Little,52287,T,JAX,11,0,15,62.6,3,21,415,100.0,100.0,96.6,1,26,2,439,439,57.6,3,16,178,100.0,100.0,94.1,20,1,190,190
Trent Williams,5529,T,SF,15,1,28,79.8,3,15,411,100.0,100.0,97.8,3,18,0,438,438,74.3,2,13,175,100.0,100.0,95.7,15,0,192,192
Jonah Jackson,37070,G,DET,12,2,11,62.7,8,14,408,100.0,100.0,96.8,2,24,2,432,432,41.5,7,10,164,100.0,100.0,93.6,19,2,172,172
Ronnie Stanley,10640,T,BLT,13,0,3,72.4,5,30,404,100.0,100.0,94.7,5,39,4,431,431,59.0,3,25,189,100.0,100.0,90.5,32,4,204,204
Kolton Miller,47013,T,LV,13,0,23,79.3,2,10,405,100.0,100.0,97.5,0,16,4,428,428,84.4,1,6,201,100.0,100.0,97.3,9,2,214,214
Blake Freeland,102844,T,IND,12,1,14,42.6,4,37,395,100.0,100.0,93.8,2,45,4,426,426,32.1,1,27,172,100.0,100.0,90.1,31,3,187,187
Braxton Jones,60092,T,CHI,11,1,6,70.8,2,28,401,100.0,100.0,95.8,3,32,2,421,421,60.7,2,22,193,100.0,100.0,92.7,26,2,203,203
Dawand Jones,101550,T,CLV,11,0,8,73.0,3,15,391,100.0,100.0,96.9,0,21,3,419,419,70.7,2,8,183,100.0,100.0,95.6,13,3,194,194
Anthony Bradford,99103,G,SEA,12,0,29,38.9,5,22,394,100.0,100.0,96.3,0,28,1,419,419,23.4,4,18,184,100.0,100.0,93.5,23,1,194,194
Broderick Jones,124025,T,PIT,14,0,25,52.1,5,20,378,100.0,100.0,95.6,2,29,4,405,405,43.3,5,16,196,100.0,100.0,92.6,25,4,213,213
Geron Christian,46375,T,CLV,10,0,8,53.1,6,23,378,100.0,100.0,95.1,1,33,4,400,400,49.0,4,17,164,100.0,100.0,91.8,24,3,173,173
Teven Jenkins,41534,G,CHI,12,0,6,68.6,3,11,378,100.0,100.0,97.4,1,17,3,397,397,63.7,2,8,177,100.0,100.0,95.5,13,3,187,187
Calvin Throckmorton,28238,G,TEN,10,0,31,57.8,4,14,365,100.0,100.0,97.5,1,18,0,389,389,51.9,4,10,210,100.0,100.0,96.7,14,0,225,225
Nate Davis,46808,G,CHI,11,5,6,47.9,7,21,364,100.0,100.0,95.9,5,29,1,384,384,26.0,7,17,172,100.0,100.0,93.0,24,0,180,180
Cam Jurgens,84014,G,PHI,11,0,24,55.0,2,20,366,100.0,100.0,97.0,0,22,0,383,383,52.3,1,10,169,100.0,100.0,96.7,11,0,178,178
Andrew Thomas,59701,T,NYG,10,1,21,80.2,1,12,359,100.0,100.0,97.1,1,17,4,376,376,76.6,0,10,208,100.0,100.0,95.7,14,4,214,214
Lester Cotton,46085,G,MIA,11,1,17,57.2,3,14,347,100.0,100.0,96.7,2,20,3,362,362,38.4,2,10,98,100.0,100.0,90.8,15,3,100,100
Kendall Lamm,10017,T,MIA,11,0,17,67.1,1,15,343,100.0,100.0,96.5,0,20,4,357,357,60.7,1,9,101,100.0,100.0,93.1,12,2,103,103
Trent Brown,9677,T,NE,11,1,19,72.8,6,8,334,100.0,100.0,97.0,1,17,3,346,346,65.7,5,6,163,100.0,100.0,94.8,14,3,169,169
Joe Noteboom,46249,T,LA,9,0,26,51.6,5,19,326,100.0,100.0,95.1,1,28,4,346,346,49.5,3,12,157,100.0,100.0,92.7,19,4,170,170
Cole Strange,22976,G,NE,10,0,19,57.7,3,16,327,100.0,100.0,96.2,1,22,3,340,340,40.2,3,11,152,100.0,100.0,94.1,16,2,158,158
Max Mitchell,81707,T,NYJ,8,0,22,47.5,4,20,315,100.0,100.0,94.3,0,30,6,336,336,37.3,3,16,154,100.0,100.0,90.6,24,5,166,166
Tyre Phillips,59874,T,NYG,10,0,21,64.5,2,17,317,100.0,100.0,96.4,1,21,2,334,334,62.7,1,12,178,100.0,100.0,95.2,15,2,185,185
Andre Dillard,29250,T,TEN,12,0,31,47.4,9,20,305,100.0,100.0,91.3,2,41,12,331,331,37.6,4,14,125,100.0,100.0,85.6,27,9,138,138
Braden Smith,46794,T,IND,10,2,14,71.0,2,12,308,100.0,100.0,97.7,4,14,0,329,329,70.8,2,7,144,100.0,100.0,96.9,9,0,155,155
Robert Hunt,46139,G,MIA,10,1,17,74.5,1,3,314,100.0,100.0,99.0,2,5,1,329,329,69.8,0,2,89,100.0,100.0,98.9,2,0,92,92
Tyler Larsen,9304,C,WAS,7,0,32,28.7,4,17,314,100.0,100.0,95.7,0,24,3,325,325,23.7,4,10,150,100.0,100.0,93.3,17,3,156,156
Cam Robinson,11789,T,JAX,9,0,15,78.8,2,8,306,100.0,100.0,97.4,0,13,3,325,325,70.1,2,5,131,100.0,100.0,96.6,8,1,146,146
James Hudson III,59854,T,CLV,13,2,8,51.1,7,18,301,99.7,99.7,94.5,4,29,4,321,322,51.6,4,10,128,100.0,100.0,93.0,16,2,138,138
Jedrick Wills Jr.,58467,T,CLV,8,0,8,60.1,5,21,297,100.0,100.0,94.6,3,29,3,319,319,54.4,3,14,141,100.0,100.0,93.3,18,1,153,153
Terron Armstead,7856,T,MIA,10,0,17,79.5,0,5,302,100.0,100.0,98.8,0,6,1,317,317,66.4,0,4,82,100.0,100.0,96.3,5,1,85,85
Patrick Mekari,46219,T,BLT,15,0,3,62.6,3,12,295,100.0,100.0,95.8,1,20,5,316,316,61.9,2,6,140,100.0,100.0,94.3,12,4,155,155
Stone Forsythe,41795,T,SEA,12,2,29,40.8,7,20,291,100.0,100.0,93.6,2,32,5,312,312,27.2,6,17,138,100.0,100.0,88.8,27,4,148,148
Sua Opeta,45110,G,PHI,9,1,24,57.9,2,20,302,100.0,100.0,95.4,1,25,3,311,311,50.3,1,13,142,100.0,100.0,93.0,17,3,148,148
Evan Neal,99063,T,NYG,7,1,21,38.5,5,22,288,100.0,100.0,94.6,3,29,2,309,309,25.1,3,18,125,100.0,100.0,91.6,21,0,139,139
Chris Paul,77579,G,WAS,7,0,32,27.8,5,16,296,100.0,100.0,94.8,1,26,5,307,307,4.4,4,12,139,100.0,100.0,90.6,21,5,145,145
Mark Glowinski,9567,G,NYG,12,0,21,53.4,1,17,281,99.6,99.7,94.7,2,24,6,303,304,29.5,1,15,114,100.0,100.0,87.7,22,6,127,127
Thayer Munford Jr.,59994,T,LV,14,0,23,59.2,5,19,291,100.0,100.0,94.5,0,28,4,303,303,50.2,3,14,126,100.0,100.0,90.1,21,4,131,131
Tyler Shatley,9257,G,JAX,10,0,15,51.3,3,5,288,100.0,100.0,98.3,0,9,1,302,302,36.7,1,3,121,100.0,100.0,97.5,5,1,131,131
Phil Haynes,29244,G,SEA,8,2,29,59.4,2,5,274,100.0,100.0,96.9,3,12,5,299,299,39.2,2,3,130,100.0,100.0,94.2,10,5,142,142
Atonio Mafi,82449,G,NE,12,2,19,27.7,3,24,284,100.0,100.0,93.5,5,32,5,296,296,14.3,1,18,142,100.0,100.0,89.8,24,5,146,146
Chris Hubbard,8051,T,TEN,9,0,31,67.8,4,10,268,100.0,100.0,95.9,0,18,4,292,292,65.8,2,8,111,100.0,100.0,94.6,11,1,126,126
Vederian Lowe,59741,T,NE,11,0,19,36.0,3,29,279,100.0,100.0,92.1,1,38,6,290,290,27.2,2,24,140,100.0,100.0,87.1,31,5,143,143
Elijah Wilkinson,46238,G,ARZ,10,0,1,40.7,4,18,269,100.0,100.0,94.8,0,25,3,285,285,16.0,3,16,104,100.0,100.0,88.0,22,3,112,112
Juice Scruggs,81800,G,HST,7,0,13,49.8,2,7,264,100.0,100.0,96.8,2,13,4,282,282,37.1,2,4,124,100.0,100.0,94.4,10,4,132,132
Connor Williams,46216,C,MIA,9,0,17,71.7,1,4,269,100.0,100.0,98.7,1,6,1,280,280,66.3,1,3,69,100.0,100.0,97.1,4,0,72,72
Jarrett Patterson,81775,C,HST,7,0,13,53.7,1,7,257,100.0,100.0,98.4,0,8,0,277,277,56.5,1,4,112,100.0,100.0,97.8,5,0,119,119
Chukwuma Okorafor,46302,T,PIT,10,3,25,60.7,0,9,258,100.0,100.0,97.5,3,11,2,272,272,67.2,0,6,143,100.0,100.0,96.5,8,2,154,154
Cade Mays,81995,G,CAR,10,0,5,43.0,2,16,249,100.0,100.0,95.2,0,21,3,267,267,46.6,0,11,135,100.0,100.0,95.2,12,1,148,148
Carter Warren,60023,T,NYJ,6,0,22,45.5,2,13,243,100.0,100.0,94.9,0,20,5,258,258,33.5,1,11,106,100.0,100.0,90.6,16,4,115,115
Robert Jones,100786,G,MIA,7,0,17,47.0,1,9,244,100.0,100.0,97.1,1,12,2,257,257,35.5,1,5,69,100.0,100.0,94.2,7,1,70,70
Jon Feliciano,9561,G,SF,8,0,28,66.5,2,13,247,100.0,100.0,97.0,0,15,0,257,257,52.5,2,11,113,100.0,100.0,94.2,13,0,118,118
Chuma Edoga,46232,T,DAL,12,1,9,63.7,5,8,231,100.0,100.0,95.9,2,16,3,251,251,62.4,1,6,65,100.0,100.0,94.6,7,0,76,76
Chandler Zavala,144009,G,CAR,7,0,5,7.1,7,20,233,100.0,100.0,91.6,0,33,6,249,249,1.4,6,17,132,100.0,100.0,87.5,28,5,143,143
Trevor Penning,59963,T,NO,7,2,20,60.8,3,12,234,100.0,100.0,95.1,3,19,4,245,245,47.1,2,9,122,100.0,100.0,93.0,14,3,129,129
Marcus McKethan,60811,G,NYG,9,1,21,26.8,5,10,227,100.0,100.0,95.8,1,17,2,245,245,2.4,3,8,85,100.0,100.0,92.4,12,1,96,96
Matt Feiler,9289,G,TB,6,0,30,65.0,2,10,229,100.0,100.0,97.4,0,12,0,244,244,41.4,1,10,89,100.0,100.0,93.8,11,0,93,93
Tytus Howard,25472,G,HST,7,0,13,38.9,3,14,227,100.0,100.0,95.8,0,18,1,243,243,18.7,3,12,103,100.0,100.0,92.7,15,0,111,111
Connor McGovern,10778,C,NYJ,7,2,22,30.5,5,12,225,100.0,100.0,95.8,3,18,1,240,240,21.9,4,10,121,100.0,100.0,93.4,15,1,130,130
Wanya Morris,98247,T,KC,8,1,16,63.4,7,15,223,100.0,100.0,94.2,1,24,2,235,235,59.7,4,11,109,100.0,100.0,91.3,17,2,116,116
David Quessenberry,7957,T,MIN,6,0,18,68.3,4,11,220,100.0,100.0,96.1,0,16,1,231,231,62.8,3,8,104,100.0,100.0,93.7,12,1,110,110
Larry Borom,59879,T,CHI,8,0,6,45.2,6,16,217,100.0,100.0,93.5,0,25,3,225,225,43.9,2,10,98,100.0,100.0,91.8,14,2,100,100
Isaiah Wynn,46048,G,MIA,7,0,17,67.5,0,4,213,100.0,100.0,99.1,0,4,0,224,224,50.4,0,3,58,100.0,100.0,97.4,3,0,60,60
Jaelyn Duncan,81722,T,TEN,8,0,31,29.2,10,17,196,100.0,100.0,88.5,0,36,9,207,207,20.0,8,11,86,100.0,100.0,79.7,27,8,88,88
Trystan Colon,41117,G,ARZ,11,1,1,69.2,1,6,181,100.0,100.0,97.0,1,9,2,200,200,54.9,1,5,88,100.0,100.0,94.3,8,2,97,97
T.J. Bass,131703,G,DAL,11,0,9,54.9,0,5,180,100.0,100.0,98.1,1,6,1,190,190,44.9,0,4,62,100.0,100.0,95.2,5,1,66,66
Xavier Newman,58525,G,NYJ,6,0,22,31.9,3,9,180,100.0,100.0,94.4,0,16,4,188,188,10.7,2,8,73,100.0,100.0,87.7,14,4,76,76
Jake Curhan,38549,T,SEA,6,0,29,39.2,6,18,172,100.0,100.0,91.3,1,27,3,187,187,29.7,5,12,75,100.0,100.0,84.7,20,3,82,82
Max Garcia,9566,G,NO,10,0,20,59.2,2,6,175,99.4,99.5,97.7,0,8,0,184,185,61.4,1,4,92,100.0,100.0,97.3,5,0,97,97
Abraham Lucas,60218,T,SEA,6,0,29,44.4,0,15,170,100.0,100.0,94.4,0,17,2,182,182,39.1,0,10,83,100.0,100.0,91.6,12,2,88,88
Joshua Ezeudu,77355,T,NYG,6,1,21,39.3,0,7,170,100.0,100.0,95.0,3,12,5,181,181,20.2,0,4,63,100.0,100.0,88.9,9,5,72,72
Austin Schlottmann,30097,C,MIN,6,0,18,72.3,1,5,167,100.0,100.0,97.6,1,7,1,178,178,66.7,1,4,74,100.0,100.0,96.6,5,0,80,80
Austin Corbett,46290,G,CAR,4,0,5,44.5,1,12,169,100.0,100.0,94.4,0,16,3,176,176,42.4,1,9,99,100.0,100.0,92.9,12,2,103,103
Nash Jensen,66672,G,CAR,7,0,5,33.7,2,15,162,100.0,100.0,94.1,0,18,1,171,171,33.3,1,12,97,100.0,100.0,93.3,13,0,100,100
Nick Harris,46752,C,CLV,14,0,8,66.3,0,3,164,97.0,96.6,99.1,1,3,0,169,175,73.3,0,2,75,100.0,100.0,98.7,2,0,78,78
Jake Hanson,28148,G,NYJ,5,0,22,59.7,1,8,154,100.0,100.0,97.1,0,9,0,165,165,58.3,1,6,72,100.0,100.0,95.1,7,0,78,78
Alijah Vera-Tucker,57107,T,NYJ,5,0,22,56.8,1,11,155,100.0,100.0,94.8,0,14,2,164,164,55.4,0,9,85,100.0,100.0,92.4,11,2,90,90
Kayode Awosika,44909,G,DET,4,1,11,51.0,3,12,153,100.0,100.0,94.4,1,16,1,159,159,34.5,2,7,73,100.0,100.0,92.5,10,1,76,76
Charlie Heck,36501,T,HST,4,0,13,38.9,1,16,145,100.0,100.0,93.4,0,18,1,156,156,51.5,1,11,63,100.0,100.0,90.5,12,0,69,69
Brenden Jaimes,59909,C,LAC,4,0,27,71.1,0,3,146,100.0,100.0,98.3,0,4,1,155,155,57.8,0,2,72,100.0,100.0,97.2,3,1,77,77
Ben Bartch,84236,G,SF,6,0,28,48.6,2,5,146,100.0,100.0,96.2,0,9,2,154,154,46.2,1,1,63,100.0,100.0,95.2,4,2,65,65
Wesley French,29608,C,IND,5,1,14,56.7,0,7,146,100.0,100.0,96.9,1,8,1,153,153,58.3,0,5,68,100.0,100.0,96.3,5,0,70,70
Storm Norton,12188,T,ATL,5,0,2,69.3,0,5,143,99.3,99.4,97.6,0,6,1,153,154,58.4,0,4,46,100.0,100.0,93.5,5,1,48,48
Cornelius Lucas,9025,T,WAS,7,0,32,73.6,1,4,143,100.0,100.0,96.2,0,8,3,152,152,62.2,1,3,66,100.0,100.0,93.9,6,2,68,68
Billy Turner,8702,T,NYJ,6,1,22,51.9,2,10,143,100.0,100.0,93.0,1,16,4,151,151,39.3,1,8,79,100.0,100.0,89.2,13,4,85,85
Josh Jones,26634,T,HST,4,0,13,55.6,3,5,141,100.0,100.0,96.5,4,9,1,151,151,47.3,3,4,64,100.0,100.0,93.0,8,1,68,68
Jason Peters,2148,T,SEA,8,1,29,45.1,3,11,135,100.0,100.0,94.8,1,14,0,147,147,24.7,3,10,58,100.0,100.0,88.8,13,0,65,65
Conor McDermott,11966,T,NE,6,0,19,65.9,2,10,140,100.0,100.0,94.3,2,14,2,145,145,60.9,2,5,67,100.0,100.0,94.8,7,0,71,71
Corey Linsley,8796,C,LAC,3,0,27,54.3,1,5,136,100.0,100.0,97.8,0,6,0,144,144,50.4,1,3,57,100.0,100.0,96.5,4,0,60,60
Yosh Nijman,60822,T,GB,11,1,12,65.8,0,8,133,100.0,100.0,95.5,1,10,2,139,139,61.5,0,3,54,100.0,100.0,93.5,5,2,55,55
Michael Dunn,39676,G,CLV,10,0,8,56.1,1,3,124,100.0,100.0,97.6,1,5,1,133,133,33.1,1,3,52,100.0,100.0,94.2,5,1,53,53
Colby Sorsdal,87479,G,DET,5,0,11,35.1,4,9,124,100.0,100.0,94.0,0,14,1,132,132,28.7,4,6,65,100.0,100.0,92.3,10,0,68,68
Andrew Rupcich,156082,G,TEN,4,0,31,68.6,1,3,122,100.0,100.0,97.5,0,5,1,130,130,54.7,1,2,53,100.0,100.0,95.3,4,1,56,56
Carter O'Donnell,105607,G,ARZ,5,0,1,58.4,1,8,115,100.0,100.0,96.1,1,9,0,125,125,66.2,1,4,54,100.0,100.0,95.4,5,0,59,59
Brock Hoffman,54535,C,DAL,8,0,9,57.0,0,5,115,100.0,100.0,97.8,1,5,0,124,124,47.7,0,3,34,100.0,100.0,95.6,3,0,38,38
Halapoulivaati Vaitai,10798,G,DET,3,0,11,68.4,0,2,115,100.0,100.0,98.3,0,3,1,122,122,52.9,0,2,58,100.0,100.0,96.6,3,1,60,60
Kendrick Green,56642,G,HST,3,1,13,69.9,1,3,113,100.0,100.0,98.2,1,4,0,121,121,59.4,1,3,51,100.0,100.0,96.1,4,0,52,52
Jaylon Moore,43678,T,SF,9,0,28,69.7,1,6,114,100.0,100.0,96.1,0,8,1,121,121,66.0,1,2,41,100.0,100.0,96.3,3,0,43,43
Travis Etienne Jr.,57185,HB,JAX,17,0,15,52.2,2,7,113,21.9,21.9,94.2,0,11,2,120,549,40.0,2,5,49,22.2,23.0,92.9,7,0,55,239
Royce Newman,41746,G,GB,5,0,12,52.2,1,8,111,100.0,100.0,95.0,0,10,1,120,120,48.0,0,8,52,100.0,100.0,92.3,8,0,55,55
Cameron Erving,9452,T,NO,3,0,20,70.5,0,3,116,100.0,100.0,97.8,0,4,1,120,120,71.7,0,2,58,100.0,100.0,96.6,3,1,60,60
Kelvin Beachum,7229,T,ARZ,6,0,1,67.6,0,8,111,100.0,100.0,94.6,1,10,2,119,119,57.6,0,5,50,100.0,100.0,91.0,7,2,53,53
Ryan Neuzil,41123,C,ATL,5,0,2,59.1,0,3,111,100.0,100.0,98.6,0,3,0,116,116,31.4,0,2,30,100.0,100.0,96.7,2,0,32,32
Blake Brandel,46282,G,MIN,3,0,18,52.2,2,5,111,100.0,100.0,95.9,0,8,1,114,114,36.8,2,5,58,100.0,100.0,92.2,8,1,60,60
Sam Mustipher,13026,C,BLT,7,0,3,61.0,0,2,105,100.0,100.0,99.0,0,2,0,110,110,40.8,0,2,41,100.0,100.0,97.6,2,0,45,45
Chuba Hubbard,57373,HB,CAR,17,0,5,61.6,1,7,101,25.6,26.1,93.1,0,11,3,110,422,52.3,1,5,57,23.9,24.2,89.5,9,3,62,256
Gabe Jackson,8716,G,CAR,4,0,5,48.9,0,5,103,100.0,100.0,94.7,1,8,3,110,110,24.6,0,5,55,100.0,100.0,91.8,7,2,59,59
Calvin Anderson,46247,T,NE,2,0,19,38.4,2,6,105,100.0,100.0,95.2,1,9,1,110,110,29.4,2,6,57,100.0,100.0,91.2,9,1,58,58
Trevon Wesco,42018,TE,TEN,15,0,31,61.2,1,6,98,67.6,68.8,96.4,0,7,0,108,157,68.3,0,0,1,7.7,7.1,100.0,0,0,1,14
Jack Driscoll,27064,T,PHI,3,0,24,58.6,1,8,105,100.0,100.0,94.8,0,10,1,107,107,41.1,1,8,58,100.0,100.0,90.5,10,1,59,59
Landon Young,41761,T,NO,9,0,20,45.9,0,3,101,99.0,99.1,96.5,0,5,2,106,107,31.3,0,3,44,100.0,100.0,94.3,4,1,47,47
Tony Pollard,27126,HB,DAL,17,0,9,68.6,2,3,98,19.6,19.6,95.4,0,7,2,105,537,75.9,1,0,39,19.5,20.1,96.2,2,1,44,219
Jordan McFadden,77578,G,LAC,4,0,27,54.0,2,2,98,99.0,99.0,96.9,0,5,1,103,104,29.9,2,2,46,100.0,100.0,93.5,5,1,49,49
Sean Rhyan,72009,G,GB,9,0,12,52.5,0,5,99,100.0,100.0,97.5,0,5,0,102,102,53.3,0,3,38,100.0,100.0,96.1,3,0,40,40
Daniel Faalele,81734,T,BLT,11,0,3,42.6,2,5,98,100.0,100.0,93.4,0,10,3,101,101,42.1,2,4,51,100.0,100.0,90.2,8,2,53,53
Ja'Tyre Carter,78432,G,CHI,4,0,6,67.2,0,4,98,100.0,100.0,96.9,0,5,1,100,100,53.4,0,3,44,100.0,100.0,94.3,4,1,45,45
Saquon Barkley,45791,HB,NYG,14,0,21,76.6,0,4,97,24.3,23.6,95.9,0,6,2,100,423,77.5,0,1,43,22.5,21.9,98.8,1,0,44,201
Wes Schweitzer,10829,G,NYJ,3,0,22,60.0,0,4,94,100.0,100.0,96.8,1,5,1,99,99,49.7,0,1,40,100.0,100.0,96.2,2,1,44,44
Dennis Daley,60063,G,ARZ,3,0,1,30.9,2,3,88,100.0,100.0,94.9,0,7,2,95,95,24.9,2,2,45,100.0,100.0,93.3,5,1,48,48
Kyren Williams,97118,HB,LA,12,0,26,54.4,1,7,89,21.8,21.5,94.4,1,9,1,92,428,42.5,1,4,35,16.7,16.3,92.9,5,0,36,221
Nate Herbig,28844,G,PIT,3,0,25,48.5,0,9,87,100.0,100.0,93.7,0,10,1,91,91,40.9,0,8,55,100.0,100.0,90.9,9,1,58,58
Matt Peart,46179,T,NYG,7,1,21,55.8,1,5,83,100.0,100.0,96.4,1,6,0,91,91,41.6,0,5,40,100.0,100.0,93.7,5,0,44,44
Trent Scott,24481,T,WAS,4,0,32,55.2,1,9,82,100.0,100.0,93.9,1,10,0,89,89,30.2,1,6,32,100.0,100.0,89.1,7,0,33,33
MyCole Pruitt,9576,TE,ATL,17,0,2,64.2,0,1,85,57.8,55.8,98.2,0,2,1,86,154,24.6,0,0,4,26.7,25.0,100.0,0,0,4,16
Daniel Bellinger,84041,TE,NYG,17,0,21,45.4,1,6,79,21.7,22.6,91.8,2,10,3,86,381,61.4,0,1,19,11.0,12.5,97.4,1,0,22,176
Tyjae Spears,97195,HB,TEN,17,0,31,79.6,2,3,77,20.5,20.8,95.5,0,6,1,85,408,78.5,1,3,51,22.4,22.3,94.1,5,1,55,247
Drew Sample,47259,TE,CIN,17,0,7,68.1,3,1,78,29.1,30.1,97.4,0,4,0,84,279,81.1,0,0,28,24.8,25.4,100.0,0,0,30,118
Blake Hance,46301,T,JAX,7,0,15,10.0,5,6,79,97.5,97.7,93.0,0,11,0,84,86,8.6,3,6,36,100.0,100.0,87.5,9,0,40,40
Alexander Mattison,45817,HB,MIN,16,0,18,49.5,3,2,76,21.6,21.8,91.4,0,9,4,82,376,28.1,2,2,19,12.4,12.9,84.2,5,1,21,163
Josh Jacobs,45953,HB,LV,13,0,23,50.9,2,4,76,24.1,24.6,94.7,0,7,1,81,329,24.7,2,4,25,21.0,21.4,84.0,7,1,27,126
Cam Fleming,8775,T,DEN,5,0,10,71.3,1,2,75,100.0,100.0,98.0,1,3,0,80,80,70.7,1,2,38,100.0,100.0,96.1,3,0,40,40
Durham Smythe,47257,TE,MIA,16,0,17,59.0,1,4,74,15.7,15.8,95.3,0,6,1,78,493,79.6,0,0,14,10.1,9.9,100.0,0,0,14,142
Ben Cleveland,41696,G,BLT,8,0,3,80.7,0,3,75,100.0,100.0,98.0,0,3,0,76,76,71.1,0,3,37,100.0,100.0,95.9,3,0,38,38
Joshua Kelley,13750,HB,LAC,17,0,27,42.4,1,9,72,29.4,28.9,91.7,0,11,1,76,263,48.7,1,6,37,29.4,29.2,87.8,8,1,40,137
Antonio Gibson,78050,HB,WAS,16,0,32,71.9,1,3,66,17.2,17.8,92.4,0,7,3,72,404,69.1,0,2,44,19.0,19.6,90.9,5,3,48,245
Rachaad White,131633,HB,TB,17,0,30,65.1,1,3,68,13.1,13.1,97.1,2,4,0,72,551,36.2,1,3,31,12.6,12.5,93.5,4,0,33,264
Joe Mixon,11803,HB,CIN,17,0,7,29.7,3,4,70,15.8,15.4,93.6,0,8,1,71,462,23.4,3,1,32,18.8,18.0,90.6,5,1,32,178
Olusegun Oluwatimi,98581,C,SEA,4,0,29,75.5,0,1,68,100.0,100.0,99.3,0,1,0,70,70,65.0,0,1,34,100.0,100.0,98.5,1,0,34,34
Josh Oliver,47083,TE,MIN,17,1,18,57.6,3,1,64,31.1,31.3,93.7,2,6,2,70,224,,0,0,0,0.0,0.0,,0,0,0,31
Zack Moss,40341,HB,IND,14,0,14,60.4,0,4,68,22.6,21.8,97.1,0,4,0,70,321,74.4,0,2,37,28.9,27.7,97.3,2,0,38,137
Ezekiel Elliott,10638,HB,NE,17,0,19,37.1,3,7,67,21.4,21.2,89.6,0,12,2,69,326,26.3,3,4,37,24.3,24.4,85.1,9,2,39,160
Roschon Johnson,99467,HB,CHI,15,1,6,64.8,0,4,65,25.5,25.2,93.8,1,6,2,68,270,68.5,0,2,34,21.9,22.1,94.1,3,1,36,163
Brian Robinson,57120,HB,WAS,15,0,32,61.9,1,5,63,22.3,22.8,93.7,0,7,1,68,298,54.0,1,2,22,21.4,22.9,88.6,4,1,25,109
Duane Brown,4340,T,NYJ,4,1,22,38.3,3,4,63,98.4,98.6,91.3,1,9,2,68,69,51.5,1,2,35,100.0,100.0,90.0,5,2,38,38
Justice Hill,45865,HB,BLT,16,0,3,67.3,0,4,62,21.1,20.9,95.2,0,5,1,67,320,52.8,0,4,37,23.3,23.3,91.9,5,1,41,176
Shane Lemieux,28149,G,NYG,2,0,21,26.1,0,5,63,100.0,100.0,94.4,0,6,1,67,67,31.4,0,3,24,100.0,100.0,89.6,4,1,28,28
Chris Manhertz,10211,TE,DEN,16,0,10,73.1,1,4,65,50.4,49.6,96.2,0,5,0,66,133,75.9,0,0,6,31.6,31.6,100.0,0,0,6,19
Nicholas Petit-Frere,82003,T,TEN,3,1,31,27.8,5,3,57,100.0,100.0,87.7,1,11,3,66,66,11.2,3,2,20,100.0,100.0,77.5,7,2,26,26
Zach Charbonnet,97630,HB,SEA,16,1,29,61.1,0,4,59,17.8,18.5,94.9,2,5,1,65,351,61.5,0,2,25,14.0,14.9,96.0,2,0,28,188
Cole Kmet,60995,TE,CHI,17,0,6,64.3,0,1,61,12.6,12.8,99.2,0,1,0,65,508,75.9,0,0,15,6.6,6.3,100.0,0,0,15,239
Kenneth Gainwell,77737,HB,PHI,16,0,24,45.0,2,7,64,22.1,21.7,91.4,0,10,1,65,299,36.8,2,6,45,25.7,25.7,88.9,9,1,46,179
Alvin Kamara,11822,HB,NO,13,0,20,19.2,3,6,61,18.5,18.7,92.6,0,9,0,65,347,15.8,1,5,32,19.4,20.0,90.6,6,0,35,175
John Bates,42275,TE,WAS,17,0,32,79.0,0,1,63,23.7,23.4,99.2,2,1,0,65,278,59.3,0,1,7,8.9,9.6,92.9,1,0,8,83
Jaylen Warren,98692,HB,PIT,17,1,25,27.2,2,6,62,19.5,19.3,90.3,1,10,2,65,336,22.3,2,6,45,23.6,23.0,86.7,10,2,47,204
Marcedes Lewis,2973,TE,CHI,16,0,6,68.4,0,1,61,61.0,60.4,99.2,1,1,0,64,106,74.4,0,0,4,28.6,28.6,100.0,0,0,4,14
Devin Singletary,40485,HB,HST,17,0,13,31.0,1,2,58,16.6,16.8,90.5,0,7,4,64,380,44.3,1,1,20,14.2,14.4,90.0,3,1,22,153
Ty Chandler,62942,HB,MIN,12,0,18,49.3,2,3,60,33.0,32.1,89.2,0,9,4,62,193,36.3,2,2,19,27.1,27.0,84.2,5,1,20,74
Michael Mayer,122906,TE,LV,14,0,23,51.9,4,2,57,17.3,17.5,94.7,1,6,0,60,342,75.5,0,0,2,1.4,2.0,100.0,0,0,3,147
Jerome Ford,83601,HB,CLV,17,0,8,63.2,0,3,58,15.5,15.0,95.7,0,4,1,60,401,59.8,0,2,29,15.8,14.9,96.6,2,0,29,195
AJ Dillon,57165,HB,GB,15,0,12,56.0,1,3,55,20.4,20.8,94.5,0,5,1,60,289,27.8,0,1,16,15.1,14.3,90.6,2,1,16,112
Adam Trautman,109795,TE,DEN,17,0,10,62.1,1,3,55,13.8,13.6,96.4,0,4,0,59,435,76.4,0,1,10,6.0,5.4,95.0,1,0,10,185
Tremayne Anchrum Jr.,41813,G,LA,4,0,26,53.4,0,1,53,100.0,100.0,97.2,1,2,1,58,58,43.5,0,1,28,100.0,100.0,94.6,2,1,29,29
Bijan Robinson,123126,HB,ATL,17,0,2,56.8,0,3,56,11.8,11.4,97.3,0,3,0,57,498,44.8,0,2,25,12.6,12.4,96.0,2,0,26,209
Jamaal Williams,11889,HB,NO,13,0,20,38.0,2,5,54,31.0,31.8,89.8,0,9,2,57,179,52.9,2,2,31,32.3,33.0,87.1,6,2,33,100
C.J. Ham,11347,FB,MIN,17,0,18,74.8,0,4,54,37.8,37.0,94.4,0,5,1,57,154,81.4,0,3,38,44.7,44.9,96.1,3,0,40,89
Austin Ekeler,12164,HB,LAC,14,0,27,29.3,1,6,50,12.6,13.4,91.0,0,8,1,56,418,26.2,1,4,29,13.8,14.2,87.9,6,1,31,219
David Njoku,11784,TE,CLV,16,1,8,67.1,0,2,55,9.6,9.2,96.4,2,3,1,56,612,60.0,0,1,19,7.4,7.0,97.4,1,0,19,273
Isiah Pacheco,83747,HB,KC,14,0,16,62.8,1,4,54,16.8,16.5,95.4,1,5,0,56,340,72.0,0,1,14,10.8,10.6,96.4,1,0,15,141
Jordan Meredith,60235,G,LV,6,0,23,56.7,1,1,55,100.0,100.0,98.2,0,2,0,56,56,45.8,1,0,26,100.0,100.0,98.1,1,0,26,26
Breece Hall,97636,HB,NYJ,17,0,22,53.9,0,2,49,12.7,13.7,98.0,0,2,0,56,410,29.5,0,1,16,10.6,12.0,96.9,1,0,20,166
Samaje Perine,11869,HB,DEN,17,0,10,31.1,3,3,52,19.5,18.8,90.4,0,8,2,54,287,38.8,1,1,27,16.9,15.7,88.9,4,2,27,172
Cade Otton,61071,TE,TB,17,0,30,44.9,0,7,53,8.5,8.1,93.4,1,7,0,54,666,50.3,0,2,5,1.7,1.6,80.0,2,0,5,310
Sam LaPorta,101690,TE,DET,17,0,11,55.1,1,2,49,8.9,9.1,96.9,0,3,0,53,581,45.6,0,0,10,3.7,3.9,100.0,0,0,11,279
Chris Glaser,62780,G,NYJ,3,0,22,59.5,0,1,46,100.0,100.0,96.7,1,2,1,51,51,52.9,0,0,23,100.0,100.0,95.7,1,1,26,26
James Conner,11860,HB,ARZ,13,0,1,68.0,0,2,45,18.3,19.0,97.8,0,2,0,51,269,71.7,0,0,10,15.6,18.9,100.0,0,0,14,74
David Montgomery,45719,HB,DET,14,0,11,41.5,0,7,46,22.1,23.0,92.4,1,7,0,51,222,29.5,0,4,19,26.4,26.7,89.5,4,0,20,75
Rhamondre Stevenson,98689,HB,NE,12,0,19,72.7,0,3,48,16.1,16.2,94.8,0,4,1,50,308,81.0,0,0,27,18.8,18.4,96.3,1,1,27,147
Brock Wright,60994,TE,DET,14,0,11,63.7,0,2,45,25.0,26.6,97.8,0,2,0,50,188,45.4,0,0,3,5.8,5.8,100.0,0,0,3,52
Cole Van Lanen,41583,T,JAX,2,0,15,45.5,1,5,45,100.0,100.0,93.3,0,6,0,50,50,55.3,1,4,28,100.0,100.0,91.1,5,0,31,31
Luke Farrell,42353,TE,JAX,17,0,15,67.6,0,1,47,29.2,29.8,94.7,0,3,2,50,168,69.6,0,0,1,5.3,5.3,100.0,0,0,1,19
Austin Hooper,10715,TE,LV,17,0,23,81.5,1,1,48,15.3,15.1,97.9,0,2,0,50,331,54.2,0,1,3,2.0,1.9,83.3,1,0,3,158
Matt Nelson,48584,T,DET,2,0,11,71.6,1,1,47,100.0,100.0,97.9,0,2,0,49,49,63.0,1,1,27,100.0,100.0,96.3,2,0,27,27
Najee Harris,57121,HB,PIT,17,0,25,58.3,0,5,48,19.4,18.5,92.7,0,6,1,49,265,43.2,0,4,16,15.2,14.5,87.5,4,0,17,117
Javonte Williams,77803,HB,DEN,16,0,10,27.8,1,4,43,20.2,21.0,94.2,1,5,0,48,229,23.5,1,1,9,15.3,17.9,88.9,2,0,12,67
Ameer Abdullah,9487,HB,LV,17,0,23,17.7,1,7,46,24.6,24.2,87.0,0,10,2,48,198,13.8,1,6,29,22.0,21.4,81.0,9,2,30,140
Jake Andrews,81868,G,NE,2,0,19,34.2,0,4,47,100.0,100.0,95.7,0,4,0,47,47,10.9,0,4,27,100.0,100.0,92.6,4,0,27,27
Nick Allegretti,39268,G,KC,3,0,16,75.7,0,1,47,100.0,100.0,98.9,0,1,0,47,47,57.3,0,1,16,100.0,100.0,96.9,1,0,16,16
Emari Demercado,77763,HB,ARZ,14,0,1,74.7,0,0,45,21.6,21.4,100.0,0,0,0,47,220,85.3,0,0,28,23.0,22.7,100.0,0,0,29,128
Foster Moreau,47043,TE,NO,15,0,20,52.3,0,2,46,23.0,22.7,97.8,0,2,0,47,207,38.3,0,1,10,11.5,11.0,95.0,1,0,10,91
Derrick Henry,10679,HB,TEN,17,0,31,79.1,0,0,45,20.2,19.7,97.8,0,1,1,47,239,72.4,0,0,1,4.5,4.0,100.0,0,0,1,25
Kenneth Walker III,97199,HB,SEA,15,0,29,40.7,0,3,44,18.0,17.7,96.6,2,3,0,47,265,29.9,0,1,9,11.0,10.0,94.4,1,0,9,90
Tyler Higbee,10744,TE,LA,15,0,26,68.4,0,3,41,8.3,8.7,93.9,2,4,1,46,529,45.2,0,0,2,0.8,0.7,50.0,1,1,2,267
Chigoziem Okonkwo,84000,TE,TEN,17,1,31,63.9,0,1,42,9.5,9.7,98.8,2,1,0,46,475,77.4,0,0,8,3.7,3.3,100.0,0,0,8,239
Brady Christensen,51985,G,CAR,1,0,5,51.4,0,4,42,100.0,100.0,95.2,0,4,0,46,46,47.9,0,2,33,100.0,100.0,97.0,2,0,36,36
Gus Edwards,46027,HB,BLT,17,0,3,55.4,0,2,40,19.4,20.5,97.5,1,2,0,44,215,58.5,0,1,9,12.3,11.7,94.4,1,0,9,77
Patrick Taylor,40448,HB,GB,11,1,12,61.1,1,2,40,23.5,24.9,93.7,1,4,1,44,177,72.1,0,1,25,28.7,29.7,94.0,2,1,27,91
Jonnu Smith,11855,TE,ATL,17,1,2,75.4,0,3,41,9.9,10.0,96.3,2,3,0,44,439,79.2,0,0,4,2.5,2.4,100.0,0,0,4,168
Latavius Murray,7962,HB,BUF,16,0,4,59.6,1,5,44,19.6,18.3,90.9,1,7,1,44,241,41.4,1,4,23,21.3,19.0,84.8,6,1,23,121
Christian McCaffrey,11763,HB,SF,16,1,28,24.6,0,6,40,8.8,9.1,92.5,2,6,0,44,484,20.6,0,4,14,7.1,7.5,85.7,4,0,16,214
Brett Toth,46848,G,CAR,1,0,5,32.3,0,3,38,100.0,100.0,93.4,1,4,1,44,44,16.3,0,2,19,100.0,100.0,89.5,3,1,23,23
D'Andre Swift,57212,HB,PHI,16,0,24,47.9,0,4,41,12.8,12.8,92.7,0,5,1,43,337,60.5,0,1,15,13.2,13.6,96.7,1,0,17,125
Patrick Ricard,48862,FB,BLT,17,0,3,62.6,0,3,40,28.2,27.8,96.2,0,3,0,42,151,2.2,0,1,2,5.9,5.1,75.0,1,0,2,39
Tyler Steen,81921,G,PHI,3,0,24,21.9,1,5,39,100.0,100.0,92.3,0,6,0,42,42,22.8,0,4,21,100.0,100.0,90.5,4,0,23,23
Will Dissly,30762,TE,SEA,16,0,29,83.5,0,0,37,20.3,22.0,100.0,0,0,0,42,191,70.2,0,0,1,2.1,2.0,100.0,0,0,1,49
Colby Parkinson,52266,TE,SEA,17,0,29,69.8,0,3,38,14.6,14.8,96.1,1,3,0,42,283,67.0,0,1,3,3.0,3.7,83.3,1,0,4,109
Justin McCray,9234,G,CAR,2,0,5,39.5,0,3,38,100.0,100.0,96.1,1,3,0,41,41,10.9,0,3,17,100.0,100.0,91.2,3,0,18,18
Dalton Schultz,47304,TE,HST,15,0,13,64.4,0,1,38,8.2,8.2,96.1,0,2,1,41,499,61.1,0,1,11,4.9,5.0,95.5,1,0,12,239
Pharaoh Brown,12247,TE,NE,17,0,19,60.1,0,3,39,25.5,25.5,96.2,0,3,0,40,157,68.1,0,0,1,2.8,2.8,100.0,0,0,1,36
Mo Alie-Cox,12078,TE,IND,17,0,14,56.7,0,2,34,18.0,19.4,94.1,0,3,1,40,206,34.1,0,1,7,12.1,11.5,92.9,1,0,7,61
Dan Feeney,11826,C,CHI,3,0,6,44.8,0,2,37,100.0,100.0,94.6,0,3,1,40,40,25.6,0,2,20,100.0,100.0,90.0,3,1,22,22
Darnell Washington,124044,TE,PIT,17,0,25,72.3,0,1,37,21.0,21.1,98.6,0,1,0,39,185,72.2,0,0,2,3.4,3.3,100.0,0,0,2,61
Tucker Kraft,104034,TE,GB,17,0,12,67.7,1,3,37,11.1,11.3,94.6,1,4,0,39,346,54.5,1,1,7,5.7,6.2,85.7,2,0,8,129
Jahmyr Gibbs,122474,HB,DET,15,0,11,23.6,1,9,38,10.6,10.0,86.8,0,10,0,38,381,18.3,1,6,17,9.2,8.8,79.4,7,0,17,193
Jerick McKinnon,8731,HB,KC,12,0,16,60.7,0,3,34,16.3,16.7,95.6,0,3,0,38,228,55.5,0,3,21,16.3,17.1,92.9,3,0,25,146
Miles Sanders,40555,HB,CAR,16,0,5,23.3,0,5,38,15.3,14.3,85.5,0,8,3,38,265,18.5,0,3,18,13.3,12.5,80.6,5,2,18,144
Kareem Hunt,11841,HB,CLV,15,0,8,53.6,0,1,35,20.5,20.7,95.7,0,2,1,38,184,48.0,0,1,19,24.7,23.5,92.1,2,1,19,81
James Cook,83666,HB,BUF,17,0,4,23.8,1,7,34,9.9,10.4,88.2,0,8,0,38,364,15.0,0,5,15,10.1,11.7,83.3,5,0,19,162
George Kittle,11901,TE,SF,16,0,28,70.4,1,1,35,7.1,7.1,97.1,0,2,0,37,523,54.0,1,0,10,4.8,4.8,95.0,1,0,11,228
Tyler Vrabel,77343,T,ATL,1,0,2,71.6,0,0,33,100.0,100.0,100.0,0,0,0,37,37,50.9,0,0,6,100.0,100.0,100.0,0,0,8,8
Olisaemeka Udoh,28394,T,MIN,2,0,18,49.8,1,1,36,100.0,100.0,94.4,0,3,1,37,37,33.1,1,1,15,100.0,100.0,86.7,3,1,16,16
Tyler Conklin,47124,TE,NYJ,17,0,22,66.6,0,3,37,7.3,6.9,95.9,0,3,0,37,536,74.9,0,0,6,2.4,2.2,100.0,0,0,6,274
Lucas Niang,47004,T,KC,2,1,16,56.5,1,3,35,100.0,100.0,94.3,1,4,0,36,36,49.2,1,2,13,100.0,100.0,88.5,3,0,13,13
Matt Breida,12271,HB,NYG,17,0,21,63.3,0,4,32,17.2,17.7,93.7,0,4,0,36,203,45.0,0,4,16,16.2,17.3,87.5,4,0,19,110
Noah Fant,42388,TE,SEA,17,0,29,72.1,0,3,33,9.4,9.5,92.4,1,4,1,36,378,64.4,0,1,7,4.1,4.3,78.6,2,1,8,185
Geoff Swaim,9679,TE,ARZ,14,0,1,66.6,1,1,30,23.1,24.1,96.7,0,2,0,35,145,75.3,0,0,4,16.0,14.3,100.0,0,0,4,28
Mike Caliendo,41446,G,KC,1,0,16,28.1,0,3,35,100.0,100.0,92.9,0,4,1,35,35,26.3,0,2,13,100.0,100.0,84.6,3,1,13,13
Brenton Strange,101694,TE,JAX,14,0,15,55.8,0,3,31,26.7,27.4,95.2,0,3,0,34,124,71.5,0,0,2,6.9,6.5,100.0,0,0,2,31
Noah Gray,60878,TE,KC,17,0,16,46.3,2,2,32,9.3,9.3,93.7,0,4,0,34,367,26.5,1,0,4,2.6,2.9,87.5,1,0,5,172
Luke Wypler,129764,G,CLV,2,0,8,54.5,1,1,34,100.0,100.0,97.1,0,2,0,34,34,60.8,0,0,15,100.0,100.0,100.0,0,0,15,15
Dan Skipper,12307,G,DET,10,0,11,76.9,1,1,30,76.9,77.3,96.7,0,2,0,34,44,79.0,0,0,5,100.0,100.0,100.0,0,0,7,7
Keith Smith,9302,FB,ATL,13,0,2,57.8,0,1,31,57.4,55.0,91.9,0,3,2,33,60,52.1,0,0,3,25.0,21.4,100.0,0,0,3,14
Luke Schoonmaker,84005,TE,DAL,17,0,9,58.8,0,2,30,22.2,22.3,93.3,0,3,1,33,148,70.2,0,0,1,4.5,3.7,100.0,0,0,1,27
Dalvin Cook,11796,HB,NYJ,15,0,22,61.0,1,0,31,25.8,26.0,91.9,0,3,2,33,127,39.5,1,0,11,22.4,24.1,86.4,2,1,13,54
Raheem Mostert,9783,HB,MIA,15,0,17,65.5,1,2,29,10.2,10.9,94.8,0,3,0,33,302,58.0,0,1,7,10.8,11.9,92.9,1,0,8,67
Jalen Mayfield,81725,G,NYG,1,0,21,0.0,0,5,30,100.0,100.0,91.7,1,5,0,32,32,0.0,0,3,15,100.0,100.0,90.0,3,0,17,17
Tyler Allgeier,83639,HB,ATL,17,0,2,90.3,0,0,30,21.7,21.9,100.0,0,0,0,32,146,84.0,0,0,7,30.4,30.4,100.0,0,0,7,23
Julian Hill,88685,TE,MIA,15,0,17,39.2,0,1,31,22.5,20.9,95.2,1,2,1,31,148,58.2,0,0,4,15.4,14.8,100.0,0,0,4,27
Cody Ford,39805,G,CIN,7,0,7,41.5,0,2,30,93.8,93.9,96.7,0,2,0,31,33,36.0,0,0,14,100.0,100.0,100.0,0,0,15,15
Khalil Herbert,41668,HB,CHI,12,0,6,53.3,0,3,29,16.6,16.9,94.8,0,3,0,31,183,35.0,0,2,6,9.1,8.8,83.3,2,0,6,68
Khari Blasingame,44889,FB,CHI,16,0,6,57.0,0,0,30,40.5,39.7,93.3,0,2,2,31,78,29.3,0,0,3,12.5,11.5,100.0,0,0,3,26
D'Ernest Johnson,45734,HB,JAX,14,0,15,43.7,1,2,30,21.7,21.7,95.0,0,3,0,31,143,51.0,0,2,17,24.6,23.3,94.1,2,0,17,73
Jake Ferguson,61081,TE,DAL,17,0,9,72.6,0,0,28,5.1,5.3,100.0,0,0,0,31,589,74.1,0,0,1,0.4,0.4,100.0,0,0,1,252
Donald Parham Jr.,91014,TE,LAC,14,0,27,78.3,1,0,29,10.4,10.3,98.3,0,1,0,31,300,75.6,0,0,3,2.3,2.8,100.0,0,0,4,145
Royce Freeman,45747,HB,LA,9,0,26,67.6,0,2,24,23.5,25.2,95.8,0,2,0,30,119,49.9,0,2,10,20.4,22.0,90.0,2,0,13,59
Jack Stoll,42058,TE,PHI,17,0,24,49.5,0,2,30,17.2,16.6,96.7,1,2,0,30,181,21.7,0,1,2,4.2,4.0,75.0,1,0,2,50
David Bakhtiari,7891,T,GB,1,0,12,89.9,0,0,30,100.0,100.0,100.0,0,0,0,30,30,87.3,0,0,13,100.0,100.0,100.0,0,0,13,13
Logan Thomas,8755,TE,WAS,16,0,32,73.9,0,1,24,4.5,5.1,93.7,1,2,1,29,568,56.1,0,0,2,0.7,1.0,50.0,1,1,3,287
Zach Thomas,43641,T,LA,1,0,26,8.6,0,3,26,100.0,100.0,86.5,0,5,2,29,29,0.5,0,0,12,100.0,100.0,83.3,2,2,15,15
Riley Reiff,7029,G,NE,1,0,19,63.4,0,1,27,100.0,100.0,98.1,0,1,0,29,29,61.5,0,1,18,100.0,100.0,97.2,1,0,20,20
Alec Ingold,34934,FB,MIA,17,0,17,77.1,0,1,28,16.5,16.3,98.2,1,1,0,29,178,48.9,0,1,2,9.5,9.5,75.0,1,0,2,21
D'Onta Foreman,11844,HB,CHI,9,0,6,29.5,1,5,26,21.3,22.7,88.5,0,6,0,29,128,37.9,1,1,7,17.1,16.3,85.7,2,0,7,43
Michael Carter,57337,HB,ARZ,15,0,1,37.4,3,2,26,14.9,15.0,90.4,1,5,0,28,187,27.2,3,2,18,14.4,14.3,86.1,5,0,19,133
Andrew Beck,47121,FB,HST,15,0,13,66.2,0,3,27,20.9,20.0,94.4,0,3,0,28,140,,0,0,0,0.0,0.0,,0,0,0,28
Kyle Hinton,83163,G,ATL,3,0,2,79.2,0,0,27,100.0,100.0,100.0,0,0,0,28,28,54.4,0,0,4,100.0,100.0,100.0,0,0,4,4
Leroy Watson,98723,T,CLV,2,0,8,47.0,0,0,28,100.0,100.0,100.0,0,0,0,28,28,66.7,0,0,12,100.0,100.0,100.0,0,0,12,12
David Edwards,35941,G,BUF,13,0,4,62.8,0,0,25,89.3,90.0,100.0,0,0,0,27,30,,0,0,0,,,,0,0,0,0
Trayveon Williams,45775,HB,CIN,16,0,7,75.1,1,1,23,19.3,21.6,91.3,0,3,1,27,125,69.9,1,1,17,23.0,24.7,88.2,3,1,19,77
Gerald Everett,11799,TE,LAC,15,0,27,67.5,0,1,26,7.4,7.2,98.1,1,1,0,27,373,52.6,0,1,7,3.8,3.6,92.9,1,0,7,196
Juwan Johnson,28305,TE,NO,13,2,20,46.8,1,1,26,7.8,7.8,96.2,3,2,0,27,346,24.8,1,0,4,2.2,2.6,87.5,1,0,5,190
Teagan Quitoriano,84036,TE,HST,7,0,13,59.4,0,3,25,49.0,49.1,94.0,0,3,0,27,55,,0,0,0,0.0,0.0,,0,0,0,11
T.J. Hockenson,40912,TE,MIN,15,0,18,65.6,1,3,25,4.7,4.6,92.0,0,4,0,26,563,49.6,0,1,2,0.8,0.7,75.0,1,0,2,272
Hunter Henry,10669,TE,NE,14,1,19,74.8,0,0,25,6.3,6.3,100.0,3,0,0,26,414,70.0,0,0,3,1.6,1.5,100.0,0,0,3,200
Luke Musgrave,98499,TE,GB,11,0,12,45.7,1,1,23,7.8,8.0,95.7,0,2,0,25,312,,0,0,0,0.0,0.0,,0,0,0,139
Tony Jones Jr.,40498,HB,ARZ,7,0,1,50.9,1,3,24,25.5,25.3,87.5,0,5,1,25,99,42.7,0,3,16,28.6,28.3,84.4,4,1,17,60
Foster Sarell,52272,T,LAC,1,0,27,51.6,0,2,25,100.0,100.0,96.0,0,2,0,25,25,80.4,0,0,12,100.0,100.0,100.0,0,0,12,12
Michael Burton,9601,FB,DEN,17,0,10,84.0,0,0,21,30.0,31.6,100.0,0,0,0,24,76,85.6,0,0,9,31.0,31.3,100.0,0,0,10,32
Dameon Pierce,83659,HB,HST,13,0,13,87.8,0,0,23,17.2,17.1,100.0,0,0,0,24,140,74.4,0,0,1,2.2,2.1,100.0,0,0,1,47
Brevin Jordan,77887,TE,HST,13,0,13,69.3,0,0,22,13.8,14.3,95.5,0,1,1,24,168,49.9,0,0,8,10.7,11.7,87.5,1,1,9,77
Jeremy Ruckert,84029,TE,NYJ,14,1,22,36.3,1,0,23,14.4,14.5,97.8,1,1,0,24,166,73.1,0,0,2,3.9,3.8,100.0,0,0,2,53
Jonathan Taylor,57488,HB,IND,10,0,14,57.1,0,4,20,10.1,11.3,90.0,0,4,0,24,212,52.4,0,3,11,12.8,14.1,86.4,3,0,13,92
Kevin Rader,30887,TE,TEN,14,0,31,50.1,0,2,20,38.5,41.8,95.0,0,2,0,23,55,,0,0,0,0.0,0.0,,0,0,0,5
Dawson Knox,35883,TE,BUF,12,0,4,77.2,0,0,20,7.7,8.2,100.0,1,0,0,23,281,76.0,0,0,4,3.6,4.9,100.0,0,0,6,123
Harrison Bryant,26394,TE,CLV,17,0,8,80.2,0,0,22,13.2,13.0,100.0,0,0,0,23,177,62.8,0,0,4,9.3,8.9,100.0,0,0,4,45
Fred Johnson,46951,T,PHI,1,0,24,76.2,0,1,23,100.0,100.0,97.8,0,1,0,23,23,74.6,0,1,12,100.0,100.0,95.8,1,0,12,12
C.J. Uzomah,9590,TE,NYJ,12,0,22,48.9,0,2,23,18.4,17.2,91.3,0,3,1,23,134,54.5,0,0,3,5.9,5.4,100.0,0,0,3,56
Josh Whyle,54037,TE,TEN,11,0,31,79.0,0,1,21,26.9,27.7,97.6,0,1,0,23,83,76.2,0,0,3,10.0,9.7,100.0,0,0,3,31
Tommy Tremble,84025,TE,CAR,16,0,5,62.0,1,0,20,7.4,7.7,97.5,1,1,0,22,286,,0,0,0,0.0,0.0,,0,0,0,147
Austin Deculus,59821,T,NYJ,1,0,22,53.6,3,0,18,100.0,100.0,91.7,0,3,0,22,22,29.1,2,0,7,100.0,100.0,85.7,2,0,7,7
Ko Kieft,41372,TE,TB,16,0,30,67.5,0,2,22,31.4,30.6,95.5,0,2,0,22,72,,0,0,0,0.0,0.0,,0,0,0,6
Kion Smith,136103,T,MIA,4,0,17,86.1,0,0,21,100.0,100.0,100.0,0,0,0,22,22,81.6,0,0,5,100.0,100.0,100.0,0,0,5,5
Jakob Johnson,32565,FB,LV,12,0,23,83.1,0,0,20,31.3,32.8,100.0,0,0,0,22,67,,0,0,0,0.0,0.0,,0,0,0,12
Evan Engram,11778,TE,JAX,17,0,15,61.8,0,0,21,3.3,3.2,100.0,1,0,0,22,678,32.5,0,0,3,1.0,0.9,100.0,0,0,3,327
Nick Bawden,27413,FB,NYJ,16,0,22,55.3,0,2,21,37.5,37.3,95.2,1,2,0,22,59,70.8,0,1,6,28.6,27.3,91.7,1,0,6,22
Ricky Stromberg,99066,G,WAS,3,0,32,41.7,0,1,19,100.0,100.0,97.4,0,1,0,21,21,80.2,0,0,3,100.0,100.0,100.0,0,0,5,5
Darren Waller,9637,TE,NYG,12,0,21,57.6,0,2,19,5.2,5.3,94.7,0,2,0,21,396,46.1,0,1,4,2.3,3.1,87.5,1,0,6,193
Dare Ogunbowale,12329,HB,HST,8,0,13,52.1,0,0,20,21.7,21.6,90.0,0,2,2,21,97,49.6,0,0,10,15.6,16.2,90.0,1,1,11,68
DeeJay Dallas,55632,HB,SEA,10,0,29,49.9,2,1,21,30.0,26.6,92.9,0,3,0,21,79,58.4,1,0,9,23.1,20.0,94.4,1,0,9,45
Darrell Henderson,41193,HB,LA,4,0,26,69.0,0,0,20,27.8,26.9,100.0,0,0,0,21,78,40.5,0,0,6,14.0,12.8,100.0,0,0,6,47
Andrew Ogletree,138351,TE,IND,12,0,14,80.1,0,0,18,12.1,13.2,100.0,0,0,0,21,159,68.9,0,0,2,3.8,3.7,100.0,0,0,2,54
Travis Kelce,7844,TE,KC,15,3,16,77.0,0,1,19,3.6,3.6,97.4,6,1,0,20,562,71.7,0,0,1,0.4,0.7,100.0,0,0,2,287
Rico Dowdle,40693,HB,DAL,16,0,9,36.4,0,3,16,13.0,14.3,90.6,0,3,0,19,133,29.6,0,3,9,19.6,19.6,83.3,3,0,10,51
Kyle Juszczyk,7912,FB,SF,17,0,28,72.9,0,0,18,8.0,8.1,94.4,0,1,1,19,235,78.4,0,0,2,2.8,3.9,100.0,0,0,3,76
Aaron Jones,11937,HB,GB,11,0,12,61.0,1,0,18,9.7,9.9,97.2,0,1,0,19,191,54.8,1,0,10,14.7,15.9,95.0,1,0,11,69
Trey McBride,75916,TE,ARZ,17,0,1,55.1,1,0,15,3.6,4.2,96.7,0,1,0,19,455,28.4,1,0,2,1.1,1.0,75.0,1,0,2,191
Dallas Goedert,47272,TE,PHI,14,0,24,79.4,0,0,19,4.2,4.0,100.0,0,0,0,19,476,73.2,0,0,7,3.2,3.0,100.0,0,0,7,232
Mitchell Wilcox,47234,TE,CIN,16,0,7,74.0,1,0,19,21.6,21.1,97.4,0,1,0,19,90,73.9,0,0,2,9.5,8.7,100.0,0,0,2,23
Cam Akers,57206,HB,MIN,7,0,18,71.2,1,0,19,28.8,26.4,97.4,0,1,0,19,72,64.5,0,0,5,22.7,20.8,100.0,0,0,5,24
Pierre Strong Jr.,66619,HB,CLV,14,0,8,62.4,0,1,16,18.0,19.1,96.9,0,1,0,18,94,37.0,0,0,3,9.1,13.5,100.0,0,0,5,37
Ben Sims,77918,TE,GB,14,0,12,68.7,0,1,18,26.1,24.7,91.7,0,2,1,18,73,69.2,0,0,1,5.6,5.0,100.0,0,0,1,20
Clyde Edwards-Helaire,57279,HB,KC,15,0,16,56.5,0,1,17,11.7,12.0,97.1,0,1,0,18,150,85.6,0,0,7,10.0,11.0,100.0,0,0,8,73
Zamir White,83665,HB,LV,13,0,23,46.4,0,0,18,16.7,16.2,100.0,0,0,0,18,111,74.6,0,0,1,2.3,2.2,100.0,0,0,1,45
Isaiah Spiller,99146,HB,LAC,9,0,27,29.0,0,5,16,24.6,25.7,84.4,1,5,0,18,70,24.9,0,4,8,36.4,38.5,75.0,4,0,10,26
Tank Bigsby,123974,HB,JAX,11,1,15,32.1,1,1,17,30.4,30.0,94.1,1,2,0,18,60,22.5,1,0,5,23.8,24.0,90.0,1,0,6,25
Blake Bell,9550,TE,KC,17,1,16,45.4,1,2,17,18.3,17.5,91.2,1,3,0,18,103,70.2,0,0,1,3.8,3.1,100.0,0,0,1,32
Luke Wattenberg,41024,G,DEN,3,0,10,33.0,0,2,17,100.0,100.0,94.1,0,2,0,17,17,20.3,0,1,4,100.0,100.0,87.5,1,0,4,4
Trey Sermon,57372,HB,IND,8,0,14,69.4,0,0,16,27.1,26.2,100.0,0,0,0,17,65,66.5,0,0,14,41.2,37.5,100.0,0,0,15,40
Charlie Woerner,42257,TE,SF,16,0,28,36.0,1,3,15,13.6,14.5,86.7,0,4,0,17,117,16.8,0,2,3,7.3,9.3,66.7,2,0,4,43
Asim Richards,99674,T,DAL,5,0,9,63.9,0,1,15,100.0,100.0,96.7,0,1,0,16,16,18.2,0,1,3,100.0,100.0,83.3,1,0,3,3
Ian Thomas,42130,TE,CAR,11,0,5,32.7,0,2,15,16.3,16.3,80.0,1,4,2,16,98,,0,0,0,0.0,0.0,,0,0,0,33
Keaontay Ingram,77761,HB,KC,7,0,16,60.8,1,1,13,20.3,22.5,92.3,0,2,0,16,71,47.0,0,1,2,7.1,6.7,75.0,1,0,2,30
Warren McClendon Jr.,99081,T,LA,2,0,26,45.0,0,1,14,100.0,100.0,89.3,0,2,1,16,16,32.0,0,1,9,100.0,100.0,83.3,2,1,9,9
Pat Freiermuth,84085,TE,PIT,12,0,25,77.5,0,0,16,5.5,5.2,100.0,2,0,0,16,309,74.1,0,0,5,3.0,2.8,100.0,0,0,5,178
Jack Conklin,10642,T,CLV,1,0,8,78.9,0,0,15,100.0,100.0,100.0,0,0,0,15,15,77.4,0,0,4,100.0,100.0,100.0,0,0,4,4
Davis Allen,99697,TE,LA,11,0,26,74.6,0,1,12,14.0,15.8,95.8,0,1,0,15,95,,0,0,0,0.0,0.0,,0,0,0,35
Kylen Granson,40630,TE,IND,15,0,14,63.8,0,1,14,4.6,4.7,89.3,0,2,1,15,321,50.1,0,1,3,2.0,1.8,83.3,1,0,3,165
James Mitchell,77885,TE,DET,13,0,11,74.4,0,0,14,21.5,20.3,100.0,0,0,0,14,69,45.1,0,0,2,10.0,10.0,100.0,0,0,2,20
Nick Saldiveri,81785,G,NO,1,0,20,32.2,0,1,12,100.0,100.0,95.8,0,1,0,14,14,21.7,0,1,9,100.0,100.0,94.4,1,0,10,10
Brian Allen,46104,C,LA,2,0,26,79.8,0,0,12,100.0,100.0,100.0,0,0,0,14,14,75.2,0,0,4,100.0,100.0,100.0,0,0,4,4
Josiah Deguara,47034,TE,GB,14,0,12,35.1,0,0,12,14.0,15.2,100.0,0,0,0,14,92,69.2,0,0,1,3.4,3.3,100.0,0,0,1,30
Nick Vannett,10728,TE,LAC,8,0,27,73.8,0,0,14,31.8,31.1,100.0,0,0,0,14,45,72.2,0,0,2,16.7,15.4,100.0,0,0,2,13
Matt Pryor,46647,T,SF,3,0,28,80.8,0,0,13,100.0,100.0,100.0,0,0,0,14,14,79.2,0,0,6,100.0,100.0,100.0,0,0,6,6
John Ojukwu,58530,T,TEN,3,0,31,50.0,1,1,11,68.8,72.2,81.8,0,3,1,13,18,,0,0,0,,,,0,0,0,0
Tucker Fisk,52286,TE,ATL,6,0,2,54.7,0,1,12,57.1,59.1,95.8,0,1,0,13,22,,0,0,0,,,,0,0,0,0
Josh Sills,41748,G,IND,4,0,14,48.8,0,1,13,100.0,100.0,96.2,0,1,0,13,13,2.0,0,1,4,100.0,100.0,87.5,1,0,4,4
Mike Boone,31615,HB,HST,9,0,13,14.5,0,2,13,15.3,14.1,84.6,0,3,1,13,92,35.2,0,1,7,13.2,12.5,78.6,2,1,7,56
Quinn Bailey,46669,G,DEN,9,0,10,79.3,0,0,11,84.6,86.7,100.0,0,0,0,13,15,,0,0,0,,,,0,0,0,0
Sean Harlow,11891,C,NYG,1,0,21,73.3,0,1,12,100.0,100.0,95.8,0,1,0,13,13,71.0,0,1,10,100.0,100.0,95.0,1,0,10,10
Eric Saubert,11929,TE,HST,8,0,13,34.2,0,3,12,31.6,29.3,87.5,0,3,0,12,41,,0,0,0,0.0,0.0,,0,0,0,7
Tre' McKitty,60896,TE,LAC,6,0,27,57.2,0,0,11,55.0,52.2,100.0,1,0,0,12,23,73.1,0,0,2,100.0,100.0,100.0,0,0,2,2
Charlie Kolar,60917,TE,BLT,12,0,3,53.3,0,1,12,17.4,16.7,95.8,0,1,0,12,72,,0,0,0,0.0,0.0,,0,0,0,27
Ronnie Rivers,57208,HB,LA,7,0,26,29.0,0,1,12,25.5,23.5,95.8,0,1,0,12,51,5.1,0,1,1,7.1,6.3,50.0,1,0,1,16
Keaton Mitchell,123826,HB,BLT,7,0,3,35.9,0,1,12,19.0,17.9,87.5,0,2,1,12,67,29.0,0,1,5,19.2,17.2,90.0,1,0,5,29
Payne Durham,84037,TE,TB,13,0,30,69.2,0,1,10,16.1,18.5,95.0,0,1,0,12,65,,0,0,0,0.0,0.0,,0,0,0,20
Connor Heyward,57301,TE,PIT,17,0,25,79.3,0,0,10,4.8,4.4,100.0,1,0,0,10,226,72.7,0,0,1,0.9,0.8,100.0,0,0,1,124
Ty Johnson,45769,HB,BUF,7,0,4,53.9,0,1,10,21.7,20.8,95.0,0,1,0,10,48,56.7,0,1,3,20.0,18.8,83.3,1,0,3,16
Johnny Mundt,12206,TE,MIN,16,0,18,56.1,0,0,9,7.3,7.6,100.0,0,0,0,10,131,69.8,0,0,0,0.0,1.4,,0,0,1,70
Sean McKeon,42266,TE,DAL,9,0,9,79.2,0,0,10,24.4,23.3,100.0,0,0,0,10,43,74.4,0,0,1,20.0,16.7,100.0,0,0,1,6
Stone Smartt,60492,TE,LAC,16,0,27,48.1,0,1,8,4.8,5.6,93.7,2,1,0,10,177,20.8,0,0,1,1.4,2.6,100.0,0,0,2,76
Kyle Pitts,83964,TE,ATL,17,2,2,77.6,0,0,8,1.7,2.0,100.0,2,0,0,10,496,71.6,0,0,1,0.5,0.5,100.0,0,0,1,207
Nick Westbrook-Ikhine,47861,WR,TEN,14,1,31,79.6,0,0,10,3.0,2.8,100.0,1,0,0,10,362,,0,0,0,0.0,0.0,,0,0,0,162
Craig Reynolds,94383,HB,DET,11,0,11,26.5,0,2,10,14.3,14.3,80.0,0,3,1,10,70,16.6,0,2,5,16.7,16.7,60.0,3,1,5,30
Peyton Hendershot,60915,TE,DAL,8,0,9,85.1,0,0,8,11.1,12.2,100.0,0,0,0,9,74,75.0,0,0,0,0.0,4.3,,0,0,1,23
Prince Tega Wanogho,44820,T,KC,2,0,16,21.1,2,0,9,100.0,100.0,88.9,0,2,0,9,9,4.5,2,0,5,100.0,100.0,80.0,2,0,5,5
Reggie Gilliam,40951,FB,BUF,14,0,4,61.5,0,1,9,28.1,28.1,94.4,0,1,0,9,32,70.2,0,0,1,25.0,25.0,100.0,0,0,1,4
Darrynton Evans,40692,HB,MIA,6,0,17,73.9,0,1,9,19.6,19.1,94.4,0,1,0,9,47,80.3,0,0,3,15.0,14.3,100.0,0,0,3,21
Adam Prentice,35639,FB,NO,12,0,20,33.9,0,0,9,19.6,19.6,100.0,0,0,0,9,46,24.6,0,0,5,15.2,15.2,100.0,0,0,5,33
Damien Harris,35134,HB,BUF,5,0,4,85.3,0,0,8,34.8,33.3,100.0,0,0,0,9,27,78.7,0,0,2,28.6,25.0,100.0,0,0,2,8
Puka Nacua,100632,WR,LA,17,0,26,72.0,1,0,9,1.6,1.4,94.4,2,1,0,9,623,,0,0,0,0.0,0.0,,0,0,0,318
Deuce Vaughn,122624,HB,DAL,6,0,9,35.7,0,2,9,31.0,30.0,88.9,0,2,0,9,30,29.7,0,1,4,36.4,33.3,87.5,1,0,4,12
Robert Tonyan,12193,TE,CHI,17,0,6,59.7,0,1,8,4.7,4.4,93.7,1,1,0,8,183,65.8,0,0,1,1.1,1.1,100.0,0,0,1,91
Chase Brown,77787,HB,CIN,10,0,7,26.7,0,0,6,14.6,18.2,100.0,1,0,0,8,44,13.4,0,0,3,21.4,26.7,100.0,0,0,4,15
Justin Herron,46271,T,LV,3,0,23,68.7,0,0,8,100.0,100.0,100.0,0,0,0,8,8,57.3,0,0,3,100.0,100.0,100.0,0,0,3,3
Lawrence Cager,34914,TE,NYG,9,0,21,72.2,0,0,7,12.5,12.7,100.0,0,0,0,8,63,,0,0,0,0.0,0.0,,0,0,0,33
Quintin Morris,61182,TE,BUF,13,0,4,70.6,0,0,7,12.7,13.3,100.0,0,0,0,8,60,62.3,0,0,1,4.8,4.5,100.0,0,0,1,22
Austen Pleasants,37066,T,LAC,1,0,27,4.8,0,2,8,100.0,100.0,87.5,0,2,0,8,8,0.0,0,1,2,100.0,100.0,75.0,1,0,2,2
Grant Calcaterra,60997,TE,PHI,13,0,24,65.9,0,0,8,14.5,14.5,100.0,0,0,0,8,55,40.3,0,0,2,8.3,8.3,100.0,0,0,2,24
Kenny Yeboah,42196,TE,NYJ,5,0,22,54.8,0,1,8,18.6,17.8,93.7,0,1,0,8,45,,0,0,0,0.0,0.0,,0,0,0,14
Tyler Scott,123578,WR,CHI,17,0,6,80.6,0,0,8,3.0,3.0,100.0,0,0,0,8,271,,0,0,0,0.0,0.0,,0,0,0,150
Chris Rodriguez Jr.,83689,HB,WAS,6,0,32,82.7,0,0,6,17.1,18.4,100.0,0,0,0,7,38,,0,0,0,0.0,0.0,,0,0,0,9
Jordan Akins,47050,TE,CLV,17,0,8,43.5,0,1,7,5.7,5.6,78.6,0,2,1,7,125,69.2,0,0,1,2.0,1.9,100.0,0,0,1,53
Hroniss Grasu,9504,C,LV,1,0,23,60.2,0,1,7,100.0,100.0,92.9,0,1,0,7,7,46.8,0,1,3,100.0,100.0,83.3,1,0,3,3
Nate Adkins,87625,TE,DEN,10,0,10,40.7,1,1,7,21.9,20.6,85.7,1,2,0,7,34,,0,0,0,0.0,0.0,,0,0,0,9
Chase Edmonds,45851,HB,TB,13,0,30,83.5,0,0,5,5.7,7.4,100.0,0,0,0,7,95,80.4,0,0,2,4.5,8.2,100.0,0,0,4,49
Gabe Davis,55410,WR,BUF,17,0,4,65.3,1,1,7,1.3,1.2,85.7,0,2,0,7,598,,0,0,0,0.0,0.0,,0,0,0,272
Mark Andrews,47436,TE,BLT,10,0,3,71.0,0,0,6,2.1,2.3,100.0,0,0,0,7,303,,0,0,0,0.0,0.0,,0,0,0,144
Ryan Van Demark,55113,T,BUF,3,0,4,27.2,1,0,7,100.0,100.0,92.9,0,1,0,7,7,0.0,1,0,3,100.0,100.0,83.3,1,0,3,3
Hunter Luepke,91319,FB,DAL,16,0,9,20.2,1,1,7,15.6,13.5,85.7,0,2,0,7,52,5.2,0,1,1,20.0,16.7,50.0,1,0,1,6
Derrick Gore,32342,HB,WAS,4,0,32,83.7,0,0,5,29.4,36.8,100.0,0,0,0,7,19,81.5,0,0,1,10.0,25.0,100.0,0,0,3,12
Elijah Mitchell,57272,HB,SF,10,0,28,43.5,0,0,7,11.9,11.3,100.0,0,0,0,7,62,24.2,0,0,3,18.8,16.7,100.0,0,0,3,18
Nick Chubb,45783,HB,CLV,2,0,8,25.8,0,1,6,27.3,27.3,91.7,0,1,0,6,22,6.1,0,0,1,25.0,25.0,100.0,0,0,1,4
Boston Scott,39462,HB,PHI,10,0,24,35.1,0,1,5,13.5,15.8,90.0,0,1,0,6,38,75.7,0,0,1,5.6,5.6,100.0,0,0,1,18
Isaiah Likely,83955,TE,BLT,17,0,3,62.9,0,0,6,2.1,1.9,100.0,2,0,0,6,309,,0,0,0,0.0,0.0,,0,0,0,148
Irv Smith Jr.,42060,TE,CIN,12,0,7,53.6,0,1,6,2.6,2.5,91.7,0,1,0,6,243,,0,0,0,0.0,0.0,,0,0,0,110
Kendre Miller,123091,HB,NO,8,0,20,27.4,0,1,6,10.0,10.0,91.7,0,1,0,6,60,76.8,0,0,2,9.1,9.1,100.0,0,0,2,22
Dalton Kincaid,91791,TE,BUF,16,0,4,44.3,0,0,6,1.3,1.2,100.0,2,0,0,6,494,65.4,0,0,1,0.5,0.4,100.0,0,0,1,225
Allen Robinson II,8696,WR,PIT,17,0,25,61.3,0,1,6,1.5,1.4,91.7,0,1,0,6,430,,0,0,0,0.0,0.0,,0,0,0,234
Jeff Wilson Jr.,29413,HB,MIA,9,0,17,13.8,0,1,5,5.4,6.3,90.0,0,1,0,6,95,,0,0,0,0.0,0.0,,0,0,0,29
Jonathan Mingo,97774,WR,CAR,15,0,5,76.4,0,0,5,0.9,1.0,100.0,0,0,0,6,578,,0,0,0,0.0,0.0,,0,0,0,338
Cedric Tillman,84434,WR,CLV,14,0,8,76.4,1,0,6,1.7,1.6,91.7,1,1,0,6,382,,0,0,0,0.0,0.0,,0,0,0,173
Jaleel McLaughlin,138346,HB,DEN,16,0,10,34.6,0,1,5,4.9,5.6,90.0,0,1,0,6,108,75.0,0,0,0,0.0,2.9,,0,0,1,35
Brandon Powell,48036,WR,MIN,13,1,18,76.7,0,0,4,1.4,1.6,100.0,1,0,0,5,305,,0,0,0,0.0,0.0,,0,0,0,181
David Wells,34985,TE,TB,5,0,30,79.3,0,0,5,31.3,31.3,100.0,0,0,0,5,16,,0,0,0,0.0,0.0,,0,0,0,4
La'Mical Perine,26408,HB,KC,4,0,16,79.2,0,0,5,13.9,13.9,100.0,0,0,0,5,36,,0,0,0,0.0,0.0,,0,0,0,11
Tim Jones,61669,WR,JAX,16,0,15,81.0,0,0,5,2.6,2.5,100.0,0,0,0,5,199,73.1,0,0,1,1.2,1.1,100.0,0,0,1,89
Rashaad Penny,27414,HB,PHI,2,0,24,18.0,0,0,4,25.0,29.4,75.0,1,1,1,5,17,12.3,0,0,3,42.9,50.0,66.7,1,1,4,8
Adam Thielen,8288,WR,CAR,17,0,5,46.5,0,0,5,0.8,0.7,100.0,1,0,0,5,683,4.9,0,0,0,0.0,0.0,,0,0,0,409
Hayden Hurst,47294,TE,CAR,9,0,5,78.7,0,0,5,2.2,2.0,100.0,0,0,0,5,249,74.9,0,0,2,1.4,1.2,100.0,0,0,2,161
Ben Brown,59869,G,SEA,1,0,29,77.7,0,0,5,100.0,100.0,100.0,0,0,0,5,5,71.0,0,0,1,100.0,100.0,100.0,0,0,1,1
Melvin Gordon III,9448,HB,BLT,4,0,3,36.9,0,1,5,22.7,21.7,90.0,0,1,0,5,23,18.3,0,1,2,20.0,20.0,75.0,1,0,2,10
Jackson Carman,52575,T,CIN,1,0,7,48.5,0,1,5,100.0,100.0,90.0,0,1,0,5,5,79.4,0,0,2,100.0,100.0,100.0,0,0,2,2
Ke'Shawn Vaughn,45866,HB,TB,5,0,30,39.8,0,0,4,16.0,17.2,100.0,0,0,0,5,29,31.3,0,0,3,42.9,44.4,100.0,0,0,4,9
Max Scharping,46961,C,CIN,1,0,7,77.9,0,0,5,100.0,100.0,100.0,0,0,0,5,5,74.9,0,0,2,100.0,100.0,100.0,0,0,2,2
Darnell Mooney,48236,WR,CHI,15,0,6,39.6,0,0,3,0.6,0.8,66.7,0,1,1,4,489,,0,0,0,0.0,0.0,,0,0,0,239
Rashee Rice,97605,WR,KC,16,0,16,71.7,0,0,4,1.0,1.0,100.0,1,0,0,4,416,,0,0,0,0.0,0.0,,0,0,0,211
Jason Cabinda,50714,FB,DET,4,0,11,25.2,1,0,4,33.3,33.3,87.5,0,1,0,4,12,3.1,1,0,1,25.0,25.0,50.0,1,0,1,4
Jonathan Williams,10790,HB,WAS,1,0,32,82.1,0,0,4,33.3,33.3,100.0,0,0,0,4,12,77.7,0,0,2,25.0,25.0,100.0,0,0,2,8
Matt Waletzko,87430,T,DAL,1,0,9,26.0,0,0,4,100.0,100.0,100.0,0,0,0,4,4,4.4,0,0,1,100.0,100.0,100.0,0,0,1,1
Brycen Hopkins,47338,TE,LA,14,0,26,56.7,0,0,4,7.3,7.0,100.0,0,0,0,4,57,,0,0,0,0.0,0.0,,0,0,0,31
Amon-Ra St. Brown,84470,WR,DET,16,0,11,39.2,0,0,4,0.7,0.7,100.0,0,0,0,4,608,,0,0,0,0.0,0.0,,0,0,0,286
Taysom Hill,12112,TE,NO,16,0,20,60.1,0,0,4,1.6,1.6,100.0,0,0,0,4,256,49.8,0,0,2,1.6,1.5,100.0,0,0,2,135
Brandon Parker,34693,T,LV,2,0,23,58.0,0,1,4,100.0,100.0,87.5,0,1,0,4,4,68.8,0,0,1,100.0,100.0,100.0,0,0,1,1
Travis Vokolek,61004,TE,ARZ,2,0,1,57.9,0,0,4,30.8,30.8,100.0,0,0,0,4,13,,0,0,0,0.0,0.0,,0,0,0,1
Israel Abanikanda,122999,HB,NYJ,6,0,22,59.0,0,0,4,7.8,7.7,100.0,0,0,0,4,52,55.5,0,0,3,11.5,11.5,100.0,0,0,3,26
Donovan Peoples-Jones,61439,WR,DET,15,0,11,77.9,0,0,4,1.5,1.4,100.0,0,0,0,4,282,,0,0,0,0.0,0.0,,0,0,0,138
Mike Gesicki,47153,TE,NE,17,0,19,78.7,0,0,4,1.2,1.1,100.0,0,0,0,4,354,,0,0,0,0.0,0.0,,0,0,0,174
Justin Skule,38951,T,TB,3,0,30,79.2,0,0,4,100.0,100.0,100.0,0,0,0,4,4,75.4,0,0,1,100.0,100.0,100.0,0,0,1,1
Isaiah Hodgins,52130,WR,NYG,17,1,21,73.8,0,0,4,1.4,1.4,100.0,1,0,0,4,296,62.2,0,0,1,0.8,0.7,100.0,0,0,1,144
Salvon Ahmed,57472,HB,MIA,8,0,17,36.4,0,0,4,4.2,4.0,100.0,0,0,0,4,99,75.0,0,0,1,3.6,3.3,100.0,0,0,1,30
Hunter Long,60859,TE,LA,3,0,26,65.2,0,0,4,17.4,17.4,100.0,0,0,0,4,23,68.5,0,0,1,8.3,8.3,100.0,0,0,1,12
Lil'Jordan Humphrey,42247,WR,DEN,17,0,10,46.2,0,0,3,1.3,1.7,100.0,0,0,0,4,242,,0,0,0,0.0,0.0,,0,0,0,107
Deebo Samuel,48274,WR,SF,15,0,28,80.0,0,0,4,1.0,1.0,100.0,1,0,0,4,412,,0,0,0,0.0,0.0,,0,0,0,183
Malcolm Rodriguez,60731,LB,DET,4,0,11,82.0,0,0,3,37.5,30.0,100.0,0,0,0,3,10,,0,0,0,0.0,0.0,,0,0,0,2
Khalil Shakir,84140,WR,BUF,17,0,4,69.9,0,0,3,0.9,0.9,100.0,1,0,0,3,352,,0,0,0,0.0,0.0,,0,0,0,164
Greg Dulcich,84068,TE,DEN,2,0,10,83.7,0,0,2,9.1,12.5,100.0,0,0,0,3,24,,0,0,0,0.0,0.0,,0,0,0,6
Lucas Krull,83962,TE,DEN,7,0,10,19.5,0,1,3,2.3,2.2,83.3,0,1,0,3,139,2.8,0,1,1,1.3,1.2,50.0,1,0,1,84
Jashaun Corbin,83773,HB,NYG,1,0,21,73.3,0,0,2,16.7,23.1,100.0,0,0,0,3,13,,0,0,0,0.0,0.0,,0,0,0,10
Curtis Samuel,11795,WR,WAS,16,2,32,75.0,0,0,3,0.7,0.7,100.0,2,0,0,3,430,66.4,0,0,1,0.5,0.4,100.0,0,0,1,229
Stephen Sullivan,40411,TE,CAR,11,0,5,73.7,0,0,3,2.3,2.2,100.0,0,0,0,3,136,,0,0,0,0.0,0.0,,0,0,0,88
Kene Nwangwu,40547,HB,MIN,3,0,18,78.9,0,0,3,37.5,37.5,100.0,0,0,0,3,8,,0,0,0,0.0,0.0,,0,0,0,2
Zach Ertz,7816,TE,ARZ,7,0,1,29.4,0,0,2,1.1,1.5,100.0,0,0,0,3,203,67.8,0,0,1,1.1,2.1,100.0,0,0,2,97
Jimmy Graham,5619,TE,NO,12,0,20,27.0,0,0,3,3.9,3.8,100.0,0,0,0,3,80,69.8,0,0,1,2.6,2.4,100.0,0,0,1,41
Keenan Allen,7857,WR,LAC,13,0,27,77.5,0,0,3,0.6,0.5,100.0,1,0,0,3,561,,0,0,0,0.0,0.0,,0,0,0,289
Deon Jackson,57189,HB,NYG,1,0,21,6.0,0,1,3,9.4,9.4,83.3,0,1,0,3,32,7.5,0,0,0,0.0,0.0,,0,0,0,13
Michael Pittman Jr.,29049,WR,IND,16,0,14,75.1,0,0,3,0.5,0.5,100.0,3,0,0,3,606,,0,0,0,0.0,0.0,,0,0,0,269
Damien Williams,9205,HB,ARZ,3,0,1,80.2,0,0,3,23.1,23.1,100.0,0,0,0,3,13,75.0,0,0,1,14.3,14.3,100.0,0,0,1,7
Tyler Kroft,9518,TE,MIA,2,0,17,54.8,0,0,3,17.6,17.6,100.0,1,0,0,3,17,,0,0,0,0.0,0.0,,0,0,0,3
Eric Gray,99143,HB,NYG,6,0,21,28.1,0,0,3,7.0,7.0,100.0,0,0,0,3,43,18.0,0,0,1,5.0,5.0,100.0,0,0,1,20
Kevin Harris,99141,HB,NE,4,0,19,77.3,0,0,3,18.8,18.8,100.0,0,0,0,3,16,77.1,0,0,2,50.0,50.0,100.0,0,0,2,4
Jauan Jennings,48027,WR,SF,13,0,28,73.0,0,0,3,1.3,1.2,100.0,1,0,0,3,251,,0,0,0,0.0,0.0,,0,0,0,124
Courtland Sutton,48164,WR,DEN,16,0,10,80.7,0,0,3,0.6,0.6,100.0,5,0,0,3,506,70.2,0,0,1,0.5,0.4,100.0,0,0,1,230
A.J. Brown,48327,WR,PHI,17,0,24,80.3,0,0,3,0.5,0.5,100.0,2,0,0,3,607,,0,0,0,0.0,0.0,,0,0,0,295
David Bell,97989,WR,CLV,15,0,8,68.7,0,0,3,2.2,2.1,100.0,0,0,0,3,140,,0,0,0,0.0,0.0,,0,0,0,69
Cordarrelle Patterson,7810,HB,ATL,14,0,2,78.3,0,0,3,3.4,3.3,100.0,0,0,0,3,92,,0,0,0,0.0,0.0,,0,0,0,27
Corey Levin,11972,C,TEN,2,0,31,74.1,0,0,2,66.7,66.7,100.0,0,0,0,2,3,73.0,0,0,1,100.0,100.0,100.0,0,0,1,1
Raheem Blackshear,57385,HB,CAR,9,0,5,44.4,0,0,1,3.1,6.1,100.0,0,0,0,2,33,44.4,0,0,1,7.1,13.3,100.0,0,0,2,15
J.K. Dobbins,57366,HB,BLT,1,0,3,48.2,0,1,2,12.5,11.1,75.0,0,1,0,2,18,48.2,0,1,2,22.2,20.0,75.0,1,0,2,10
Jordan Mason,62946,HB,SF,7,0,28,23.8,0,0,2,5.7,5.3,100.0,0,0,0,2,38,,0,0,0,0.0,0.0,,0,0,0,12
Chase Claypool,42312,WR,MIA,10,0,17,70.4,0,0,2,1.7,1.7,100.0,1,0,0,2,119,,0,0,0,0.0,0.0,,0,0,0,50
Ryan Bates,28300,C,BUF,1,0,4,70.8,0,0,2,100.0,100.0,100.0,0,0,0,2,2,,0,0,0,,,,0,0,0,0
Ben Skowronek,27948,WR,LA,14,0,26,73.7,0,0,2,2.4,2.2,100.0,1,0,0,2,91,,0,0,0,0.0,0.0,,0,0,0,41
Tanner Hudson,66924,TE,CIN,12,0,7,52.2,0,0,2,0.9,0.8,100.0,1,0,0,2,242,39.9,0,0,1,0.8,0.7,100.0,0,0,1,139
Chris Evans,27303,HB,CIN,7,0,7,13.6,0,0,1,5.9,10.0,100.0,0,0,0,2,20,,0,0,0,0.0,0.0,,0,0,0,11
Jaylon Thomas,77421,C,NYG,1,0,21,26.4,0,0,2,100.0,100.0,100.0,0,0,0,2,2,14.9,0,0,1,100.0,100.0,100.0,0,0,1,1
K.J. Osborn,23503,WR,MIN,16,0,18,73.6,0,0,2,0.4,0.3,100.0,2,0,0,2,594,,0,0,0,0.0,0.0,,0,0,0,287
Jake Bobo,77997,WR,SEA,17,0,29,59.8,0,0,1,0.7,1.3,100.0,1,0,0,2,160,,0,0,0,0.0,0.0,,0,0,0,64
Jesse Luketa,81361,ED,ARZ,2,0,1,74.0,0,0,2,100.0,100.0,100.0,0,0,0,2,2,,0,0,0,,,,0,0,0,0
Darrell Daniels,12122,FB,DET,2,0,11,46.4,0,0,2,40.0,40.0,100.0,0,0,0,2,5,,0,0,0,,,,0,0,0,0
Jake Funk,45835,HB,IND,1,0,14,36.0,0,1,2,20.0,18.2,75.0,0,1,0,2,11,36.0,0,1,2,33.3,28.6,75.0,1,0,2,7
Austin Trammell,52195,WR,LA,9,0,26,69.6,0,0,2,5.6,4.9,100.0,0,0,0,2,41,,0,0,0,0.0,0.0,,0,0,0,21
Alex Erickson,11107,WR,LAC,8,0,27,67.9,0,0,2,0.9,0.9,100.0,1,0,0,2,231,,0,0,0,0.0,0.0,,0,0,0,130
Cole Fotheringham,84070,TE,LV,2,0,23,12.9,0,0,2,25.0,25.0,50.0,0,1,1,2,8,,0,0,0,0.0,0.0,,0,0,0,3
Brandon Aiyuk,84109,WR,SF,16,0,28,66.8,0,0,1,0.2,0.4,100.0,1,0,0,2,474,,0,0,0,0.0,0.0,,0,0,0,218
Cole Turner,84330,TE,WAS,12,0,32,17.1,0,1,1,1.2,2.2,50.0,0,1,0,2,90,69.7,0,0,0,0.0,2.1,,0,0,1,48
Chris Moore,10741,WR,TEN,17,0,31,73.6,0,0,1,0.3,0.6,100.0,0,0,0,2,330,,0,0,0,0.0,0.0,,0,0,0,151
Kenyan Drake,10707,HB,GB,3,0,12,15.8,0,0,2,16.7,15.4,50.0,0,1,1,2,13,3.6,0,0,0,0.0,0.0,,0,0,0,5
Parker Hesse,48369,TE,ATL,2,0,2,70.9,0,0,2,33.3,33.3,100.0,0,0,0,2,6,,0,0,0,0.0,0.0,,0,0,0,1
Chris Reed,9830,G,MIN,1,0,18,72.3,0,0,2,100.0,100.0,100.0,0,0,0,2,2,,0,0,0,,,,0,0,0,0
Allen Lazard,48135,WR,NYJ,14,0,22,74.9,0,0,2,0.4,0.4,100.0,1,0,0,2,483,,0,0,0,0.0,0.0,,0,0,0,259
Trenton Irwin,48080,WR,CIN,16,0,7,59.1,0,0,2,0.8,0.7,100.0,0,0,0,2,279,,0,0,0,0.0,0.0,,0,0,0,122
Treylon Burks,99218,WR,TEN,11,2,31,74.6,0,0,2,0.7,0.7,100.0,3,0,0,2,287,,0,0,0,0.0,0.0,,0,0,0,124
Equanimeous St. Brown,47967,WR,CHI,7,0,6,72.0,0,0,2,1.8,1.7,100.0,0,0,0,2,118,,0,0,0,0.0,0.0,,0,0,0,62
Braxton Berrios,47961,WR,MIA,16,1,17,69.3,0,0,2,0.6,0.6,100.0,1,0,0,2,336,,0,0,0,0.0,0.0,,0,0,0,125
James Ferentz,9258,G,NE,1,0,19,0.0,0,0,2,100.0,100.0,50.0,0,1,1,2,2,,0,0,0,,,,0,0,0,0
Julius Chestnut,109239,HB,TEN,2,0,31,70.6,0,0,2,40.0,33.3,100.0,0,0,0,2,6,,0,0,0,0.0,0.0,,0,0,0,3
Jakobi Meyers,47468,WR,LV,16,0,23,71.8,0,0,2,0.4,0.4,100.0,3,0,0,2,561,,0,0,0,0.0,0.0,,0,0,0,279
Robert Woods,7822,WR,HST,14,1,13,39.3,0,1,2,0.5,0.5,75.0,3,1,0,2,444,,0,0,0,0.0,0.0,,0,0,0,225
Marvin Jones Jr.,7158,WR,DET,6,0,11,72.7,0,0,2,2.1,2.0,100.0,0,0,0,2,101,,0,0,0,0.0,0.0,,0,0,0,42
Jimmy Morrissey,41626,G,HST,1,0,13,73.8,0,0,2,100.0,100.0,100.0,0,0,0,2,2,72.7,0,0,1,100.0,100.0,100.0,0,0,1,1
Trent Taylor,11932,WR,CHI,13,0,6,62.4,0,0,1,1.6,1.5,100.0,0,0,0,1,65,,0,0,0,0.0,0.0,,0,0,0,30
Zaire Franklin,49834,LB,IND,2,0,14,68.5,0,0,1,50.0,50.0,100.0,1,0,0,1,2,,0,0,0,,,,0,0,0,0
Ashtyn Davis,49560,S,NYJ,1,0,22,63.8,0,0,1,100.0,100.0,100.0,0,0,0,1,1,,0,0,0,,,,0,0,0,0
Andrew Wingard,49268,S,JAX,1,0,15,63.8,0,0,1,100.0,100.0,100.0,0,0,0,1,1,,0,0,0,,,,0,0,0,0
Ross Matiscik,34710,LS,JAX,1,0,15,61.5,0,0,1,100.0,100.0,100.0,0,0,0,1,1,,0,0,0,,,,0,0,0,0
Alex Armah,11948,FB,WAS,7,0,32,74.1,0,0,1,5.9,5.6,100.0,0,0,0,1,18,74.1,0,0,1,50.0,50.0,100.0,0,0,1,2
Jack Fox,34735,P,DET,1,0,11,63.8,0,0,1,100.0,100.0,100.0,0,0,0,1,1,,0,0,0,,,,0,0,0,0
Ezekiel Turner,49167,LB,ARZ,1,0,1,65.4,0,0,1,100.0,100.0,100.0,1,0,0,1,1,,0,0,0,,,,0,0,0,0
Aidan O'Connell,60516,QB,LV,11,0,23,61.2,0,0,1,0.3,0.3,100.0,1,0,0,1,384,,0,0,0,0.0,0.0,,0,0,0,182
Shedrick Jackson,84136,WR,CIN,1,0,7,65.4,0,0,1,33.3,33.3,100.0,0,0,0,1,3,,0,0,0,0.0,0.0,,0,0,0,1
David Moore,11981,WR,TB,7,0,30,52.8,0,1,1,2.3,2.1,50.0,0,1,0,1,47,,0,0,0,0.0,0.0,,0,0,0,22
Kalif Raymond,11028,WR,DET,17,0,11,28.2,0,0,1,0.4,0.4,100.0,1,0,0,1,247,,0,0,0,0.0,0.0,,0,0,0,125
Elijah Moore,84302,WR,CLV,17,0,8,0.0,0,1,1,0.2,0.2,50.0,1,1,0,1,599,,0,0,0,0.0,0.0,,0,0,0,295
Chandler Wooten,57726,LB,CAR,1,0,5,62.7,0,0,1,100.0,100.0,100.0,0,0,0,1,1,,0,0,0,,,,0,0,0,0
Jahan Dotson,84375,WR,WAS,17,2,32,66.1,0,0,1,0.2,0.1,100.0,3,0,0,1,675,,0,0,0,0.0,0.0,,0,0,0,338
Michael Wilson,84423,WR,ARZ,13,1,1,68.1,0,0,1,0.2,0.2,100.0,2,0,0,1,444,,0,0,0,0.0,0.0,,0,0,0,204
Simi Fehoko,84424,WR,LAC,2,0,27,66.2,0,0,1,10.0,10.0,100.0,0,0,0,1,10,,0,0,0,0.0,0.0,,0,0,0,4
Noah Brown,11993,WR,HST,10,1,13,66.9,0,0,1,0.3,0.3,100.0,2,0,0,1,323,,0,0,0,0.0,0.0,,0,0,0,168
Thomas Hennessy,12124,LS,NYJ,1,0,22,61.5,0,0,1,100.0,100.0,100.0,0,0,0,1,1,,0,0,0,,,,0,0,0,0
Cam Jones,81244,LB,KC,1,0,16,60.6,0,0,1,100.0,100.0,100.0,0,0,0,1,1,,0,0,0,,,,0,0,0,0
Kamu Grugier-Hill,10842,LB,CAR,1,0,5,62.7,0,0,1,100.0,100.0,100.0,0,0,0,1,1,,0,0,0,,,,0,0,0,0
Jayden Reed,78171,WR,GB,16,0,12,62.4,0,0,1,0.3,0.2,100.0,0,0,0,1,407,,0,0,0,0.0,0.0,,0,0,0,178
Alec Pierce,78038,WR,IND,17,0,14,66.3,0,0,1,0.2,0.2,100.0,1,0,0,1,649,66.3,0,0,1,0.4,0.3,100.0,0,0,1,287
JJ Jansen,4712,LS,CAR,1,0,5,61.5,0,0,1,100.0,100.0,100.0,0,0,0,1,1,,0,0,0,,,,0,0,0,0
Caleb Johnson,12488,LB,JAX,1,0,15,63.8,0,0,1,100.0,100.0,100.0,0,0,0,1,1,,0,0,0,,,,0,0,0,0
Deon Bush,10758,S,KC,1,0,16,60.9,0,0,1,100.0,100.0,100.0,0,0,0,1,1,,0,0,0,,,,0,0,0,0
Jesper Horsted,91465,TE,LV,3,0,23,67.4,0,0,1,14.3,14.3,100.0,0,0,0,1,7,,0,0,0,0.0,0.0,,0,0,0,5
Desmond Ridder,55086,QB,ATL,15,0,2,61.3,0,0,1,0.2,0.2,100.0,2,0,0,1,466,,0,0,0,0.0,0.0,,0,0,0,159
Anthony Pittman,94372,ED,DET,1,0,11,62.7,0,0,1,100.0,100.0,100.0,0,0,0,1,1,,0,0,0,,,,0,0,0,0
Brayden Willis,77917,TE,SF,4,0,28,69.6,0,1,1,7.1,7.1,50.0,0,1,0,1,14,,0,0,0,0.0,0.0,,0,0,0,4
DeAndre Hopkins,7808,WR,TEN,17,0,31,62.3,0,0,1,0.2,0.2,100.0,2,0,0,1,543,,0,0,0,0.0,0.0,,0,0,0,258
Jake Browning,46401,QB,CIN,9,0,7,60.9,0,0,1,0.3,0.3,100.0,2,0,0,1,301,,0,0,0,0.0,0.0,,0,0,0,140
Malik Heath,124173,WR,GB,13,0,12,28.9,1,0,1,0.8,0.8,50.0,0,1,0,1,121,,0,0,0,0.0,0.0,,0,0,0,51
John Metchie III,97400,WR,HST,16,1,13,65.3,0,0,1,0.6,0.5,100.0,1,0,0,1,182,,0,0,0,0.0,0.0,,0,0,0,78
Zonovan Knight,97432,HB,DET,2,0,11,76.7,0,0,1,20.0,20.0,100.0,0,0,0,1,5,,0,0,0,,,,0,0,0,0
Giovanni Ricci,13756,TE,CAR,2,0,5,70.2,0,0,1,16.7,16.7,100.0,0,0,0,1,6,,0,0,0,0.0,0.0,,0,0,0,1
Tyler Boyd,10689,WR,CIN,17,0,7,66.2,0,0,1,0.2,0.2,100.0,0,0,0,1,611,,0,0,0,0.0,0.0,,0,0,0,296
De'Von Achane,124305,HB,MIA,11,0,17,65.7,0,0,1,0.6,0.6,100.0,0,0,0,1,181,,0,0,0,0.0,0.0,,0,0,0,52
Ross Dwelley,20994,TE,SF,10,0,28,69.6,0,0,1,4.5,4.5,100.0,0,0,0,1,22,,0,0,0,0.0,0.0,,0,0,0,5
Reed Blankenship,56065,S,PHI,1,0,24,63.8,0,0,1,100.0,100.0,100.0,1,0,0,1,1,,0,0,0,,,,0,0,0,0
Elijah Higgins,98027,TE,ARZ,11,0,1,68.4,0,0,1,1.1,1.0,100.0,1,0,0,1,100,,0,0,0,0.0,0.0,,0,0,0,33
Laquon Treadwell,10657,WR,BLT,3,0,3,36.3,0,1,1,2.6,2.5,50.0,0,1,0,1,40,,0,0,0,0.0,0.0,,0,0,0,22
Trevor Lawrence,77632,QB,JAX,16,0,15,60.9,0,0,1,0.2,0.1,100.0,2,0,0,1,683,,0,0,0,0.0,0.0,,0,0,0,300
Rick Lovato,10007,LS,PHI,1,0,24,61.5,0,0,1,100.0,100.0,100.0,0,0,0,1,1,,0,0,0,,,,0,0,0,0
DeAndre Carter,9859,WR,LV,15,0,23,65.7,0,0,1,2.0,1.9,100.0,0,0,0,1,52,,0,0,0,0.0,0.0,,0,0,0,16
Aaron Brewer,7301,LS,ARZ,1,0,1,68.7,0,0,1,100.0,100.0,100.0,0,0,0,1,1,,0,0,0,,,,0,0,0,0
Darius Slayton,25578,WR,NYG,17,0,21,68.1,0,0,1,0.2,0.2,100.0,0,0,0,1,584,,0,0,0,0.0,0.0,,0,0,0,292
KhaDarel Hodge,26104,WR,ATL,17,0,2,68.1,0,0,1,0.6,0.5,100.0,0,0,0,1,191,,0,0,0,0.0,0.0,,0,0,0,67
Miles Boykin,48209,WR,PIT,15,0,25,68.5,0,0,1,3.0,2.8,100.0,1,0,0,1,36,,0,0,0,0.0,0.0,,0,0,0,13
Victor Dimukeje,56347,ED,ARZ,1,0,1,67.2,0,0,1,100.0,100.0,100.0,0,0,0,1,1,,0,0,0,,,,0,0,0,0
Juwann Winfree,38275,WR,IND,3,0,14,65.7,0,0,0,0.0,9.1,,0,0,0,1,11,,0,0,0,0.0,0.0,,0,0,0,5
Nolan Smith,99014,ED,PHI,1,0,24,63.8,0,0,1,100.0,100.0,100.0,1,0,0,1,1,,0,0,0,,,,0,0,0,0
Adrian Amos,9575,S,HST,1,0,13,63.8,0,0,1,100.0,100.0,100.0,0,0,0,1,1,,0,0,0,,,,0,0,0,0
Jaxon Smith-Njigba,129758,WR,SEA,17,0,29,65.4,0,1,1,0.2,0.2,50.0,1,1,0,1,507,,0,0,0,0.0,0.0,,0,0,0,285
Trent Sieg,27036,LS,DAL,1,0,9,63.8,0,0,0,,100.0,,0,0,0,1,1,,0,0,0,,,,0,0,0,0
Patrick Johnson,56460,ED,PHI,1,0,24,62.7,0,0,1,100.0,100.0,100.0,0,0,0,1,1,,0,0,0,,,,0,0,0,0
Chamarri Conner,76662,S,KC,1,0,16,60.9,0,0,1,100.0,100.0,100.0,0,0,0,1,1,,0,0,0,,,,0,0,0,0
Jeffery Simmons,43742,DI,TEN,2,1,31,64.9,0,0,1,50.0,50.0,100.0,4,0,0,1,2,,0,0,0,,,,0,0,0,0
Trent Sherfield,48021,WR,BUF,16,0,4,65.4,0,0,1,0.6,0.5,100.0,1,0,0,1,190,,0,0,0,0.0,0.0,,0,0,0,81
C.J. Stroud,129759,QB,HST,15,0,13,61.3,0,0,1,0.2,0.2,100.0,1,0,0,1,595,,0,0,0,0.0,0.0,,0,0,0,265
Chad Muma,75818,LB,JAX,1,0,15,62.7,0,0,1,100.0,100.0,100.0,1,0,0,1,1,,0,0,0,,,,0,0,0,0
Dennis Gardeck,66928,ED,ARZ,1,0,1,68.6,0,0,1,100.0,100.0,100.0,2,0,0,1,1,,0,0,0,,,,0,0,0,0
Tyree Jackson,46481,TE,NYG,2,0,21,70.2,0,0,1,16.7,16.7,100.0,0,0,0,1,6,,0,0,0,,,,0,0,0,0
Nelson Agholor,9453,WR,BLT,17,0,3,36.3,0,1,1,0.3,0.3,50.0,0,1,0,1,371,,0,0,0,0.0,0.0,,0,0,0,189
Ryan Tannehill,7014,QB,TEN,9,0,31,60.9,0,0,1,0.4,0.3,100.0,0,0,0,1,295,,0,0,0,0.0,0.0,,0,0,0,115
Justin Watson,66915,WR,KC,16,0,16,66.3,0,0,1,0.3,0.3,100.0,1,0,0,1,387,,0,0,0,0.0,0.0,,0,0,0,199
Byron Pringle,42345,WR,WAS,16,0,32,61.6,0,0,1,1.0,0.9,100.0,0,0,0,1,112,,0,0,0,0.0,0.0,,0,0,0,78
Leo Chenal,101463,LB,KC,1,0,16,60.6,0,0,1,100.0,100.0,100.0,0,0,0,1,1,,0,0,0,,,,0,0,0,0
Jack Campbell,101515,LB,DET,1,0,11,62.7,0,0,1,100.0,100.0,100.0,2,0,0,1,1,,0,0,0,,,,0,0,0,0
Amari Cooper,9437,WR,CLV,15,0,8,68.1,0,0,1,0.2,0.2,100.0,0,0,0,1,577,,0,0,0,0.0,0.0,,0,0,0,271
Jake McQuaide,6586,LS,DET,1,0,11,61.5,0,0,1,100.0,100.0,100.0,0,0,0,1,1,,0,0,0,,,,0,0,0,0
Tyler Goodson,101659,HB,IND,6,0,14,73.4,0,0,1,3.0,2.9,100.0,0,0,0,1,34,,0,0,0,0.0,0.0,,0,0,0,17
Christian Watson,66581,WR,GB,9,0,12,65.5,0,0,1,0.4,0.3,100.0,1,0,0,1,286,,0,0,0,0.0,0.0,,0,0,0,117
Jonotthan Harrison,9132,G,MIA,1,0,17,67.2,0,0,1,100.0,100.0,100.0,0,0,0,1,1,,0,0,0,,,,0,0,0,0
Jameson Williams,101701,WR,DET,12,0,11,61.8,0,0,1,0.4,0.4,100.0,0,0,0,1,250,,0,0,0,0.0,0.0,,0,0,0,114
Parris Campbell,47940,WR,NYG,10,0,21,67.1,0,0,0,0.0,0.7,,0,0,0,1,151,,0,0,0,0.0,0.0,,0,0,0,85
Rodney Williams,63718,TE,PIT,6,0,25,66.3,0,0,1,6.7,6.7,100.0,0,0,0,1,15,,0,0,0,0.0,0.0,,0,0,0,4
James Winchester,8580,LS,KC,1,0,16,60.3,0,0,1,100.0,100.0,100.0,0,0,0,1,1,,0,0,0,,,,0,0,0,0
Xavier Gipson,104136,WR,NYJ,14,0,22,38.3,0,1,1,0.3,0.3,50.0,2,1,0,1,363,,0,0,0,0.0,0.0,,0,0,0,182
Jack Cochrane,63345,LB,KC,1,0,16,60.6,0,0,1,100.0,100.0,100.0,0,0,0,1,1,,0,0,0,,,,0,0,0,0
J.D. DiRenzo,108791,G,CAR,1,0,5,8.1,0,0,1,100.0,100.0,100.0,0,0,0,1,1,,0,0,0,,,,0,0,0,0
K'Lavon Chaisson,57945,ED,JAX,1,0,15,62.7,0,0,1,100.0,100.0,100.0,2,0,0,1,1,,0,0,0,,,,0,0,0,0
Dieter Eiselen,109304,C,HST,1,0,13,68.2,0,0,1,100.0,100.0,100.0,0,0,0,1,1,,0,0,0,,,,0,0,0,0
KaVontae Turpin,47658,WR,DAL,15,0,9,66.2,0,0,1,1.2,1.1,100.0,0,0,0,1,89,,0,0,0,0.0,0.0,,0,0,0,46
Christian Kirk,47546,WR,JAX,12,0,15,75.7,0,0,1,0.3,0.2,100.0,0,0,0,1,408,75.7,0,0,1,0.6,0.5,100.0,0,0,1,190
Lynn Bowden Jr.,61361,WR,NO,14,0,20,65.6,0,0,1,0.8,0.7,100.0,0,0,0,1,134,,0,0,0,0.0,0.0,,0,0,0,68
Matt Sokol,47123,TE,NE,2,0,19,69.6,0,0,1,50.0,50.0,100.0,0,0,0,1,2,,0,0,0,0.0,0.0,,0,0,0,1
Jordan Love,40306,QB,GB,17,0,12,62.2,0,0,1,0.2,0.2,100.0,1,0,0,1,665,,0,0,0,0.0,0.0,,0,0,0,275
Julian Good-Jones,36624,G,WAS,1,0,32,67.4,0,0,1,100.0,100.0,100.0,0,0,0,1,1,,0,0,0,,,,0,0,0,0
Tee Higgins,61211,WR,CIN,12,1,7,65.7,0,0,1,0.3,0.2,100.0,3,0,0,1,419,,0,0,0,0.0,0.0,,0,0,0,205
Sean Tucker,123056,HB,TB,3,0,30,73.0,0,0,1,7.1,6.7,100.0,0,0,0,1,15,,0,0,0,0.0,0.0,,0,0,0,2
Anthony McFarland Jr.,57289,HB,PIT,2,0,25,68.5,0,0,1,20.0,16.7,100.0,0,0,0,1,6,68.5,0,0,1,50.0,50.0,100.0,0,0,1,2
Dalton Keene,61068,TE,HST,1,0,13,66.2,0,0,1,33.3,33.3,100.0,0,0,0,1,3,,0,0,0,,,,0,0,0,0
Chris Godwin,11839,WR,TB,17,1,30,65.6,0,0,1,0.2,0.2,100.0,1,0,0,1,606,,0,0,0,0.0,0.0,,0,0,0,300
Ben VanSumeren,82523,LB,PHI,1,0,24,62.7,0,0,1,100.0,100.0,100.0,0,0,0,1,1,,0,0,0,,,,0,0,0,0
Claudin Cherelus,52094,LB,CAR,1,0,5,62.7,0,0,1,100.0,100.0,100.0,0,0,0,1,1,,0,0,0,,,,0,0,0,0
Jamien Sherwood,83175,LB,NYJ,1,0,22,62.7,0,0,1,100.0,100.0,100.0,0,0,0,1,1,,0,0,0,,,,0,0,0,0
Matt Bushman,52008,TE,KC,1,0,16,70.6,0,0,1,33.3,25.0,100.0,0,0,0,1,4,,0,0,0,0.0,0.0,,0,0,0,1
Cameron Thomas,82387,ED,ARZ,1,0,1,67.2,0,0,1,100.0,100.0,100.0,1,0,0,1,1,,0,0,0,,,,0,0,0,0
Nicholas Morrow,51674,LB,PHI,1,0,24,62.7,0,0,1,100.0,100.0,100.0,2,0,0,1,1,,0,0,0,,,,0,0,0,0
Will Harris,51336,CB,DET,1,0,11,63.8,0,0,1,100.0,100.0,100.0,2,0,0,1,1,,0,0,0,,,,0,0,0,0
Zay Jones,11792,WR,JAX,9,0,15,66.2,0,0,1,0.3,0.3,100.0,0,0,0,1,325,,0,0,0,0.0,0.0,,0,0,0,154
Josh Reynolds,11872,WR,DET,17,0,11,61.6,0,0,1,0.2,0.2,100.0,1,0,0,1,500,,0,0,0,0.0,0.0,,0,0,0,233
Marcelino McCrary-Ball,51112,LB,NYJ,1,0,22,62.7,0,0,1,100.0,100.0,100.0,0,0,0,1,1,,0,0,0,,,,0,0,0,0
Mack Hollins,11873,WR,ATL,13,0,2,66.1,0,0,1,0.6,0.6,100.0,0,0,0,1,168,,0,0,0,0.0,0.0,,0,0,0,65
Henry Pearson,83930,FB,GB,1,0,12,69.7,0,0,1,20.0,20.0,100.0,0,0,0,1,5,,0,0,0,,,,0,0,0,0
David Sharpe,11884,T,CAR,1,0,5,68.5,0,0,0,,100.0,,0,0,0,1,1,,0,0,0,,,,0,0,0,0
Raiqwon O'Neal,81811,T,SEA,1,0,29,66.2,0,0,1,100.0,100.0,100.0,0,0,0,1,1,,0,0,0,,,,0,0,0,0
Shaquille Quarterman,51048,LB,JAX,1,0,15,62.7,0,0,1,100.0,100.0,100.0,0,0,0,1,1,,0,0,0,,,,0,0,0,0
Patrick Mahomes,11765,QB,KC,16,1,16,60.9,0,0,1,0.1,0.1,100.0,3,0,0,1,720,,0,0,0,0.0,0.0,,0,0,0,356
Leonard Fournette,11759,HB,BUF,2,0,4,76.4,0,0,1,14.3,14.3,100.0,0,0,0,1,7,,0,0,0,0.0,0.0,,0,0,0,1
Stephen Anderson,11160,TE,LAC,1,0,27,66.3,0,0,1,100.0,100.0,100.0,0,0,0,1,1,,0,0,0,,,,0,0,0,0
