player,player_id,position,team_name,player_game_count,assists,avg_depth_of_tackle,declined_penalties,forced_fumbles,franchise_id,grades_coverage_defense,grades_defense,grades_defense_penalty,grades_pass_rush_defense,grades_run_defense,grades_tackle,missed_tackle_rate,missed_tackles,penalties,run_stop_opp,snap_counts_run,stop_percent,stops,tackles
Calais Campbell,4364,ED,ATL,17,11,1.6,0,0,2,63.1,80.0,80.9,68.5,80.2,31.9,16.3,8,1,284,289,9.2,26,30
Tyson Alualu,5535,DI,DET,2,0,3.3,0,0,11,,38.9,78.8,50.0,40.4,71.0,0.0,0,0,29,30,3.4,1,3
Brandon Graham,5538,ED,PHI,17,0,2.6,0,0,24,69.0,80.0,72.0,78.5,66.5,70.8,0.0,0,1,132,139,5.3,7,8
Jason Pierre-Paul,5540,ED,MIA,2,1,1.0,0,0,17,,65.8,75.7,51.3,70.5,71.4,0.0,0,0,14,14,7.1,1,1
Kareem Jackson,5545,S,HST,10,7,8.2,0,0,13,75.1,67.3,0.0,62.8,51.4,64.7,20.0,5,4,223,229,0.4,1,13
Jerry Hughes,5556,ED,HST,17,3,1.9,0,0,13,64.8,67.7,78.1,67.2,58.5,36.5,17.2,5,1,184,189,9.2,17,21
Linval Joseph,5571,DI,BUF,7,1,2.5,0,0,4,75.2,38.8,84.0,53.2,31.0,52.8,0.0,0,0,72,74,4.2,3,6
Al Woods,5646,DI,NYJ,6,2,1.0,0,0,22,,54.0,81.4,53.0,55.4,71.5,0.0,0,0,70,74,4.3,3,3
Von Miller,6154,ED,BUF,12,0,2.5,0,0,4,65.1,45.4,59.8,48.9,45.6,27.0,33.3,1,1,63,64,1.6,1,2
Patrick Peterson,6157,CB,PIT,17,5,7.2,1,0,25,61.4,60.5,48.5,75.3,56.5,43.6,11.1,2,5,397,407,0.8,3,11
Cameron Jordan,6176,ED,NO,17,15,3.4,0,0,20,82.9,73.5,81.6,63.8,72.0,56.5,7.0,3,1,299,310,5.7,17,25
Cameron Heyward,6183,DI,PIT,11,5,2.9,0,0,25,67.0,71.9,85.2,64.2,67.3,59.9,6.3,2,0,163,167,12.9,21,25
Justin Houston,6222,ED,CAR,7,2,1.7,0,0,5,82.9,61.2,48.1,61.8,49.0,44.8,28.6,2,1,58,59,1.7,1,3
Lawrence Guy Sr.,6385,DI,NE,17,18,2.2,0,0,19,63.5,45.5,87.0,44.9,47.3,62.2,2.5,1,0,291,301,6.5,19,21
Nick Bellore,6515,LB,SEA,5,0,-1.0,0,0,29,45.5,65.1,70.6,58.3,77.0,71.7,0.0,0,0,10,11,10.0,1,1
Stephon Gilmore,7016,CB,DAL,17,1,6.3,2,0,9,72.3,74.4,87.9,,76.1,74.5,15.4,2,6,396,399,0.8,3,10
Fletcher Cox,7018,DI,PHI,15,5,3.1,0,0,24,67.0,75.7,67.1,72.4,67.0,70.2,0.0,0,2,197,203,5.6,11,20
Bruce Irvin,7021,ED,DET,2,0,,0,0,11,29.1,40.3,0.0,59.4,60.1,69.2,,0,1,3,3,0.0,0,0
Melvin Ingram III,7024,ED,MIA,3,0,3.2,0,0,17,40.5,54.3,79.9,57.0,60.7,49.0,16.7,1,0,42,42,2.4,1,5
Bobby Wagner,7050,LB,SEA,17,35,2.6,0,0,29,60.0,82.4,85.7,75.1,91.5,90.2,6.1,7,1,470,474,10.2,48,73
Lavonte David,7060,LB,TB,15,17,2.3,1,0,30,68.3,73.3,48.1,70.4,76.4,74.6,9.2,6,3,324,328,9.6,31,42
Demario Davis,7079,LB,NO,17,26,3.9,1,0,20,85.4,89.6,88.4,73.9,82.8,75.7,11.5,9,1,413,429,6.3,26,43
Rodney McLeod,7271,S,CLV,10,5,4.9,0,0,8,52.5,54.1,83.0,52.5,61.3,50.3,21.7,5,0,102,106,9.8,10,13
Tashaun Gipson Sr.,7288,S,SF,16,10,6.2,1,0,28,73.5,73.6,45.3,54.0,79.5,72.6,11.5,3,4,286,294,1.7,5,13
Harrison Smith,7641,S,MIN,17,12,5.3,0,1,18,69.5,68.9,88.3,58.6,66.2,61.2,20.0,9,1,407,419,2.7,11,24
Josh Norman,7649,CB,BUF,1,0,5.0,0,0,4,,47.5,70.1,,54.4,70.5,0.0,0,0,5,5,0.0,0,1
Justin Bethel,7654,CB,MIA,5,1,1.7,0,0,17,62.0,67.6,79.9,90.9,65.6,85.2,0.0,0,0,34,35,5.9,2,3
Darius Slay,7817,CB,PHI,12,3,12.3,0,0,24,68.6,68.4,87.8,,58.8,64.3,9.1,1,3,227,235,0.9,2,7
Johnathan Hankins,7830,DI,DAL,14,10,3.2,0,0,9,65.4,51.8,30.4,62.8,49.9,47.3,10.3,3,3,171,172,4.7,8,16
Tyrann Mathieu,7850,S,NO,17,9,7.3,2,0,20,87.4,81.3,49.8,61.5,71.1,72.9,11.8,4,4,416,432,1.7,7,21
John Jenkins,7863,DI,LV,17,18,2.6,0,0,23,59.1,61.2,87.3,66.7,55.6,63.0,3.4,2,0,308,323,8.4,26,38
Logan Ryan,7864,S,SF,3,4,5.3,0,0,28,62.9,64.6,78.7,60.0,63.5,58.3,20.0,2,1,47,47,2.1,1,4
Duron Harmon,7872,S,CLV,6,1,2.8,0,0,8,64.4,64.3,78.8,69.4,55.9,89.9,0.0,0,0,71,72,4.2,3,4
William Gholston,7908,DI,TB,15,3,2.6,0,0,30,62.1,59.8,57.7,60.3,56.7,43.4,10.5,2,1,125,129,8.0,10,14
Micah Hyde,7941,S,BUF,14,3,21.1,0,0,4,67.2,64.4,88.1,61.4,50.0,61.8,25.0,5,0,268,276,0.4,1,12
Jordan Poyer,8000,S,BUF,16,15,6.4,0,0,4,74.4,73.0,46.0,52.0,74.3,82.1,6.1,3,2,343,352,4.4,15,31
Nick Williams,8006,DI,LAC,14,8,2.5,0,0,27,81.3,59.7,86.1,63.5,51.0,39.8,11.1,3,0,200,204,4.5,9,16
Mike Purcell,8530,DI,DEN,16,10,2.3,1,0,10,45.2,49.8,58.8,57.8,50.4,28.8,16.1,5,2,238,249,5.0,12,16
Jadeveon Clowney,8636,ED,BLT,17,6,2.1,0,0,3,69.7,85.7,72.2,81.2,72.3,43.5,13.8,4,2,153,155,9.8,15,19
Khalil Mack,8640,ED,LAC,17,12,1.4,0,1,27,86.1,91.8,90.5,86.3,90.8,72.3,5.8,3,0,341,347,9.7,33,37
Anthony Barr,8644,LB,MIN,4,0,,0,0,18,82.5,70.6,79.2,52.8,59.9,70.5,,0,0,10,10,0.0,0,0
Aaron Donald,8648,DI,LA,16,13,1.3,1,0,26,49.8,90.9,70.1,91.5,71.3,55.1,6.7,3,2,282,294,8.2,23,29
C.J. Mosley,8652,LB,NYJ,17,34,3.5,0,0,22,90.6,82.9,30.1,72.9,63.8,73.7,8.0,7,4,472,486,6.8,32,47
Jason Verrett,8660,CB,SF,1,0,,0,0,28,45.5,45.1,68.9,,60.0,,,0,0,1,1,0.0,0,0
Jimmie Ward,8665,S,HST,10,7,6.7,0,0,13,67.8,68.4,13.1,50.7,73.9,83.9,5.6,1,3,183,187,2.2,4,10
Bradley Roby,8666,CB,PHI,9,0,-1.5,0,0,24,58.2,59.6,82.7,68.2,59.8,31.5,50.0,2,0,103,108,1.9,2,2
DeMarcus Lawrence,8669,ED,DAL,17,12,1.1,1,1,9,64.9,91.3,67.3,80.3,92.4,48.4,6.4,3,2,215,217,11.6,25,32
Kyle Van Noy,8675,ED,BLT,14,3,4.1,0,0,3,64.8,72.8,71.9,75.9,52.5,51.3,6.7,1,1,120,123,6.7,8,11
Jerick McKinnon,8731,HB,KC,1,0,,0,0,16,,60.0,60.4,,60.0,,,0,0,1,1,0.0,0,0
DaQuan Jones,8747,DI,BUF,7,6,0.9,0,0,4,60.0,86.0,48.5,83.9,76.9,37.0,7.1,1,1,58,60,10.3,6,7
Brent Urban,8769,DI,BLT,17,4,2.9,0,0,3,62.8,62.8,85.9,59.8,59.3,49.2,15.0,3,0,126,127,5.6,7,13
Shelby Harris,8869,DI,CLV,17,5,0.5,0,0,8,59.8,70.5,14.5,75.6,68.5,41.2,14.3,4,5,185,192,8.6,16,19
Denico Autry,8982,ED,TEN,17,12,0.8,2,0,31,68.7,61.7,54.2,66.0,52.0,38.8,19.4,7,4,254,258,6.3,16,17
Shaquil Barrett,9000,ED,TB,16,13,2.2,0,0,30,46.2,75.3,29.8,84.5,69.8,69.9,5.7,2,5,211,215,5.7,12,20
Kerry Hyder Jr.,9045,ED,HST,6,1,-3.0,0,0,13,60.0,60.3,83.9,62.0,52.7,74.5,0.0,0,0,29,32,3.4,1,1
Adrian Phillips,9177,S,NE,12,2,6.2,0,0,19,45.3,46.5,79.2,39.5,64.3,28.3,12.5,1,0,43,45,7.0,3,5
C.J. Goodwin,9243,CB,DAL,2,0,,0,0,9,69.3,69.2,82.1,,60.0,75.4,,0,0,3,3,0.0,0,0
Daniel Sorensen,9253,S,NO,2,0,,0,0,20,47.7,46.4,70.8,,60.0,22.6,,0,0,3,3,0.0,0,0
Keith Smith,9302,FB,ATL,1,0,,0,0,2,,61.6,60.1,,60.0,,,0,0,1,1,0.0,0,0
Mike Pennel,9316,DI,KC,3,0,1.0,0,0,16,51.3,30.4,77.6,56.7,32.6,70.3,0.0,0,0,20,20,10.0,2,2
Dante Fowler Jr.,9436,ED,DAL,15,1,1.4,1,0,9,64.3,64.4,0.0,70.7,62.0,32.0,14.3,1,5,65,65,4.6,3,5
Leonard Williams,9439,DI,SEA,18,17,2.5,2,0,29,69.0,76.2,46.4,76.2,68.5,37.8,9.6,5,5,377,381,6.4,24,30
Arik Armstead,9450,DI,SF,12,4,2.9,0,0,28,73.5,81.9,59.6,85.1,59.8,48.0,5.6,1,2,142,148,4.9,7,13
Marcus Peters,9451,CB,LV,12,3,5.1,0,0,23,71.3,68.8,86.8,,50.7,30.0,33.3,5,3,292,306,1.0,3,7
Bud Dupree,9455,ED,ATL,16,13,1.4,1,0,2,48.6,56.0,77.5,51.3,65.4,35.8,18.2,6,1,269,273,3.0,8,14
Shaq Thompson,9458,LB,CAR,2,3,6.5,0,0,5,59.9,65.3,75.2,64.3,65.8,43.2,0.0,0,0,34,35,2.9,1,4
Mario Edwards Jr.,9468,DI,SEA,15,3,1.5,1,0,29,60.0,68.0,20.5,78.4,59.8,46.6,11.1,2,4,167,168,6.6,11,13
Preston Smith,9471,ED,GB,17,11,2.7,1,0,12,55.7,73.9,76.8,68.1,74.3,65.0,2.8,1,1,261,270,7.3,19,24
Eric Kendricks,9478,LB,LAC,15,19,3.1,0,0,27,62.1,72.3,85.9,82.5,73.6,83.4,6.5,4,1,316,322,7.3,23,39
Eric Rowe,9480,S,PIT,3,2,8.4,0,1,25,57.8,59.9,79.8,58.5,66.0,49.9,0.0,0,0,42,42,2.4,1,8
Denzel Perryman,9481,LB,HST,12,21,2.1,1,0,13,43.2,59.9,18.4,66.2,79.8,50.5,11.7,7,4,248,253,9.7,24,32
Ronald Darby,9483,CB,BLT,11,1,7.0,0,0,3,71.7,69.5,42.8,,54.7,53.8,33.3,2,1,132,133,0.8,1,3
Jordan Phillips,9485,DI,BUF,14,3,4.1,0,0,4,59.3,35.8,21.2,57.4,30.0,25.3,25.0,4,4,135,139,4.4,6,9
Markus Golden,9491,ED,PIT,15,3,0.9,0,0,25,65.3,86.5,83.9,80.9,77.8,66.3,0.0,0,0,116,121,7.8,9,9
Randy Gregory,9493,ED,SF,15,5,2.3,0,0,28,39.3,45.5,42.9,53.7,54.5,31.2,12.5,2,3,150,151,4.7,7,9
Frank Clark,9496,ED,SEA,7,2,4.0,0,0,29,42.3,37.6,52.6,48.4,42.0,28.0,20.0,1,1,59,59,3.4,2,2
Jordan Hicks,9517,LB,MIN,13,17,3.8,0,0,18,70.2,74.6,66.7,64.2,74.2,71.3,11.6,8,1,317,324,6.9,22,44
Danielle Hunter,9521,ED,MIN,17,15,2.6,0,0,18,75.0,78.0,87.1,79.1,51.7,60.1,8.2,5,1,365,376,7.4,27,41
Carl Davis Jr.,9523,DI,DAL,3,2,5.0,0,0,9,,42.4,76.3,57.3,44.4,69.8,0.0,0,0,24,24,0.0,0,1
Steven Nelson,9531,CB,HST,17,5,6.1,0,0,13,73.7,72.4,89.4,60.0,58.9,65.5,17.4,4,3,408,421,1.0,4,14
Angelo Blackson,9533,DI,JAX,11,4,0.3,0,0,15,57.8,53.8,54.9,48.5,66.1,28.3,16.7,2,1,72,75,8.3,6,6
Za'Darius Smith,9555,ED,CLV,16,6,0.0,2,0,8,87.1,82.6,28.0,87.4,57.6,43.8,16.7,3,5,175,178,5.1,9,9
Kwon Alexander,9557,LB,PIT,9,4,3.5,0,0,25,74.4,59.2,80.3,81.0,30.3,39.5,31.8,7,0,137,145,2.9,4,11
Grady Jarrett,9570,DI,ATL,8,6,1.9,1,0,2,55.6,70.1,63.9,70.3,66.9,44.7,11.1,2,1,119,121,8.4,10,10
Adrian Amos,9575,S,HST,12,3,4.6,0,0,13,60.0,71.8,85.6,60.0,89.6,78.3,0.0,0,0,170,178,4.1,7,14
Bobby McCain,9578,CB,NYG,1,0,,0,0,21,57.4,49.0,73.5,,41.2,23.2,100.0,1,0,8,8,0.0,0,0
Michael Burton,9601,FB,DEN,1,0,,1,0,10,,60.0,60.0,,60.0,,,0,2,1,1,0.0,0,0
David Mayo,9602,LB,WAS,9,10,3.4,0,0,32,38.3,55.7,82.5,75.3,72.2,67.6,3.3,1,0,160,164,6.9,11,19
Quandre Diggs,9633,S,SEA,17,16,8.3,0,0,29,55.4,55.1,48.8,58.8,55.7,47.3,21.1,12,2,470,474,1.5,7,29
Rakeem Nunez-Roches,9650,DI,NYG,16,8,4.2,0,0,21,63.8,46.3,86.7,50.5,43.8,34.9,13.8,4,0,214,219,5.1,11,17
Neville Hewitt,9836,LB,HST,1,1,,0,0,13,,65.7,63.0,,62.7,71.7,0.0,0,0,3,3,0.0,0,0
Troy Hill,9881,CB,CAR,16,6,2.8,2,1,5,66.9,61.3,0.0,41.0,58.4,40.7,13.6,3,4,158,160,4.4,7,13
DeShawn Williams,9891,DI,CAR,16,11,2.5,0,0,5,60.4,50.0,69.2,58.1,46.1,32.3,13.3,4,1,202,204,5.4,11,15
Dean Marlowe,9966,S,LAC,9,2,5.0,0,0,27,57.5,60.7,84.8,82.0,63.9,67.0,13.3,2,0,91,94,5.5,5,11
Alex Singleton,9994,LB,DEN,17,39,4.4,0,0,10,42.9,61.2,48.0,75.9,78.2,48.4,13.6,16,2,421,433,7.4,31,63
T.Y. McGill,10156,DI,SF,2,1,,0,0,28,,33.8,77.9,56.4,30.8,21.1,66.7,2,0,25,25,0.0,0,0
Efe Obada,10235,ED,WAS,4,0,3.0,0,0,32,64.4,44.0,83.2,71.8,25.9,71.7,0.0,0,0,33,33,3.0,1,1
Erik Harris,10346,S,SF,1,0,,0,0,28,60.0,60.5,71.2,,60.0,,,0,0,1,1,0.0,0,0
Joey Bosa,10637,ED,LAC,9,3,2.7,1,0,27,65.4,78.4,18.1,80.3,70.7,66.8,6.3,1,4,99,102,11.1,11,12
Jalen Ramsey,10639,CB,MIA,10,2,6.0,3,0,17,66.3,66.4,54.1,55.9,67.4,63.0,0.0,0,5,204,209,0.0,0,3
DeForest Buckner,10641,DI,IND,17,20,2.7,0,0,14,69.3,81.8,41.6,87.1,63.8,54.5,4.6,3,5,329,336,10.0,33,42
Leonard Floyd,10643,ED,BUF,17,4,2.7,1,0,4,33.4,56.3,51.4,62.1,56.1,28.9,16.7,3,3,167,167,6.0,10,11
Eli Apple,10644,CB,MIA,10,2,3.6,1,0,17,48.0,55.3,86.3,84.7,86.0,45.3,0.0,0,5,205,211,1.5,3,5
Sheldon Rankins,10646,DI,HST,15,4,1.9,1,0,13,69.1,64.2,74.7,76.7,38.2,26.8,19.2,5,1,203,207,5.9,12,17
Keanu Neal,10651,S,PIT,9,7,7.1,0,0,25,56.4,59.6,81.1,60.2,65.1,50.2,17.2,5,1,146,154,4.8,7,17
Shaq Lawson,10653,ED,BUF,16,3,1.9,0,0,4,36.7,48.1,50.5,55.0,52.0,31.5,15.4,2,2,130,138,3.1,4,8
Artie Burns,10659,CB,SEA,7,2,3.9,0,0,29,66.6,66.5,18.3,76.8,65.4,55.6,18.2,2,1,65,66,4.6,3,7
Kenny Clark,10661,DI,GB,17,8,1.7,0,1,12,57.0,68.8,41.7,74.4,61.2,41.5,6.5,2,5,306,316,4.9,15,21
Emmanuel Ogbah,10666,ED,MIA,13,8,2.3,0,0,17,74.7,57.2,60.6,67.1,39.7,29.5,20.0,3,1,98,98,3.1,3,4
Jaylon Smith,10668,LB,LV,1,0,5.5,0,0,23,65.7,55.9,72.4,,50.6,75.0,0.0,0,0,14,14,0.0,0,2
Myles Jack,10670,LB,PIT,3,2,4.5,0,0,25,50.6,58.1,77.8,69.4,70.3,46.9,20.0,1,0,33,33,3.0,1,2
Chris Jones,10671,DI,KC,16,6,0.9,0,0,16,49.9,84.1,58.1,90.3,59.9,30.3,11.1,2,4,248,255,3.2,8,10
Xavien Howard,10672,CB,MIA,13,4,5.7,2,0,17,51.9,55.1,85.8,78.9,63.9,52.9,21.4,3,7,262,266,0.8,2,7
Austin Johnson,10677,DI,LAC,17,14,2.7,0,0,27,60.0,45.7,63.4,49.3,48.4,59.9,4.5,2,2,302,307,5.6,17,28
Jihad Ward,10678,ED,NYG,17,3,2.9,1,0,21,49.5,42.4,64.9,53.9,40.4,38.0,29.4,5,2,280,285,2.1,6,9
A'Shawn Robinson,10680,DI,NYG,17,10,2.1,1,0,21,63.9,58.6,73.3,52.8,60.6,58.9,7.8,5,1,256,262,14.1,36,49
Jarran Reed,10683,DI,SEA,16,12,2.4,0,0,29,64.3,63.5,61.8,70.8,53.0,29.9,12.0,6,3,320,322,8.4,27,32
Deion Jones,10686,LB,CAR,13,3,3.3,0,0,5,76.7,66.3,0.0,72.8,43.8,47.1,21.1,4,2,88,89,9.1,8,12
Vonn Bell,10695,S,CAR,13,15,9.4,0,0,5,63.8,63.9,86.2,68.2,59.8,71.1,14.3,7,1,362,367,1.1,4,27
James Bradberry,10696,CB,PHI,16,3,6.0,1,0,24,54.7,56.6,88.6,53.7,62.7,75.5,11.1,1,5,340,351,0.6,2,5
Adam Gotsis,10697,DI,JAX,16,7,1.5,0,0,15,65.2,61.0,70.1,55.3,63.4,42.4,16.0,4,1,175,175,6.3,11,14
Kevin Byard,10698,S,PHI,16,19,7.6,2,1,24,70.3,74.0,65.3,58.6,82.1,91.0,7.3,4,3,410,421,1.7,7,32
Maliek Collins,10701,DI,HST,16,6,1.2,0,0,13,67.5,62.7,52.5,70.1,45.6,42.0,11.5,3,3,235,242,6.0,14,17
Yannick Ngakoue,10703,ED,CHI,13,5,2.0,0,0,6,52.6,39.9,70.8,47.6,37.7,28.9,21.1,4,2,163,166,4.3,7,10
Jonathan Bullard,10706,DI,MIN,17,6,1.7,0,0,18,59.8,46.3,43.1,46.9,53.7,62.6,2.8,1,4,298,309,8.7,26,29
Daryl Worley,10711,S,BLT,5,2,12.5,0,0,3,70.1,69.5,80.0,,55.9,85.7,0.0,0,0,42,43,0.0,0,4
Kendall Fuller,10718,CB,WAS,15,8,6.5,1,0,32,82.8,83.1,68.1,56.2,78.1,86.0,8.0,2,2,384,392,1.8,7,15
Javon Hargrave,10723,DI,SF,16,9,3.2,0,0,28,59.6,73.9,51.3,87.2,49.0,58.3,6.7,2,3,173,180,7.5,13,19
Justin Simmons,10732,S,DEN,15,7,7.5,0,1,10,63.4,67.9,60.4,71.3,77.6,72.1,14.3,5,1,366,378,1.6,6,23
Sheldon Day,10737,DI,MIN,6,1,1.0,0,0,18,66.0,61.4,81.2,54.1,58.5,26.7,28.6,2,0,59,60,6.8,4,4
Eric Murray,10740,S,HST,6,0,4.8,0,0,13,63.6,60.9,82.7,56.2,50.2,29.2,33.3,2,0,61,64,3.3,2,4
Miles Killebrew,10745,S,PIT,7,1,1.0,0,0,25,61.1,64.1,76.6,55.6,72.4,69.8,0.0,0,0,16,17,12.5,2,2
De'Vondre Campbell,10749,LB,GB,11,14,4.5,0,0,12,61.0,65.3,55.2,71.7,67.7,67.5,10.4,5,1,248,250,4.8,12,29
Hassan Ridgeway,10750,DI,HST,3,1,1.0,0,0,13,,47.4,78.9,52.8,48.8,70.8,0.0,0,0,29,30,10.3,3,3
David Onyemata,10754,DI,ATL,14,9,2.1,1,0,2,68.1,83.3,36.6,72.8,77.1,58.0,7.3,3,4,238,243,9.7,23,29
Andrew Billings,10756,DI,CHI,17,11,1.4,0,0,6,73.8,66.3,61.9,75.2,55.3,41.2,13.3,4,3,238,239,5.5,13,15
Deon Bush,10758,S,KC,2,2,,0,0,16,60.8,52.5,79.4,59.0,34.5,27.8,60.0,3,0,18,18,0.0,0,0
Demarcus Robinson,10760,WR,LA,1,0,,0,0,26,,60.0,60.0,,60.0,,,0,2,1,1,0.0,0,0
Blake Martinez,10765,LB,PIT,1,2,8.0,0,0,25,66.5,85.1,71.3,,79.7,79.5,0.0,0,0,14,14,0.0,0,1
Dean Lowry,10771,DI,MIN,9,7,3.7,0,0,18,55.0,47.4,55.8,53.6,53.1,28.5,16.7,2,1,115,117,1.7,2,3
Matthew Judon,10780,ED,NE,4,4,2.0,0,0,19,76.2,70.2,83.0,60.4,67.3,61.8,14.3,1,0,67,69,3.0,2,2
Quinton Jefferson,10781,DI,NYJ,14,6,3.1,0,0,22,60.8,52.8,56.0,73.2,38.7,63.3,11.1,3,2,217,225,6.5,14,18
DJ Reader,10800,DI,CIN,14,5,2.0,0,0,7,59.8,82.2,59.7,79.1,75.3,29.0,11.1,4,2,214,217,8.4,18,27
DeAndre Houston-Carson,10819,S,HST,12,3,7.9,0,0,13,56.9,57.4,88.3,57.9,57.4,67.4,17.6,3,1,172,179,1.7,3,11
Kamu Grugier-Hill,10842,LB,CAR,16,11,6.3,0,0,5,59.7,48.6,82.6,70.2,40.0,32.7,23.5,8,0,234,237,2.1,5,15
Elandon Roberts,10848,LB,PIT,16,15,2.3,0,0,25,69.9,72.5,51.0,58.1,72.7,64.2,8.1,5,1,254,261,11.8,30,42
Kevon Seymour,10852,CB,BLT,1,0,,0,0,3,68.9,68.8,72.6,,60.0,78.6,,0,0,1,1,0.0,0,0
Jalen Mills,10867,S,NE,17,9,4.9,0,0,19,52.2,59.1,46.5,65.5,84.1,54.8,5.6,1,2,141,144,2.8,4,8
Dwayne Washington,10870,HB,DEN,1,0,,0,0,10,,60.0,60.0,,60.0,,,0,0,1,1,0.0,0,0
Jayron Kearse,10878,S,DAL,16,8,8.0,2,0,9,40.9,43.1,7.4,61.3,55.0,66.8,11.1,4,8,329,331,2.4,8,24
Tyler Matakevich,10880,LB,BUF,3,1,,0,0,4,57.6,52.7,72.6,60.0,54.0,76.0,0.0,0,0,3,4,0.0,0,0
Mike Hilton,10898,CB,CIN,17,9,2.9,2,0,7,80.4,77.4,63.0,61.7,64.2,58.7,20.0,8,2,279,285,5.4,15,23
Matthias Farley,10953,S,CAR,2,0,13.0,0,0,5,35.5,28.8,76.3,,34.3,25.2,75.0,3,0,35,36,0.0,0,1
Kyle Peko,11027,DI,TEN,13,6,1.5,0,0,31,61.2,38.6,66.2,57.1,34.4,24.8,29.6,8,1,185,188,4.9,9,13
Michael Pierce,11101,DI,BLT,17,9,2.1,0,0,3,56.2,77.0,76.7,70.9,75.3,47.1,9.5,4,1,218,222,11.5,25,29
Morgan Fox,11184,DI,LAC,17,1,3.0,0,0,27,68.1,58.0,69.5,64.6,43.1,30.0,12.5,1,1,114,115,2.6,3,6
Cory Littleton,11190,LB,HST,3,2,,0,0,13,46.6,38.8,72.3,,47.1,41.0,0.0,0,0,12,14,0.0,0,0
Jonathan Jones,11217,CB,NE,14,2,3.1,1,0,19,75.1,76.5,87.6,59.1,74.0,83.9,0.0,0,1,293,300,2.0,6,10
Andrew Adams,11240,S,BLT,2,0,,0,0,3,61.1,44.9,72.4,,41.4,22.9,100.0,1,0,18,18,0.0,0,0
Romeo Okwara,11250,ED,DET,16,4,2.5,0,0,11,69.8,80.5,87.5,71.9,70.9,77.2,0.0,0,0,88,90,4.5,4,4
Roy Robertson-Harris,11341,DI,JAX,17,15,3.0,0,0,15,64.8,62.3,75.6,58.8,62.3,28.9,16.2,6,1,216,218,4.6,10,16
Antonio Hamilton Sr.,11353,CB,ARZ,11,5,4.1,0,0,1,69.1,64.7,84.2,53.3,47.7,51.4,22.2,4,5,239,243,1.3,3,9
Myles Garrett,11756,ED,CLV,16,4,0.5,4,0,8,59.5,94.0,10.5,94.8,82.9,64.5,13.8,4,11,277,283,7.2,20,21
Solomon Thomas,11758,DI,NYJ,17,11,1.4,0,0,22,60.6,37.0,28.7,62.0,32.2,52.1,6.9,2,4,249,256,5.6,14,16
Jamal Adams,11761,S,SEA,9,3,3.5,1,0,29,50.7,54.9,82.2,85.5,52.8,29.9,26.7,8,1,199,201,6.0,12,19
Marshon Lattimore,11766,CB,NO,10,2,8.6,1,0,20,69.1,67.4,56.4,,58.1,71.8,17.6,3,5,211,221,1.4,3,12
Haason Reddick,11768,ED,PHI,17,5,1.4,0,0,24,58.6,75.2,72.0,75.2,64.0,58.0,5.0,1,2,254,262,3.5,9,14
Derek Barnett,11769,ED,HST,14,7,0.1,0,0,13,65.0,86.2,87.1,75.6,80.1,54.1,13.6,3,0,143,149,8.4,12,12
Malik Hooker,11770,S,DAL,16,12,6.3,0,1,9,71.3,77.3,88.3,53.1,89.0,76.6,7.7,2,0,301,304,1.3,4,12
Marlon Humphrey,11771,CB,BLT,10,1,6.0,1,0,3,62.7,64.8,85.4,92.8,57.7,58.0,18.2,2,5,160,164,3.1,5,8
Jonathan Allen,11772,DI,WAS,16,12,1.9,0,0,32,61.8,59.7,69.4,77.6,37.9,46.5,11.1,6,2,317,325,9.1,29,36
Adoree' Jackson,11773,CB,NYG,14,2,8.0,1,0,21,46.9,49.4,87.3,50.1,59.9,41.6,13.3,2,4,329,336,0.9,3,11
Charles Harris,11777,ED,DET,11,3,-0.5,0,0,11,64.6,55.9,42.8,53.7,64.8,69.4,0.0,0,2,67,68,3.0,2,2
Jabrill Peppers,11780,S,NE,15,10,3.9,0,1,19,83.2,87.3,88.6,54.0,90.7,59.5,13.0,6,1,377,390,4.5,17,30
Tre'Davious White,11782,CB,BUF,4,1,19.3,0,0,4,79.0,68.0,5.3,68.7,29.9,51.8,33.3,2,1,62,64,0.0,0,3
T.J. Watt,11785,ED,PIT,17,10,1.8,0,0,25,70.6,91.9,69.5,91.7,80.8,59.0,13.3,6,4,314,323,7.6,24,29
Budda Baker,11791,S,ARZ,12,16,6.3,0,0,1,63.1,64.8,85.2,49.2,67.0,79.9,10.7,6,0,345,352,3.8,13,34
Marcus Maye,11794,S,NO,7,5,8.0,1,0,20,57.6,57.6,86.3,55.6,57.2,51.3,16.7,4,2,179,184,2.2,4,15
Marcus Williams,11797,S,BLT,11,7,15.2,0,0,3,73.1,71.7,91.5,54.3,60.8,63.4,16.7,4,2,220,221,0.9,2,13
Sidney Jones IV,11798,CB,CIN,2,0,,0,0,7,44.6,46.8,74.5,,60.4,72.5,,0,0,9,9,0.0,0,0
Justin Evans,11805,S,PHI,4,1,5.7,0,0,24,61.2,63.1,81.1,58.3,67.0,90.0,0.0,0,0,44,44,2.3,1,3
DeMarcus Walker,11806,ED,CHI,17,6,1.5,0,0,6,52.3,59.1,72.0,64.0,57.9,55.5,8.0,2,2,226,229,6.2,14,17
Dalvin Tomlinson,11810,DI,CLV,16,10,1.8,0,0,8,60.0,63.3,53.9,73.2,52.1,46.2,13.0,3,3,220,224,3.6,8,10
Zach Cunningham,11812,LB,PHI,13,11,3.0,0,0,24,69.5,69.4,59.4,50.9,70.7,55.1,12.0,6,1,182,188,11.5,21,33
Tanoh Kpassagnon,11814,ED,NO,17,3,3.3,0,0,20,62.9,67.7,87.8,65.0,61.6,52.7,11.8,2,0,134,139,7.5,10,12
Chidobe Awuzie,11815,CB,CIN,15,9,6.2,0,0,7,62.3,62.6,32.3,56.2,68.0,72.1,8.3,2,4,268,273,1.9,5,13
Larry Ogunjobi,11820,DI,PIT,17,16,2.3,0,0,25,67.3,59.2,79.0,59.2,53.2,44.1,12.5,6,1,284,294,6.7,19,26
Ahkello Witherspoon,11821,CB,LA,17,3,9.7,3,0,26,61.6,64.3,87.1,56.2,71.6,43.6,10.5,2,4,382,396,1.3,5,14
Dawuane Smoot,11823,ED,JAX,12,1,2.7,0,0,15,47.6,42.4,86.4,50.0,38.4,28.8,33.3,2,0,87,87,2.3,2,3
Chris Wormley,11829,DI,CAR,5,3,5.5,0,0,5,,44.3,76.4,62.6,41.5,72.5,0.0,0,0,30,30,3.3,1,2
Duke Riley,11830,LB,MIA,12,3,2.7,0,0,17,70.3,72.5,82.0,77.5,63.0,48.3,21.7,5,0,149,153,6.7,10,15
Alex Anzalone,11831,LB,DET,16,11,4.7,0,0,11,65.7,68.1,28.0,72.7,67.6,38.3,9.1,6,5,329,335,7.6,25,49
Fabian Moreau,11836,CB,DEN,11,4,8.0,0,0,10,62.9,62.4,87.0,54.6,55.5,64.6,15.4,2,5,263,272,0.4,1,7
Shaquill Griffin,11845,CB,CAR,8,2,3.0,0,0,5,67.0,67.0,84.0,60.0,61.9,69.8,11.1,1,5,164,168,2.4,4,6
Jourdan Lewis,11846,CB,DAL,16,3,5.4,1,2,9,43.0,52.5,31.9,48.3,91.0,79.1,5.0,1,3,246,249,2.4,6,16
John Johnson III,11847,S,LA,10,6,5.2,0,0,26,56.5,55.8,91.0,50.7,53.2,79.1,21.4,3,0,138,145,1.4,2,5
Montravius Adams,11848,DI,PIT,13,9,1.6,0,1,25,60.6,58.3,69.0,66.0,50.5,43.9,11.1,3,1,158,164,7.0,11,15
Cameron Sutton,11850,CB,DET,17,4,4.7,0,0,11,53.9,56.0,69.5,50.0,68.0,65.7,17.6,3,5,363,368,1.7,6,10
Rasul Douglas,11854,CB,BUF,16,5,4.2,0,0,4,84.4,82.2,27.2,69.9,72.7,54.7,20.8,5,5,386,395,2.3,9,14
Trey Hendrickson,11858,ED,CIN,17,2,0.5,0,0,7,47.5,82.3,51.6,90.7,51.0,60.9,15.0,3,4,242,243,5.4,13,15
Jaleel Johnson,11864,DI,TEN,12,9,2.5,0,0,31,60.0,54.0,61.0,66.0,49.0,66.4,4.3,1,1,139,144,5.0,7,13
Eddie Jackson,11867,S,CHI,12,3,11.3,1,0,6,60.0,58.6,55.4,58.9,55.3,60.9,20.0,4,2,225,227,1.3,3,13
Rayshawn Jenkins,11868,S,JAX,17,11,5.7,1,0,15,59.6,60.9,48.2,63.4,63.8,69.3,12.2,6,2,371,376,4.0,15,32
Carl Lawson,11871,ED,NYJ,6,1,0.8,0,0,22,,60.3,83.9,53.6,64.8,75.2,0.0,0,0,41,42,7.3,3,4
Mack Hollins,11873,WR,ATL,1,0,,0,0,2,,60.0,60.0,,60.0,,,0,1,1,1,0.0,0,0
Jalen Reeves-Maybin,11879,LB,DET,4,1,,0,0,11,60.7,67.8,75.6,72.9,67.9,54.1,0.0,0,0,10,10,0.0,0,0
Samson Ebukam,11880,ED,IND,17,10,1.5,0,0,14,75.8,84.4,82.9,72.6,80.0,51.5,9.8,4,1,244,247,9.0,22,27
Deatrich Wise Jr.,11886,ED,NE,16,18,3.8,0,0,19,67.3,54.3,41.8,59.0,49.7,78.3,2.4,1,4,219,223,6.8,15,23
Carlos Watkins,11897,DI,ARZ,2,1,2.8,0,0,1,,60.4,76.7,61.4,57.9,71.9,0.0,0,0,18,18,16.7,3,4
Grover Stewart,11899,DI,IND,11,10,1.3,0,0,14,58.5,76.2,70.7,64.7,77.3,71.1,2.7,1,1,219,224,10.0,22,26
Damontae Kazee,11904,S,PIT,14,7,9.0,1,0,25,62.7,60.4,52.2,52.4,55.6,52.1,17.9,5,2,270,278,0.7,2,16
Desmond King II,11906,CB,HST,8,10,2.7,1,0,13,76.3,70.5,0.0,56.4,78.7,72.0,8.0,2,5,123,126,6.5,8,13
Anthony Walker Jr.,11916,LB,CLV,12,11,3.0,0,0,8,76.8,71.1,83.9,54.9,59.1,56.6,6.1,2,1,175,177,7.4,13,20
Matt Milano,11918,LB,BUF,5,2,2.8,0,1,4,73.6,70.9,11.9,59.5,65.4,45.0,20.0,3,1,73,75,9.6,7,10
Davon Godchaux,11934,DI,NE,17,18,2.6,0,0,19,60.0,50.2,78.5,50.0,51.6,59.7,5.3,3,1,343,351,6.7,23,36
Tanzel Smart,11944,DI,NYJ,4,1,3.0,0,0,22,54.5,27.5,78.2,56.9,28.1,26.5,0.0,0,0,37,38,0.0,0,1
Xavier Woods,11946,S,CAR,14,6,7.1,1,0,5,81.7,80.3,54.8,50.3,73.7,67.3,12.5,4,4,359,363,1.9,7,22
D.J. Jones,11953,DI,DEN,16,6,2.4,0,2,10,76.2,56.2,87.5,58.5,49.0,27.2,22.2,10,0,232,236,8.6,20,29
Jeremiah Ledbetter,11960,DI,JAX,17,7,2.1,2,0,15,55.6,49.0,48.3,50.1,56.1,58.0,10.5,2,2,154,158,5.8,9,10
Rudy Ford,11963,S,GB,10,6,9.9,0,0,12,72.9,69.9,53.4,56.1,60.8,75.9,5.3,2,2,270,275,3.3,9,30
Isaac Rochell,11980,ED,LV,7,2,-0.2,0,0,23,43.2,58.8,82.5,44.1,70.9,59.3,0.0,0,0,76,79,6.6,5,5
Patrick O'Connor,12005,DI,TB,8,1,0.5,0,0,30,,50.9,76.8,49.9,55.4,26.6,40.0,2,0,23,24,4.3,1,2
Michael Davis,12040,CB,LAC,15,3,3.9,3,0,27,54.3,56.5,64.8,77.8,64.1,51.7,15.0,3,7,326,334,2.5,8,14
Josh Tupou,12093,DI,CIN,14,5,3.2,0,0,7,60.0,52.1,83.9,55.7,50.3,53.5,10.0,2,0,146,150,6.2,9,13
Adam Butler,12214,DI,LV,17,8,1.7,0,0,23,64.0,60.1,87.0,70.2,39.4,47.1,17.4,4,0,144,149,6.3,9,11
Arthur Maulet,12224,CB,BLT,14,1,2.3,0,0,3,66.4,70.3,83.0,80.3,72.8,47.6,21.4,3,2,91,94,8.8,8,10
Calvin Munson,12236,LB,MIA,3,0,0.0,0,0,17,68.9,73.6,73.2,59.9,67.8,76.9,0.0,0,0,7,7,14.3,1,1
Caleb Johnson,12488,LB,JAX,1,0,,0,0,15,,59.9,60.0,,60.0,,,0,0,1,1,0.0,0,0
Sione Takitaki,12666,LB,CLV,15,5,4.2,0,0,8,69.0,68.6,82.6,56.4,64.8,55.9,2.9,1,0,220,227,6.8,15,28
Sam Eguavoen,15301,LB,NYJ,5,0,4.0,1,0,22,39.8,42.5,70.7,,65.7,73.3,0.0,0,1,10,12,0.0,0,1
Jonathan Ledbetter,18645,DI,ARZ,12,12,3.3,0,0,1,61.2,36.2,57.5,60.0,30.0,52.8,9.3,4,2,273,278,7.0,19,27
Sam Kamara,24176,ED,CLV,2,2,0.6,0,0,8,60.4,66.0,26.5,57.4,76.6,74.2,0.0,0,1,26,26,15.4,4,5
Dylan Cole,24304,LB,CHI,2,0,,0,0,6,60.5,50.1,68.9,,60.0,,,0,0,2,2,0.0,0,0
Nathan Shepherd,24614,DI,NO,17,12,2.7,0,0,20,62.5,47.5,62.4,77.4,30.3,41.3,10.4,5,2,293,303,8.2,24,31
Foyesade Oluokun,24904,LB,JAX,17,28,3.6,1,0,15,72.6,75.2,83.8,73.0,70.2,73.4,3.4,3,2,378,383,9.0,34,58
Levi Wallace,25445,CB,PIT,15,0,8.6,0,0,25,60.6,57.8,60.6,,42.9,63.3,25.0,3,1,239,243,0.4,1,9
Anfernee Jennings,25449,ED,NE,15,10,0.5,0,0,19,28.0,63.2,65.9,55.3,85.9,46.7,13.3,8,2,335,344,11.3,38,42
Shyheim Carter,25451,S,TEN,2,0,,0,0,31,56.9,56.7,73.9,,60.0,26.6,,0,0,4,4,0.0,0,0
Sean Murphy-Bunting,25891,CB,TEN,14,4,3.6,0,0,31,54.4,57.6,62.6,76.7,69.3,60.5,20.0,4,10,318,327,2.2,7,12
Clelin Ferrell,25955,ED,SF,17,8,2.4,0,0,28,67.6,60.7,90.5,60.4,47.4,61.4,5.0,1,0,171,176,5.3,9,11
Dexter Lawrence,25991,DI,NYG,16,12,2.0,1,0,21,41.0,92.9,79.1,92.6,89.5,58.2,5.9,3,1,252,258,11.9,30,36
KhaDarel Hodge,26104,WR,ATL,1,0,,0,0,2,,60.0,60.0,,60.0,,,0,0,1,1,0.0,0,0
Maxx Crosby,26316,ED,LV,17,16,2.3,0,2,23,68.0,92.1,61.6,84.3,92.7,61.4,5.8,4,5,406,423,9.4,38,49
Craig James,26360,CB,NYJ,2,0,,0,0,22,79.8,79.0,76.5,,63.3,72.5,,0,0,15,15,0.0,0,0
Jeremiah Moon,26453,ED,BLT,5,5,0.7,0,1,3,61.7,60.8,83.5,53.5,63.3,77.4,0.0,0,0,51,52,3.9,2,3
D.J. Reed,26940,CB,NYJ,15,6,6.0,2,0,22,79.5,77.9,47.2,58.0,70.2,66.6,12.9,4,8,439,449,2.1,9,21
Bryce Huff,27128,ED,NYJ,17,2,3.0,0,0,22,68.2,79.7,50.1,86.8,48.0,74.0,0.0,0,3,132,134,5.3,7,9
Siran Neal,27130,CB,BUF,4,0,,0,0,4,33.4,40.2,85.7,74.0,63.8,78.5,,0,0,8,9,0.0,0,0
Montez Sweat,27271,ED,CHI,17,11,2.3,1,1,6,51.9,74.8,75.6,70.6,72.9,75.1,5.4,2,2,232,235,6.9,16,24
Devin Bush,27375,LB,SEA,9,8,3.4,0,0,29,56.3,57.5,80.4,63.6,57.9,76.2,7.4,2,0,130,131,7.7,10,17
David Long Jr.,27377,CB,GB,6,2,8.3,0,0,12,75.6,65.7,10.8,,40.7,56.3,16.7,1,1,88,90,1.1,1,3
Joshua Uche,27379,ED,NE,15,6,4.3,0,0,19,28.8,57.1,63.9,66.8,61.5,54.6,9.1,1,1,64,66,3.1,2,4
D'Angelo Ross,27732,CB,HST,1,0,,1,0,13,27.9,27.1,70.8,,60.0,,,0,1,2,2,0.0,0,0
Khalil Dorsey,27819,CB,DET,3,0,,1,0,11,51.9,52.4,77.7,60.0,56.8,78.0,,0,1,29,29,0.0,0,0
Armon Watts,27844,DI,PIT,15,8,2.6,0,0,25,61.2,76.2,84.3,65.3,73.8,33.8,5.9,1,0,122,124,6.6,8,8
Ben Skowronek,27948,WR,LA,2,0,,0,0,26,,60.1,73.0,,60.0,,,0,1,2,2,0.0,0,0
Joe Gaziano,27949,ED,ATL,2,3,3.0,0,0,2,,62.0,80.7,57.3,62.3,72.8,0.0,0,0,29,29,3.4,1,1
DaVon Hamilton,28072,DI,JAX,8,3,1.0,0,0,15,60.0,36.2,51.7,51.0,37.4,35.3,7.7,1,1,101,103,7.9,8,9
Dre'Mont Jones,28075,DI,SEA,17,17,4.3,2,0,29,57.9,61.7,32.8,65.1,61.8,67.7,2.9,1,6,313,314,2.2,7,16
Malik Harrison,28081,LB,BLT,13,4,2.0,0,0,3,67.8,71.8,83.3,64.6,69.0,51.4,23.1,3,0,110,111,4.5,5,6
Jerome Baker,28091,LB,MIA,13,8,4.3,2,0,17,74.4,66.6,29.7,57.9,56.7,58.0,5.4,2,2,256,262,5.5,14,27
Neville Gallimore,28094,DI,DAL,17,8,2.9,0,0,9,59.9,57.8,57.4,65.7,52.8,63.3,5.9,1,1,131,132,3.8,5,8
Tremon Smith,28196,CB,DEN,3,0,,0,0,10,60.0,69.8,79.9,,60.0,,,0,0,3,3,0.0,0,0
Troy Dye,28251,LB,MIN,6,5,6.5,0,0,18,62.0,60.7,79.8,58.9,57.7,72.5,0.0,0,0,28,29,0.0,0,2
Kevin Givens,28308,DI,SF,17,4,3.0,0,0,28,61.6,56.9,52.3,67.1,46.5,51.7,10.5,2,2,134,137,6.7,9,13
Myles Adams,28430,DI,SEA,8,0,0.0,0,0,29,63.9,63.5,80.4,74.6,36.6,71.1,0.0,0,0,25,26,4.0,1,1
Bilal Nichols,28451,DI,LV,17,15,2.7,1,0,23,63.9,51.6,75.3,54.7,49.4,63.2,4.2,2,1,280,293,6.8,19,31
DeShon Elliott,28854,S,MIA,15,23,9.0,0,0,17,64.1,72.6,89.3,66.9,87.3,73.7,5.7,3,1,341,348,1.5,5,27
Richie James,28991,WR,KC,1,0,,0,0,16,,60.0,60.0,,60.0,,,0,0,1,1,0.0,0,0
Jack Jones,29050,CB,LV,11,3,5.8,2,0,23,71.9,71.6,0.0,69.4,81.7,56.4,0.0,0,6,141,146,1.4,2,5
Joejuan Williams,29113,CB,MIN,2,0,,0,0,18,47.3,49.4,77.9,,63.9,75.2,,0,1,13,13,0.0,0,0
David Long Jr.,29367,LB,MIA,17,27,2.3,0,1,17,37.5,68.9,62.5,59.6,93.4,59.2,2.5,2,1,319,327,10.7,34,51
Germaine Pratt,29407,LB,CIN,17,27,4.2,0,1,7,65.3,63.3,86.9,63.5,57.3,66.4,10.3,7,1,385,392,5.2,20,34
Logan Wilson,29623,LB,CIN,17,21,5.2,0,0,7,57.9,62.6,86.2,60.1,66.5,76.6,4.9,3,1,395,402,4.8,19,37
Ty Summers,30242,LB,NO,1,0,,0,0,20,,59.0,64.8,60.0,60.0,,,0,0,1,1,0.0,0,0
Andrew Van Ginkel,30267,ED,MIA,17,11,3.4,0,0,17,87.3,91.1,77.4,90.6,76.3,49.9,8.9,4,1,251,259,6.8,17,30
Jabril Cox,30669,LB,WAS,1,0,,0,0,32,,60.1,65.6,,60.0,,,0,0,1,1,0.0,0,0
T.J. Edwards,30737,LB,CHI,17,17,3.0,0,0,6,75.4,79.6,85.0,74.5,76.5,71.8,8.2,6,0,351,356,10.0,35,50
Dee Delaney,31078,S,TB,11,2,7.0,0,0,30,67.7,63.4,83.4,,40.4,38.2,20.0,2,0,108,111,1.9,2,6
George Odum,31342,S,SF,4,0,,0,0,28,61.1,64.5,73.1,,65.0,78.6,,0,0,11,11,0.0,0,0
Khalen Saunders,31534,DI,NO,17,18,3.3,2,0,20,59.9,61.6,59.3,68.7,57.0,48.0,7.1,4,2,269,276,7.8,21,34
Abdullah Anderson,32708,DI,WAS,7,1,3.5,0,0,32,61.8,64.8,81.1,61.2,61.4,39.2,12.5,1,0,54,56,7.4,4,6
Dane Jackson,32989,CB,BUF,10,2,2.9,2,1,4,71.2,64.5,86.4,60.0,29.3,42.1,37.5,6,3,149,151,4.0,6,8
Cam Gill,33560,ED,TB,3,3,4.0,0,0,30,64.5,83.8,78.9,77.2,76.4,60.1,0.0,0,0,19,20,5.3,1,1
Robert Rochell,33693,CB,GB,1,0,,0,0,12,,60.0,60.0,,60.0,,,0,0,1,1,0.0,0,0
Eric Johnson,33698,DI,IND,14,3,5.6,1,0,14,59.5,30.5,60.1,56.7,29.3,59.3,9.1,1,1,149,154,2.0,3,7
Mike Hughes,34057,CB,ATL,12,2,3.6,0,0,2,49.1,51.8,82.6,82.7,54.3,37.6,26.7,4,0,127,127,4.7,6,9
Kendall Sheffield,34105,CB,TEN,2,0,,0,0,31,83.9,82.5,74.1,,61.7,76.6,,0,0,8,8,0.0,0,0
Kris Boyd,34222,CB,HST,1,0,,0,0,13,,60.0,67.6,,60.0,,,0,0,3,3,0.0,0,0
Darnell Savage,34247,S,GB,10,11,7.1,0,0,12,61.7,66.3,86.1,52.2,72.8,50.5,16.7,6,0,231,238,3.5,8,19
Zayne Anderson,34622,S,GB,1,0,,0,0,12,,60.0,60.4,,60.0,,,0,0,1,1,0.0,0,0
Zack Baun,34632,ED,NO,15,6,2.0,0,0,20,66.9,71.1,85.5,63.6,70.3,48.4,12.5,2,0,110,110,5.5,6,8
Johnathan Abram,34646,S,NO,7,4,4.3,0,1,20,48.7,57.1,82.6,60.5,77.8,38.3,15.4,2,0,71,74,7.0,5,7
Akeem Davis-Gaither,34788,LB,CIN,11,3,3.8,0,0,7,56.7,58.7,78.1,69.8,57.3,55.0,0.0,0,0,50,50,2.0,1,5
Jamel Dean,34918,CB,TB,13,6,6.8,1,0,30,64.4,68.3,59.6,45.8,88.6,79.0,11.1,2,4,240,242,2.1,5,10
Trevis Gipson,35241,ED,TEN,6,2,3.0,0,0,31,62.7,89.6,83.1,89.3,66.3,50.3,20.0,1,0,34,35,5.9,2,2
Blake Cashman,35413,LB,HST,13,23,3.1,0,0,13,75.4,83.7,81.2,73.5,84.7,72.3,8.3,5,0,240,247,9.2,22,32
Darrell Taylor,36001,ED,SEA,17,4,3.4,0,0,29,49.0,50.9,74.6,58.7,45.2,44.9,9.1,2,1,194,196,6.2,12,16
Austin Bryant,36248,ED,SF,2,0,8.0,0,0,28,,69.6,79.8,66.3,63.8,69.6,0.0,0,0,13,13,0.0,0,1
Kyle Phillips,36340,ED,NO,5,2,1.0,0,0,20,,52.0,80.6,60.0,47.6,38.7,0.0,0,0,27,29,3.7,1,1
T.J. Smith,36851,DI,MIN,3,2,10.0,0,0,18,,55.8,77.4,50.8,60.0,71.4,0.0,0,0,24,25,0.0,0,1
Albert Huggins,36862,DI,ATL,13,10,3.7,0,0,2,59.4,47.8,86.0,52.3,47.0,75.8,0.0,0,0,158,160,3.8,6,11
Shy Tuttle,37279,DI,CAR,17,9,3.6,2,0,5,60.0,52.9,46.4,57.8,52.8,44.9,9.1,4,3,326,329,6.1,20,31
Troy Reeder,38268,LB,LA,9,3,3.0,0,0,26,38.7,45.7,84.3,62.3,57.0,48.7,13.3,2,0,92,98,8.7,8,10
Camryn Bynum,38408,S,MIN,17,14,6.8,0,1,18,69.7,73.2,89.3,56.1,79.1,70.4,11.3,6,0,408,420,1.5,6,33
Cameron Goode,38410,ED,MIA,7,2,2.0,0,0,17,64.6,71.7,78.9,63.1,73.2,74.2,25.0,1,0,23,24,4.3,1,1
Casey Toohill,38472,ED,WAS,16,7,1.2,0,0,32,49.6,52.1,90.8,54.0,51.7,47.4,11.1,2,0,188,193,4.8,9,9
Matthew Adams,38526,LB,CLV,9,4,,0,0,8,44.1,44.2,78.5,73.7,46.2,29.5,20.0,1,0,45,46,0.0,0,0
Marquise Copeland,38540,DI,LA,1,0,3.0,0,0,26,,62.0,72.5,56.7,62.6,66.8,0.0,0,0,8,8,12.5,1,1
Jordan Kunaszyk,38548,LB,CLV,3,2,7.0,0,0,8,73.1,61.0,76.4,51.1,46.9,56.2,0.0,0,0,25,25,0.0,0,1
Folorunso Fatukasi,38558,DI,JAX,16,7,1.6,0,0,15,53.6,61.0,86.3,58.8,60.7,53.0,3.3,1,0,190,191,10.5,20,22
Maurice Hurst,38563,DI,CLV,13,6,1.5,0,0,8,67.5,81.0,10.0,75.9,76.5,47.5,5.0,1,4,123,126,8.9,11,13
Eric Wilson,38587,LB,GB,7,2,2.7,0,0,12,60.5,67.0,78.5,56.7,75.4,54.9,11.1,1,0,36,36,11.1,4,6
Curtis Bolton,39043,LB,LV,2,0,4.0,0,0,23,29.0,29.0,72.6,,56.6,73.2,0.0,0,0,8,8,12.5,1,1
Tershawn Wharton,40292,DI,KC,17,7,4.4,0,0,16,58.1,58.6,68.6,68.1,48.4,48.4,5.3,1,1,134,139,3.7,5,11
Chazz Surratt,40313,LB,NYJ,3,1,0.0,0,0,22,,78.2,68.1,,71.2,75.1,0.0,0,0,9,9,11.1,1,1
L'Jarius Sneed,40588,CB,KC,16,6,5.3,6,0,16,71.9,71.1,28.1,63.3,70.7,62.0,13.3,4,17,365,373,2.2,8,20
Kylen Granson,40630,TE,IND,1,0,,0,0,14,,59.9,60.0,,60.0,,,0,2,1,1,0.0,0,0
Alohi Gilman,41662,S,LAC,14,10,8.0,0,1,27,89.2,86.1,65.6,56.6,75.2,66.7,19.5,8,2,375,381,1.9,7,23
Ty Shelby,41752,ED,LAC,1,0,3.0,0,0,27,47.0,49.0,73.0,65.5,61.0,69.9,0.0,0,0,4,4,25.0,1,1
Trevon Diggs,41817,CB,DAL,2,1,9.0,0,0,9,82.8,80.7,79.1,,62.0,80.7,0.0,0,1,30,30,0.0,0,1
Ed Oliver,42200,DI,BUF,16,5,1.3,0,0,4,66.5,67.8,34.0,74.6,55.4,43.9,7.9,3,5,237,241,9.7,23,30
Divine Deablo,42208,LB,LV,15,20,5.2,1,0,23,60.3,60.7,61.1,62.7,60.4,80.4,3.5,2,2,290,298,5.9,17,35
Charlie Woerner,42257,TE,SF,1,0,,0,0,28,,60.0,60.0,,60.0,,,0,1,1,1,0.0,0,0
Bryce Hall,42313,CB,NYJ,2,2,3.0,0,0,22,62.8,66.4,80.7,,80.3,59.5,0.0,0,1,35,37,2.9,1,1
Janarius Robinson,42447,ED,LV,6,3,1.7,1,0,23,77.8,56.3,0.0,56.6,71.3,51.1,14.3,1,3,31,31,9.7,3,3
Amen Ogbongbemiga,42449,LB,LAC,3,0,4.0,0,0,27,60.0,72.6,99.9,,65.8,74.9,0.0,0,0,5,5,0.0,0,1
Isaiah Simmons,42451,LB,NYG,16,3,5.2,0,0,21,82.7,68.9,86.1,44.1,54.7,41.6,25.0,5,0,83,84,7.2,6,12
K'Von Wallace,42467,S,TEN,13,8,6.8,0,0,31,70.7,68.1,59.5,60.5,60.6,65.6,11.9,5,1,297,307,2.7,8,29
Antoine Winfield Jr.,42475,S,TB,17,18,7.0,0,2,30,87.7,91.5,87.3,92.7,92.5,86.1,8.2,5,0,395,402,3.3,13,38
Tomon Fox,42486,ED,NYG,1,0,,0,0,21,60.5,57.5,77.0,50.6,64.4,,,0,0,3,3,0.0,0,0
Devin Harper,42494,LB,CIN,2,1,,0,0,7,64.1,70.0,68.9,,60.0,83.6,0.0,0,0,2,2,0.0,0,0
Rashad Weaver,42495,ED,TEN,15,4,-0.1,0,0,31,62.8,50.7,87.9,51.3,48.9,33.0,12.5,2,0,102,104,8.8,9,10
Shemar Jean-Charles,42496,CB,NO,2,0,1.0,0,0,20,65.6,57.3,70.9,,48.2,26.7,50.0,1,0,5,5,20.0,1,1
Keir Thomas,42509,ED,LA,8,1,6.5,0,0,26,59.1,57.6,23.6,53.9,68.9,76.9,0.0,0,1,31,32,3.2,1,2
Daniel Thomas,42544,S,JAX,5,1,,0,0,15,61.7,51.6,0.0,,60.7,75.2,0.0,0,1,8,9,0.0,0,0
Krys Barnes,42548,LB,ARZ,10,12,4.8,0,0,1,59.2,60.1,82.9,64.4,58.9,61.4,7.9,3,0,170,174,8.8,15,23
Tayler Hawkins,42606,S,SF,1,0,3.0,0,0,28,36.2,34.2,78.8,40.5,67.3,54.9,0.0,0,1,32,32,0.0,0,1
Justin Strnad,42659,LB,DEN,3,0,,0,0,10,,60.0,99.9,,60.0,,,0,0,3,3,0.0,0,0
Tyreek Maddox-Williams,42694,LB,ARZ,1,0,,0,0,1,33.1,22.8,68.2,,54.4,,,0,0,2,2,0.0,0,0
Chauncey Golston,42718,DI,DAL,17,9,2.5,0,0,9,60.2,62.7,84.5,74.3,45.3,43.9,13.0,3,0,121,124,6.6,8,11
Nick Bosa,42741,ED,SF,17,7,0.6,1,0,28,65.8,92.7,35.8,92.6,81.9,44.6,15.0,6,7,243,251,10.3,25,27
Osa Odighizuwa,42754,DI,DAL,17,11,1.1,1,0,9,66.8,81.4,63.8,80.0,70.2,39.5,11.6,5,2,275,278,7.6,21,27
J.C. Jackson,42781,CB,NE,10,0,5.8,0,0,19,30.8,34.8,85.8,56.2,56.6,63.5,0.0,0,5,191,198,0.5,1,4
Curtis Robinson,42871,LB,SF,1,0,,0,0,28,76.7,89.9,65.7,,60.0,71.7,,0,0,1,1,0.0,0,0
Kristian Fulton,42894,CB,TEN,11,1,6.6,0,0,31,46.9,46.4,87.0,56.3,44.1,35.9,31.6,6,6,249,254,2.4,6,12
Rashan Gary,42905,ED,GB,17,18,0.7,0,0,12,79.0,80.0,27.3,76.2,76.4,54.1,8.3,3,5,191,198,6.3,12,15
Dicaprio Bootle,42913,CB,CAR,3,0,11.0,0,0,5,64.1,62.4,80.9,56.2,53.0,42.7,50.0,1,0,74,75,0.0,0,1
Khalid Kareem,42993,ED,CHI,1,0,,0,0,6,63.1,67.7,78.5,52.2,60.3,69.2,,0,0,4,4,0.0,0,0
Jonathon Cooper,43021,ED,DEN,17,17,3.6,0,0,10,36.0,65.2,61.3,71.0,65.7,61.9,6.1,3,3,322,333,5.6,18,29
Charvarius Ward,43034,CB,SF,17,3,5.8,6,0,28,83.3,82.6,87.5,39.4,71.7,71.8,0.0,0,12,275,283,1.8,5,13
Brandon Jones,43049,S,MIA,12,3,5.0,0,0,17,78.5,76.8,87.9,90.1,55.4,52.0,34.8,8,0,165,169,4.2,7,12
McTelvin Agim,43069,DI,IND,1,2,,0,0,14,,50.1,73.5,65.7,47.7,68.7,0.0,0,0,7,7,0.0,0,0
Devin White,43089,LB,TB,14,9,4.3,0,0,30,57.0,46.1,62.2,64.2,30.8,76.0,8.5,4,1,302,309,6.0,18,34
Jeremy Chinn,43179,S,CAR,11,8,7.4,0,0,5,51.6,57.7,79.7,58.4,68.1,62.8,4.8,1,1,125,128,6.4,8,12
Mack Wilson Sr.,43190,LB,NE,14,8,4.0,0,0,19,86.9,81.5,84.9,63.2,71.7,64.5,11.1,2,0,92,95,4.3,4,8
Richie Grant,43196,S,ATL,16,17,7.1,2,0,2,42.4,51.5,88.4,76.6,62.5,57.7,8.2,4,2,370,380,2.7,10,28
Joe Bachie,43250,LB,CIN,3,1,,0,0,7,45.6,55.5,70.0,59.6,68.3,73.3,0.0,0,0,4,4,0.0,0,0
Damar Hamlin,43291,S,BUF,2,0,,0,0,4,65.5,60.2,73.5,59.1,56.2,71.6,,0,0,5,5,0.0,0,0
Qwuantrezz Knight,43322,S,ARZ,1,0,,0,0,1,60.3,62.3,67.8,,60.0,,,0,0,1,1,0.0,0,0
Myles Bryant,43336,CB,NE,17,2,8.1,0,1,19,63.1,66.6,63.8,52.9,84.3,63.5,8.3,1,2,281,290,1.4,4,9
Christian Holmes,43393,CB,WAS,1,0,,0,0,32,63.1,64.7,75.9,,65.3,75.4,,0,0,17,18,0.0,0,0
Josh Metellus,43395,S,MIN,17,10,6.2,1,1,18,64.5,69.2,72.5,75.8,67.8,67.5,2.4,1,1,379,391,4.0,15,30
Trenton Thompson,43455,S,PIT,5,1,11.3,0,0,25,63.8,56.8,80.4,53.6,42.9,64.7,21.4,3,0,80,81,2.5,2,10
Carter Coughlin,43498,LB,NYG,1,0,,0,0,21,,59.5,66.9,,60.0,,,0,0,2,2,0.0,0,0
Nick Niemann,43500,LB,LAC,8,9,6.1,0,0,27,71.2,71.6,79.8,66.0,64.5,80.2,4.5,1,0,83,85,6.0,5,12
Alex Highsmith,43507,ED,PIT,17,16,2.0,1,0,25,86.5,90.3,61.5,86.2,79.8,70.4,8.3,4,3,318,326,7.2,23,28
Grayland Arnold,43528,CB,HST,4,3,7.7,0,0,13,77.0,71.4,79.5,73.8,40.0,60.1,14.3,1,0,50,51,4.0,2,3
Darrell Baker Jr.,43542,CB,IND,11,4,9.3,0,0,14,54.4,52.9,84.8,,43.6,27.6,21.4,3,2,158,163,0.6,1,7
Ben Stille,43555,DI,ARZ,5,2,4.4,0,0,1,,45.4,38.9,52.6,49.3,40.1,12.5,1,1,66,68,4.5,3,5
Sam Franklin Jr.,43580,S,CAR,5,5,3.1,0,0,5,65.4,58.0,84.4,,38.4,29.2,29.4,5,1,139,140,2.9,4,7
Jake Hansen,43645,LB,HST,7,1,3.5,0,0,13,71.6,74.8,75.6,54.6,71.3,38.4,16.7,1,0,21,21,9.5,2,4
Levi Onwuzurike,43679,DI,DET,10,0,4.0,0,0,11,62.4,68.1,81.2,70.6,54.5,29.1,33.3,1,0,42,43,2.4,1,2
Jeffery Simmons,43742,DI,TEN,12,13,1.9,2,0,31,58.4,68.4,22.4,75.2,63.1,45.1,6.7,3,6,249,254,9.2,23,29
De'Jon Harris,43858,LB,WAS,2,0,,0,0,32,,30.0,65.3,,60.0,,,0,0,3,3,0.0,0,0
Derrick Brown,43883,DI,CAR,17,34,2.5,2,0,5,67.3,90.1,47.3,78.1,90.0,74.9,3.8,4,5,422,427,11.8,50,68
Timmy Horne,43918,DI,NYG,4,2,2.0,2,0,21,,46.0,0.0,58.3,57.0,70.2,0.0,0,2,28,30,3.6,1,1
Tyler Hall,43958,CB,LV,4,1,4.0,0,0,23,71.9,72.7,80.5,50.7,74.7,82.0,14.3,1,0,49,52,4.1,2,5
Pat Jones II,43974,ED,MIN,17,9,2.7,0,0,18,52.9,37.5,61.6,45.6,39.8,34.6,9.7,3,2,197,199,7.1,14,19
Byron Murphy Jr.,44027,CB,MIN,14,1,2.5,2,1,18,58.2,58.0,42.9,48.4,65.1,29.0,37.5,3,4,311,322,1.0,3,4
Benito Jones,44035,DI,DET,17,7,2.3,0,0,11,55.5,37.4,74.4,54.6,31.5,38.5,10.5,2,1,251,255,3.2,8,10
Julian Okwara,44152,ED,DET,6,0,1.5,1,0,11,47.3,60.2,41.0,62.5,72.7,75.7,0.0,0,1,19,19,10.5,2,2
Quinnen Williams,44216,DI,NYJ,17,11,0.8,2,1,22,63.0,90.6,36.8,84.5,90.4,47.5,9.1,5,5,300,307,11.7,35,39
Nnamdi Madubuike,44304,DI,BLT,17,8,3.0,0,0,3,59.2,75.1,48.2,77.7,65.6,59.0,2.5,1,4,228,232,9.2,21,31
Boogie Basham,44320,ED,NYG,13,2,1.5,0,0,21,63.9,55.0,82.9,50.8,57.3,62.6,11.1,1,0,105,105,5.7,6,6
Naquan Jones,44363,DI,ARZ,11,7,2.9,0,0,1,60.7,40.3,18.7,52.7,43.4,75.6,0.0,0,2,103,105,5.8,6,9
Isaiahh Loudermilk,44416,DI,PIT,14,4,2.4,0,0,25,60.7,56.1,82.2,47.3,58.8,43.4,6.7,1,0,102,104,7.8,8,10
Elijah Riley,44440,S,PIT,5,0,4.0,0,0,25,84.5,79.8,73.4,70.5,47.9,29.9,50.0,2,0,14,14,7.1,1,2
Kyzir White,44485,LB,ARZ,11,23,3.6,0,0,1,59.8,58.9,57.0,52.1,60.3,74.4,6.3,4,3,305,309,5.6,17,36
Elijah Garcia,44498,DI,DEN,3,1,,0,0,10,,44.4,75.5,67.7,37.7,69.2,0.0,0,0,16,17,0.0,0,0
Trysten Hill,44519,DI,NE,1,0,,0,0,19,,60.2,68.8,58.7,60.5,,,0,0,2,2,0.0,0,0
Brian Burns,44522,ED,CAR,16,12,1.5,1,0,5,77.7,73.8,51.2,75.2,62.7,48.9,15.0,6,4,361,366,5.3,19,22
Ross Blacklock,44526,DI,TEN,4,2,,0,0,31,60.0,49.6,79.1,58.9,43.6,69.6,0.0,0,0,25,25,0.0,0,0
D.J. Wonnum,44550,ED,MIN,15,12,3.5,0,0,18,53.4,62.3,88.1,56.8,68.6,66.1,5.0,2,0,269,278,6.7,18,26
Jack Heflin,44570,DI,NO,1,1,,0,0,20,,57.1,73.8,54.3,59.7,68.6,0.0,0,0,10,10,0.0,0,0
Raekwon Davis,44582,DI,MIA,17,8,2.5,0,0,17,69.9,58.8,87.1,59.3,54.1,58.3,4.0,1,0,224,230,5.8,13,16
Jonah Williams,44597,DI,LA,17,14,2.5,0,0,26,60.0,55.6,75.1,47.5,63.5,66.8,2.1,1,1,271,281,8.1,22,32
Leki Fotu,44614,DI,ARZ,11,6,2.9,0,0,1,83.2,46.1,83.7,54.0,40.7,46.4,14.8,4,0,162,164,6.2,10,17
Luke Masterson,45046,LB,LV,13,5,3.2,0,0,23,76.2,86.9,78.4,54.1,88.7,53.0,6.7,1,0,80,87,7.5,6,9
Terrell Burgess,45255,S,WAS,4,4,7.4,0,0,32,44.4,49.6,78.4,,66.9,79.2,8.3,1,0,53,54,1.9,1,7
Essang Bassey,45258,CB,LAC,11,4,5.0,0,0,27,58.7,52.2,33.4,47.4,39.2,27.1,40.0,6,2,119,121,2.5,3,5
Jordan Fuller,45326,S,LA,17,12,6.3,0,2,26,63.3,66.7,83.7,49.6,75.0,71.9,9.3,4,1,370,383,2.4,9,27
Eric Banks,45507,DI,ARZ,2,0,4.0,0,0,1,,51.7,77.1,55.3,52.4,69.5,0.0,0,0,19,19,10.5,2,2
Brandon Stephens,45644,CB,BLT,16,2,6.9,0,0,3,68.0,69.2,89.4,73.3,65.4,66.3,21.4,3,4,344,350,1.2,4,9
Brycen Hopkins,47338,TE,LA,1,0,,0,0,26,,59.9,60.0,,60.0,,,0,1,1,1,0.0,0,0
Blake Lynch,47621,LB,LAC,1,0,,0,0,27,,60.0,60.0,,60.0,,,0,0,1,1,0.0,0,0
KaVontae Turpin,47658,WR,DAL,1,0,,0,0,9,76.6,75.2,60.0,,60.0,,,0,1,1,1,0.0,0,0
Ray-Ray McCloud III,47895,WR,SF,1,0,,0,0,28,,60.0,60.0,,60.0,,,0,0,1,1,0.0,0,0
Braxton Berrios,47961,WR,MIA,1,0,,1,0,17,60.7,70.6,60.0,,60.0,,,0,2,1,1,0.0,0,0
Da'Shawn Hand,48386,DI,MIA,15,6,3.6,0,0,17,64.3,85.0,83.2,69.8,79.6,30.1,12.5,2,0,86,87,5.8,5,8
Jalyn Holmes,48400,DI,NYJ,5,3,0.5,0,0,22,60.0,28.9,0.0,54.0,29.8,48.5,16.7,1,2,44,46,4.5,2,2
Kentavius Street,48404,DI,ATL,12,4,1.6,0,0,2,47.3,55.1,60.4,59.5,57.7,43.1,11.8,2,1,103,107,9.7,10,11
Anthony Nelson,48405,ED,TB,16,7,4.4,0,0,30,63.3,60.2,73.3,61.5,53.8,61.1,12.0,3,1,160,162,4.4,7,15
Jonathan Greenard,48407,ED,HST,15,6,1.8,1,0,13,68.6,78.2,72.6,75.2,67.2,31.2,17.6,6,3,212,219,9.0,19,22
Mike Danna,48415,ED,KC,16,7,4.6,0,0,16,66.0,67.0,90.6,61.1,63.3,72.0,2.8,1,0,257,263,7.4,19,28
James Smith-Williams,48455,ED,WAS,13,9,2.2,1,0,32,69.3,58.6,75.5,50.0,61.4,29.2,20.8,5,1,166,168,4.8,8,10
Sam Hubbard,48457,ED,CIN,15,13,3.1,0,0,7,73.6,61.9,62.6,57.5,61.1,60.9,9.3,4,3,245,250,7.8,19,26
Tyquan Lewis,48475,ED,IND,17,4,0.0,1,0,14,60.0,73.7,60.4,76.6,61.9,53.7,8.7,2,2,172,178,7.0,12,17
Justin Hollins,48498,ED,LAC,11,2,3.9,0,0,27,50.5,53.3,50.8,46.8,71.3,52.7,9.1,1,1,79,79,5.1,4,8
Carl Granderson,48500,ED,NO,17,22,2.2,0,0,20,84.0,74.1,59.3,63.6,70.8,59.1,8.1,5,4,319,332,8.8,28,35
Chase Winovich,48523,ED,MIA,1,0,,0,0,17,,57.2,70.6,56.2,60.0,,,0,0,3,3,0.0,0,0
Bradley Chubb,48526,ED,MIA,16,18,2.3,1,0,17,88.5,88.8,58.4,84.9,71.1,51.8,11.1,6,4,296,305,7.4,22,30
Oshane Ximines,48538,ED,NYG,3,1,,1,0,21,85.2,70.2,1.6,63.9,60.5,29.8,50.0,1,1,17,19,0.0,0,0
Dorance Armstrong,48557,ED,DAL,17,7,3.2,0,0,9,72.4,70.1,73.3,70.1,58.2,71.4,4.0,1,1,154,156,8.4,13,17
Malik Reed,48567,ED,LV,4,1,,0,0,23,45.2,42.8,78.5,57.5,45.1,46.1,0.0,0,0,28,31,0.0,0,0
Harold Landry III,48600,ED,TEN,17,14,1.7,0,0,31,57.8,64.6,75.8,62.6,64.2,67.3,4.4,2,2,310,316,6.8,21,29
Tyler Lancaster,48604,DI,DEN,3,0,3.0,0,0,10,60.0,29.8,77.9,51.5,29.7,66.8,0.0,0,0,21,21,0.0,0,1
Roy Lopez,48676,DI,ARZ,14,12,2.5,0,0,1,68.5,65.4,66.7,60.6,64.2,36.6,9.1,4,1,209,213,11.0,23,28
Harrison Phillips,48690,DI,MIN,17,22,2.7,0,0,18,56.2,59.7,70.0,53.6,65.6,42.2,10.0,9,2,360,372,10.3,37,59
Daron Payne,48698,DI,WAS,17,9,1.4,1,1,32,69.6,61.2,56.9,57.1,58.7,30.5,15.1,8,4,337,346,9.5,32,36
Greg Gaines,48706,DI,TB,17,10,2.8,0,0,30,58.8,51.7,56.8,60.7,47.9,41.2,12.5,3,2,190,193,4.2,8,11
Rasheem Green,48731,ED,CHI,17,4,2.1,0,0,6,66.0,50.6,73.8,52.1,48.7,44.9,18.8,3,1,152,155,4.6,7,9
Marlon Davidson,48741,DI,TEN,5,4,2.0,0,0,31,60.0,59.2,82.4,57.0,59.5,74.6,0.0,0,0,60,63,8.3,5,5
Taven Bryan,48753,DI,IND,17,6,2.8,0,0,14,58.8,51.3,65.6,68.7,43.7,49.0,10.0,2,1,187,190,4.3,8,12
Bruce Hector,48759,DI,NYJ,2,0,1.3,0,0,22,,61.3,76.8,53.4,63.1,70.3,0.0,0,0,24,24,16.7,4,4
Deadrin Senat,48815,DI,TB,2,0,8.0,0,0,30,,53.6,74.8,54.9,56.0,65.9,0.0,0,0,10,10,0.0,0,1
L.J. Collier,48822,DI,ARZ,1,0,,0,0,1,,36.9,75.8,42.9,47.4,23.6,,0,0,11,11,0.0,0,0
Michael Dogbe,48850,DI,HST,1,1,,0,0,13,,31.8,74.2,54.5,36.2,67.3,0.0,0,0,7,7,0.0,0,0
Eli Ankou,48856,DI,ATL,1,1,,0,0,2,,77.3,72.5,67.8,68.1,65.9,0.0,0,0,4,4,0.0,0,0
Daniel Ekuale,48874,DI,NE,3,1,2.0,0,1,19,,63.1,77.6,51.8,72.0,70.1,0.0,0,0,14,15,7.1,1,2
Poona Ford,48875,DI,BUF,8,3,4.0,0,0,4,59.5,59.3,81.4,71.5,47.6,37.8,0.0,0,0,64,64,6.3,4,6
Taylor Stallworth,48935,DI,TEN,1,0,,0,0,31,,59.7,70.5,55.7,61.7,,,0,0,3,3,0.0,0,0
Justin Jones,48940,DI,CHI,17,14,1.5,0,0,6,62.8,49.3,67.7,52.5,47.4,38.2,15.9,7,2,237,240,6.8,16,23
Vita Vea,48956,DI,TB,15,6,1.8,0,1,30,64.7,78.5,75.2,72.3,72.2,63.2,5.4,2,1,209,214,10.5,22,29
Tim Settle,48966,DI,BUF,17,3,1.4,0,0,4,62.9,58.2,86.4,64.1,47.2,26.4,23.1,3,2,140,146,5.0,7,7
Kevin Strong,48981,DI,ARZ,14,13,2.3,0,0,1,60.1,50.1,56.0,61.2,46.6,37.3,10.9,5,2,232,238,10.3,24,28
Khalil Davis,48988,DI,HST,15,10,2.3,0,1,13,63.7,61.7,51.9,65.3,57.1,55.5,10.0,3,2,177,183,7.3,13,17
Kendal Vickers,48993,DI,BUF,2,2,,0,0,4,,38.1,79.7,60.6,30.1,31.0,33.3,1,0,30,31,0.0,0,0
Nick Scott,49012,S,CIN,12,11,6.1,0,0,7,38.8,44.0,83.2,75.0,53.6,61.0,15.6,5,1,178,181,3.9,7,16
Josh Woods,49023,LB,ARZ,11,19,4.5,0,0,1,46.0,31.8,86.3,52.8,29.0,29.0,22.0,11,0,254,261,4.3,11,20
Justin Reid,49048,S,KC,16,8,4.6,1,0,16,51.3,57.7,68.2,74.1,66.6,75.7,14.6,7,3,363,372,4.7,17,33
Tre Flowers,49059,CB,ATL,7,2,9.6,0,0,2,41.9,53.9,83.2,52.3,91.2,75.2,0.0,0,2,82,88,2.4,2,7
Khaleke Hudson,49073,LB,WAS,13,9,4.5,0,0,32,61.8,64.6,79.8,67.0,63.8,71.3,4.9,2,0,182,187,8.2,15,30
Jalen Thompson,49116,S,ARZ,15,9,11.9,0,0,1,77.0,71.3,39.0,69.6,54.6,70.1,15.0,6,3,405,413,1.5,6,25
Dallin Leavitt,49120,S,GB,2,0,,0,0,12,63.8,65.4,71.6,,60.0,77.3,,0,0,2,2,0.0,0,0
Ryan Neal,49132,S,TB,14,11,4.8,0,0,30,39.0,46.7,84.1,45.7,66.9,72.3,7.3,3,1,230,232,3.9,9,27
Jessie Bates III,49162,S,ATL,17,23,6.2,0,2,2,90.2,90.6,90.3,59.2,89.8,84.7,8.2,6,1,466,476,3.6,17,44
Ezekiel Turner,49167,LB,ARZ,2,3,5.3,0,0,1,45.3,39.4,0.0,60.0,53.7,56.2,14.3,1,1,27,28,3.7,1,3
Elijah Campbell,49190,S,MIA,8,0,7.0,0,0,17,58.9,59.2,82.0,,59.4,64.0,0.0,0,0,30,31,0.0,0,1
Jordan Whitehead,49196,S,NYJ,17,14,6.3,0,0,22,68.9,68.2,64.0,53.7,66.1,43.5,14.9,10,1,460,473,4.3,20,43
Ronnie Harrison,49206,LB,IND,7,5,2.6,0,0,14,61.9,64.9,79.1,67.8,64.1,55.2,23.1,3,1,109,111,3.7,4,5
Demetrius Flannigan-Fowles,49231,LB,SF,8,3,-0.5,0,0,28,44.0,51.1,76.9,54.2,65.9,59.0,10.0,1,0,65,66,7.7,5,6
Tony Brown,49255,CB,IND,1,0,4.0,0,0,14,29.3,27.6,0.0,,33.7,27.2,50.0,1,1,26,26,3.8,1,1
Andrew Wingard,49268,S,JAX,14,3,7.9,0,0,15,75.1,79.4,80.9,77.5,71.3,67.8,10.7,3,0,142,144,5.6,8,22
Carlton Davis III,49335,CB,TB,12,3,6.9,2,0,30,57.5,58.2,58.7,55.8,63.3,43.3,9.1,1,5,255,262,0.8,2,7
Kindle Vildor,49346,CB,DET,5,0,-0.7,0,0,11,50.5,56.8,81.6,74.9,83.7,81.9,0.0,0,3,59,61,5.1,3,3
Chandon Sullivan,49349,CB,PIT,17,1,4.7,0,0,25,67.0,61.2,41.4,57.9,41.3,64.3,0.0,0,3,135,141,1.5,2,3
Jaire Alexander,49350,CB,GB,7,2,6.2,0,0,12,72.8,70.2,85.1,39.8,57.7,50.9,20.0,2,1,183,186,1.6,3,6
Ugo Amadi,49352,CB,NO,5,1,3.0,0,0,20,61.9,64.3,77.5,53.4,71.3,72.1,25.0,1,0,31,34,6.5,2,2
Greg Stroman Jr.,49354,CB,CHI,4,0,2.0,0,0,6,67.6,66.6,0.0,53.8,80.3,70.5,0.0,0,1,34,35,2.9,1,2
Isaac Yiadom,49355,CB,NO,13,5,5.6,1,0,20,80.4,81.1,88.5,60.0,74.7,49.0,12.5,2,2,189,197,2.6,5,9
Chris Lammons,49368,CB,IND,1,0,4.0,0,0,14,59.0,53.6,0.0,56.5,56.6,42.8,50.0,1,1,14,14,7.1,1,1
C.J. Gardner-Johnson,49371,S,DET,3,0,3.9,0,0,11,72.8,72.7,2.2,54.0,68.5,51.4,22.2,2,1,52,53,9.6,5,7
Jaylon Jones,49374,CB,CHI,5,1,4.8,0,0,6,61.0,61.8,0.0,70.8,70.4,72.4,14.3,1,2,49,49,4.1,2,5
Donte Jackson,49377,CB,CAR,16,5,5.6,0,0,5,66.6,64.3,87.7,60.0,52.3,47.2,28.6,8,4,414,420,2.2,9,15
Danny Johnson,49379,CB,WAS,7,1,3.0,0,0,32,48.0,49.0,81.4,52.7,57.9,54.4,0.0,0,1,53,53,1.9,1,1
Cam Lewis,49395,S,BUF,9,0,4.8,0,0,4,72.8,78.2,80.4,59.4,84.2,80.5,0.0,0,0,23,24,8.7,2,5
M.J. Stewart,49397,S,HST,6,2,5.0,1,0,13,54.9,60.4,80.8,63.5,74.1,58.4,16.7,1,1,58,59,1.7,1,3
Donovan Wilson,49408,S,DAL,15,19,4.6,0,1,9,69.8,68.0,34.5,73.7,62.6,57.5,13.6,8,4,273,276,5.9,16,32
Julian Blackmon,49434,S,IND,15,10,4.6,0,0,14,72.6,68.3,83.5,50.2,59.2,81.1,4.1,2,0,413,423,4.6,19,37
Ka'dar Hollman,49446,CB,HST,5,1,,0,0,13,56.4,59.4,79.1,,68.7,78.8,0.0,0,1,46,47,0.0,0,0
Taron Johnson,49511,CB,BUF,17,12,4.2,1,0,4,81.7,80.2,64.9,70.0,69.8,76.6,11.1,5,6,311,319,5.5,17,28
Nick McCloud,49535,CB,NYG,13,2,16.0,0,0,21,80.7,74.8,82.9,56.4,45.3,48.5,33.3,2,0,126,128,0.0,0,2
Denzel Ward,49558,CB,CLV,13,3,6.0,0,0,8,69.8,69.6,86.1,55.5,61.7,55.4,25.0,3,3,213,218,1.9,4,6
Ashtyn Davis,49560,S,NYJ,15,6,5.0,0,0,22,75.2,72.6,77.9,76.4,56.4,57.6,8.3,1,0,104,105,2.9,3,5
Rock Ya-Sin,49564,CB,BLT,9,3,,0,0,3,63.8,63.3,83.4,,55.5,83.8,0.0,0,3,99,101,0.0,0,0
Duke Shelley,49569,CB,LA,3,0,,0,0,26,36.9,42.5,77.9,,71.6,79.7,,0,0,29,31,0.0,0,0
Matt Dickerson,49601,DI,KC,12,3,3.3,0,0,16,65.6,49.5,83.4,53.9,45.5,74.1,0.0,0,0,94,94,5.3,5,7
Zach Allen,49605,DI,DEN,17,15,1.8,0,0,10,63.4,71.9,71.8,68.8,66.6,42.5,8.9,5,2,339,349,8.8,30,36
Nick Thurman,49607,DI,CAR,17,10,1.0,0,0,5,60.0,63.4,66.2,55.0,65.4,42.5,9.1,3,1,234,238,6.8,16,20
Markus Bailey,49681,LB,CIN,7,2,16.0,0,0,7,49.5,60.8,74.4,60.0,73.3,77.7,0.0,0,0,16,16,0.0,0,1
Shaquille Leonard,49684,LB,PHI,14,17,4.3,0,0,24,55.9,62.8,81.6,64.3,66.9,64.8,6.9,4,0,303,311,5.0,15,37
Cole Holcomb,49753,LB,PIT,8,13,4.4,0,0,25,57.2,65.5,82.9,60.8,72.2,79.7,2.6,1,1,176,182,9.1,16,24
Quincy Williams,49779,LB,NYJ,17,19,2.3,1,1,22,88.7,81.1,32.3,69.2,70.4,60.1,12.8,12,5,461,475,11.3,52,63
Azeez Al-Shaair,49792,LB,TEN,17,33,3.5,0,0,31,61.3,64.7,29.7,46.8,73.7,60.3,9.4,11,4,424,434,9.7,41,73
Zaire Franklin,49834,LB,IND,16,38,4.0,0,0,14,56.4,60.9,66.6,56.8,66.1,51.9,8.5,10,2,460,471,7.6,35,69
Ryan Connelly,49840,LB,NO,1,0,,0,0,20,,60.0,65.0,,60.0,,,0,0,0,1,,0,0
Christian Rozeboom,49862,LB,LA,16,10,4.3,0,0,26,52.8,49.0,80.0,62.8,42.4,32.3,19.4,7,0,183,187,6.6,12,19
B.J. Hill,49894,DI,CIN,17,16,2.3,0,0,7,67.9,67.7,59.9,65.8,63.3,58.3,6.4,3,3,265,269,6.8,18,28
Sebastian Joseph-Day,49935,DI,SF,16,13,2.4,0,0,28,60.0,61.0,75.9,62.8,57.0,53.5,9.8,4,1,253,259,7.1,18,24
Jerry Tillery,49949,DI,LV,17,14,3.0,0,0,23,63.8,67.7,55.8,67.5,63.1,45.3,10.7,3,2,213,221,3.8,8,11
Derrick Nnadi,49970,DI,KC,17,10,2.3,0,0,16,53.7,40.6,73.9,51.8,40.9,31.3,12.1,4,2,242,250,5.0,12,19
Broderick Washington,50049,DI,BLT,16,6,3.1,0,0,3,52.7,43.8,86.2,54.3,42.9,29.8,5.6,1,0,164,166,4.3,7,11
Uchenna Nwosu,50084,ED,SEA,6,2,-0.1,1,1,29,64.9,68.5,40.2,65.7,70.0,28.1,14.3,2,2,97,97,9.3,9,10
John Franklin-Myers,50088,ED,NYJ,17,12,3.3,0,0,22,77.4,70.4,67.7,67.4,64.3,48.3,10.0,3,2,257,263,3.1,8,15
Josh Sweat,50120,ED,PHI,16,10,2.1,0,0,24,69.6,68.3,39.1,74.1,53.3,56.8,9.4,3,6,237,241,5.9,14,19
Lorenzo Carter,50126,ED,ATL,17,7,2.0,0,0,2,48.9,67.0,88.3,60.2,69.6,47.4,13.9,5,0,187,192,9.6,18,24
Ogbo Okoronkwo,50130,ED,CLV,14,6,0.3,0,0,8,75.2,65.7,74.9,63.3,59.3,82.7,4.5,1,1,149,152,8.7,13,15
Jacob Martin,50152,ED,IND,17,3,2.3,1,0,14,,62.1,58.0,71.5,49.7,37.1,12.5,1,1,84,85,3.6,3,4
Malcolm Roach,50191,DI,NO,12,8,1.5,0,0,20,58.7,72.9,84.2,62.9,72.5,59.2,5.6,2,0,132,139,17.4,23,26
Benning Potoa'e,50195,DI,WAS,1,0,2.0,0,0,32,,51.7,77.1,53.5,54.0,66.8,0.0,0,0,17,17,5.9,1,1
Arden Key,50201,ED,TEN,17,9,4.2,1,0,31,61.8,69.4,44.0,73.0,60.1,65.0,0.0,0,5,227,234,3.5,8,13
Oren Burks,50203,LB,SF,15,11,3.3,0,0,28,73.0,71.3,79.4,49.6,66.8,74.7,6.9,2,0,135,141,5.9,8,16
Rashaan Evans,50213,LB,DAL,6,3,3.5,0,0,9,54.7,45.8,91.3,50.2,47.2,80.2,0.0,0,1,39,39,5.1,2,4
Josh Hines-Allen,50235,ED,JAX,17,7,1.7,0,0,15,62.8,89.5,83.7,89.4,73.2,45.1,11.8,4,1,272,277,7.0,19,23
Marquis Haynes Sr.,50244,ED,CAR,7,1,1.9,0,0,5,60.1,71.9,81.9,56.5,84.3,61.2,8.3,1,0,51,51,13.7,7,10
Marcus Davenport,50291,ED,MIN,4,4,0.0,0,0,18,53.4,55.4,81.3,60.1,52.3,27.4,28.6,2,0,39,40,2.6,1,1
Christian Wilkins,50293,DI,MIA,17,10,2.5,0,0,17,64.5,74.9,40.2,72.8,71.5,53.4,10.0,5,6,322,331,7.1,23,35
Nik Needham,50356,CB,MIA,5,0,,0,0,17,49.2,50.3,79.6,56.3,61.7,56.8,,0,1,11,11,0.0,0,0
Tre Herndon,50380,CB,JAX,14,0,7.2,0,0,15,73.1,70.8,84.5,87.0,29.7,43.7,33.3,3,1,88,88,1.1,1,6
Isaiah Oliver,50393,CB,SF,15,4,2.6,2,0,28,70.9,67.6,17.5,58.0,59.8,51.8,17.6,3,4,144,147,4.9,7,10
Juan Thornhill,50426,S,CLV,11,6,15.2,0,0,8,60.9,67.3,51.9,83.8,79.4,83.1,12.5,4,1,233,241,1.3,3,22
Emmanuel Moseley,50430,CB,DET,1,0,,0,0,11,60.0,60.6,64.3,,60.0,,,0,0,1,1,0.0,0,0
Jalen Davis,50431,CB,CIN,7,0,1.0,0,0,7,46.5,51.4,75.5,,72.4,36.2,0.0,0,0,18,18,5.6,1,1
Mike Jackson,50437,CB,SEA,13,3,4.4,0,0,29,76.9,77.0,85.4,53.7,71.5,60.1,16.7,2,0,189,192,2.1,4,7
Sheldrick Redwine,50458,S,DAL,1,0,,0,0,9,,50.5,67.2,,53.7,23.7,100.0,1,0,7,7,0.0,0,0
Parry Nickerson,50511,CB,MIA,3,0,,0,0,17,58.0,61.1,78.3,68.4,65.8,79.9,,0,2,23,25,0.0,0,0
Mike Ford,50535,CB,CLV,10,2,8.0,0,0,8,64.2,56.8,0.0,64.7,29.7,74.6,25.0,1,1,44,45,0.0,0,1
Avonte Maddox,50543,CB,PHI,4,0,3.5,0,1,24,45.2,50.6,78.7,,76.4,59.8,0.0,0,1,37,37,2.7,1,2
Brandon Facyson,50564,CB,LV,2,0,10.0,0,0,23,55.4,51.7,75.2,,42.9,47.2,50.0,1,0,17,17,5.9,1,1
Charles Omenihu,50612,ED,KC,11,4,2.7,1,0,16,55.5,66.3,57.9,70.4,58.0,48.3,9.1,2,2,144,147,5.6,8,16
Luke Gifford,50675,LB,TEN,3,0,,0,0,31,47.3,41.8,71.8,,61.3,,,0,0,6,6,0.0,0,0
Josey Jewell,50720,LB,DEN,16,29,5.4,0,0,10,64.2,67.2,85.2,71.6,63.1,75.5,7.5,5,1,311,320,5.5,17,33
Cody Barton,50727,LB,WAS,13,21,6.1,0,0,32,66.2,53.9,17.4,61.1,43.9,82.9,5.1,4,3,346,357,5.2,18,53
Jordyn Brooks,50851,LB,SEA,16,24,3.9,1,0,29,59.9,57.3,37.0,85.0,49.3,40.9,17.1,13,2,343,347,6.7,23,39
Malik Jefferson,50884,LB,DAL,1,1,-4.0,0,0,9,,44.1,69.4,,49.3,28.8,33.3,1,0,6,6,16.7,1,1
Roquan Smith,50892,LB,BLT,16,36,3.9,0,0,3,85.5,80.1,50.3,60.1,71.1,79.2,4.8,4,2,318,324,7.5,24,43
Andre Smith,50897,LB,ATL,4,2,4.0,0,1,2,67.5,77.1,77.0,68.3,75.2,62.7,15.4,2,0,65,65,6.2,4,9
Tremaine Edmunds,50905,LB,CHI,15,10,3.8,2,0,6,58.3,56.6,86.3,42.5,57.5,61.4,13.2,7,2,282,287,7.4,21,36
Robert Spillane,50918,LB,LV,17,33,3.8,1,0,23,59.0,77.1,50.6,87.7,89.0,69.1,6.7,6,2,421,439,7.6,32,50
Leighton Vander Esch,50950,LB,DAL,5,4,4.8,0,0,9,62.4,65.5,84.3,51.0,70.0,89.0,0.0,0,0,104,105,5.8,6,13
Bobby Okereke,50954,LB,NYG,17,29,3.9,1,1,21,82.5,79.0,31.6,59.2,74.4,80.0,6.8,7,7,455,465,8.4,38,67
Ja'Whaun Bentley,50966,LB,NE,16,27,3.4,0,0,19,59.7,65.8,85.2,63.8,67.7,57.2,11.5,9,0,387,397,6.5,25,42
Frankie Luvu,51028,LB,CAR,17,26,4.2,0,0,5,67.7,80.0,86.1,90.1,74.0,50.5,14.0,12,0,457,463,5.5,25,48
Tyrel Dodson,51045,LB,BUF,14,9,2.5,0,0,4,86.8,89.5,52.2,73.7,82.6,51.1,12.5,6,1,226,233,10.6,24,33
Shaquille Quarterman,51048,LB,JAX,3,0,,0,0,15,60.0,58.6,72.3,53.8,61.8,,,0,0,5,5,0.0,0,0
Jahlani Tavai,51055,LB,NE,17,22,3.3,0,1,19,82.7,86.6,60.2,63.5,86.2,68.6,4.2,3,2,406,419,5.9,24,47
Julian Love,51081,S,SEA,17,10,6.7,1,0,29,80.4,72.8,44.8,90.0,55.2,67.3,11.8,6,3,385,388,3.9,15,35
Ben Niemann,51099,LB,DEN,1,0,,0,0,10,,60.0,60.5,,60.0,,,0,0,1,1,0.0,0,0
Taylor Rapp,51172,S,BUF,10,3,7.2,1,0,4,57.6,56.4,4.8,77.1,57.9,85.6,5.9,1,3,130,133,2.3,3,13
P.J. Locke,51189,S,DEN,12,14,8.6,0,0,10,55.2,64.0,18.7,93.3,74.8,59.1,11.1,3,2,187,193,1.6,3,10
Andre Chachere,51194,S,ARZ,12,5,10.7,0,0,1,69.4,71.1,85.6,49.3,70.1,61.9,11.8,2,0,170,174,1.2,2,10
Minkah Fitzpatrick,51206,S,PIT,10,13,9.3,0,0,25,66.6,71.3,50.8,57.7,80.0,83.6,2.9,1,3,222,228,3.2,7,21
Fred Warner,51222,LB,SF,17,20,2.9,0,1,28,84.4,90.2,65.7,77.6,90.7,51.1,14.5,11,2,292,300,7.2,21,45
Tracy Walker III,51266,S,DET,11,9,5.5,2,0,11,57.8,62.8,84.0,84.3,67.7,69.2,14.3,4,2,169,172,4.7,8,15
Drue Tranquill,51276,LB,KC,15,13,3.5,0,1,16,69.7,70.5,88.4,89.3,54.4,68.9,11.6,5,0,218,223,6.9,15,25
Mike Edwards,51282,S,KC,16,10,6.2,1,0,16,59.1,56.5,21.9,70.5,50.5,43.0,13.8,4,2,175,181,2.9,5,15
Kristian Welch,51283,LB,GB,1,0,,0,0,12,,60.0,60.4,,60.0,,,0,0,1,1,0.0,0,0
Sean Chandler,51315,S,WAS,1,0,7.0,0,0,32,59.0,59.7,78.2,,60.8,52.1,33.3,1,0,23,24,0.0,0,2
Terrell Edmunds,51334,S,TEN,13,2,7.9,0,0,31,60.3,63.0,6.7,76.1,70.2,80.2,7.7,1,2,128,130,2.3,3,10
Will Harris,51336,CB,DET,9,3,6.7,0,0,11,41.4,43.8,80.2,46.4,61.6,58.6,14.3,1,2,55,58,1.8,1,3
Micah Abernathy,51344,S,ATL,3,0,,0,0,2,58.0,57.5,80.7,57.2,60.0,79.0,,0,0,4,4,0.0,0,0
Derwin James Jr.,51368,S,LAC,16,23,6.3,1,0,27,57.0,60.1,0.0,69.5,74.4,69.9,10.8,7,8,394,400,3.0,12,35
Amani Hooker,51378,S,TEN,13,5,7.7,0,0,31,65.0,67.5,87.6,48.3,71.1,71.5,8.6,3,0,345,353,3.2,11,27
Marcus Epps,51391,S,LV,17,10,5.9,0,1,23,62.3,65.4,87.7,57.5,69.7,54.1,18.9,7,0,388,404,2.1,8,20
Roderic Teamer,51405,S,LV,4,0,,0,0,23,47.3,51.9,71.7,,65.5,83.0,,0,0,26,27,0.0,0,0
Jaylinn Hawkins,51423,S,LAC,8,2,10.6,0,0,27,50.6,53.4,82.1,,70.1,74.3,0.0,0,0,49,49,4.1,2,5
Kaden Elliss,51485,LB,ATL,17,18,4.2,0,0,2,64.8,75.4,73.9,73.3,79.0,79.3,4.1,3,2,438,448,6.8,30,52
J.T. Gray,51495,S,NO,2,0,,0,0,20,62.6,45.7,72.3,,60.0,77.3,,0,0,2,2,0.0,0,0
Dre Greenlaw,51503,LB,SF,15,16,4.5,1,0,28,72.1,69.3,0.0,57.1,70.9,62.3,10.9,6,5,242,247,6.6,16,33
Kenny Moore II,51596,CB,IND,16,9,2.6,0,0,14,78.4,76.8,31.9,68.1,71.5,59.7,15.4,6,5,456,467,3.1,14,24
Nicholas Morrow,51674,LB,PHI,15,18,3.5,0,1,24,62.6,71.5,62.3,81.1,75.6,75.1,4.8,3,2,292,300,8.9,26,42
Khyiris Tonga,52000,DI,MIN,13,2,1.6,0,0,18,71.6,67.7,82.5,70.4,58.1,74.3,0.0,0,0,104,109,4.8,5,9
Austin Trammell,52195,WR,LA,2,0,,0,0,26,,60.1,60.0,,60.0,,,0,0,2,2,0.0,0,0
Paulson Adebo,52280,CB,NO,15,8,10.1,2,0,20,80.5,78.6,66.2,52.0,66.4,79.2,10.7,3,9,365,377,2.2,8,17
Ivan Pace Jr.,53587,LB,MIN,17,18,4.1,1,0,18,77.7,77.1,86.4,78.0,61.2,67.0,10.3,6,1,267,276,6.0,16,34
Carrington Valentine,53750,CB,GB,13,1,4.9,0,0,12,60.1,57.5,85.8,,40.7,56.6,33.3,4,2,262,270,1.1,3,7
Benton Whitley,54444,ED,NYG,2,0,,0,0,21,60.0,30.0,73.1,51.4,55.7,25.0,,0,0,6,6,0.0,0,0
D.J. Montgomery,55003,WR,IND,1,0,,0,0,14,,59.9,60.0,,60.0,,,0,0,1,1,0.0,0,0
Malcolm Koonce,55015,ED,LV,17,4,2.5,1,0,23,67.0,81.3,77.7,78.9,66.3,51.4,13.8,4,1,143,148,11.2,16,21
Darrick Forrest,55087,S,WAS,5,5,9.5,0,0,32,58.4,61.1,83.7,51.5,66.9,47.9,15.8,3,0,127,130,3.9,5,11
Coby Bryant,55088,S,SEA,5,4,3.0,0,0,29,38.7,34.0,78.3,75.3,28.0,48.4,14.3,1,0,47,49,4.3,2,2
Boye Mafe,55220,ED,SEA,16,7,6.4,0,0,29,53.5,73.9,71.4,77.8,61.3,44.7,11.9,5,2,334,336,5.7,19,30
Mark Robinson,55265,LB,PIT,8,5,3.2,0,1,25,37.2,54.6,77.0,64.4,69.8,81.3,5.6,1,1,84,85,8.3,7,12
Kalia Davis,55389,DI,SF,3,0,,0,0,28,59.8,47.4,78.1,64.4,37.9,67.3,,0,0,20,20,0.0,0,0
Ja'Sir Taylor,55426,CB,LAC,12,2,5.0,1,0,27,58.0,56.2,83.6,53.4,47.3,29.9,14.3,1,3,152,157,1.3,2,4
Elijah Hicks,55584,S,CHI,12,3,8.7,0,0,6,40.2,46.2,86.8,76.5,67.4,29.8,7.1,1,0,160,163,1.9,3,10
A.J. Terrell,55586,CB,ATL,17,3,6.0,0,0,2,74.6,74.6,68.7,,70.0,47.6,7.7,1,7,444,454,1.1,5,9
Josh Blackwell,55589,CB,CHI,2,1,2.0,0,0,6,24.8,28.5,72.8,60.3,84.4,83.1,0.0,0,0,9,9,11.1,1,1
Marco Wilson,55592,CB,NE,12,5,9.0,0,0,19,40.4,41.7,86.8,48.0,50.8,53.6,23.1,3,4,300,304,0.0,0,5
CJ Henderson,55593,CB,CAR,11,3,13.4,2,0,5,43.9,45.4,83.3,79.2,46.9,61.3,23.5,4,3,203,206,0.5,1,10
Lonnie Johnson Jr.,55615,S,NO,6,0,11.0,1,0,20,61.6,62.7,81.6,55.4,64.0,29.7,0.0,0,1,12,12,0.0,0,1
Amik Robertson,55619,CB,LV,13,3,5.6,1,0,23,65.8,63.4,29.6,74.7,54.5,53.2,9.1,1,5,239,251,1.7,4,7
Russ Yeast,55629,S,LA,16,13,11.1,1,0,26,55.1,57.0,66.1,61.3,61.7,33.1,15.2,5,3,284,292,0.4,1,15
DeeJay Dallas,55632,HB,SEA,1,0,,1,0,29,60.0,42.0,0.0,,62.2,71.4,,0,1,0,1,,0,0
Josiah Scott,55634,CB,PHI,1,0,,0,0,24,59.3,60.0,71.7,,60.0,73.0,,0,0,3,3,0.0,0,0
Shaun Wade,55673,CB,NE,11,0,6.0,0,0,19,59.1,62.2,84.2,,73.2,69.2,0.0,0,1,132,135,1.5,2,3
Jeff Okudah,55674,CB,ATL,13,6,6.6,1,0,2,46.0,50.5,85.2,,68.8,66.9,6.3,1,5,222,226,2.7,6,9
Tre Brown,55677,CB,SEA,14,1,4.8,1,0,29,64.1,62.8,1.7,80.5,64.0,48.1,22.2,2,9,220,223,1.4,3,6
Deommodore Lenoir,55686,CB,SF,17,13,8.4,1,0,28,72.6,72.5,47.0,62.7,72.1,73.3,14.3,5,7,291,298,2.4,7,17
Tariq Castro-Fields,55689,CB,WAS,1,1,,0,0,32,29.2,29.4,74.5,,48.8,27.5,50.0,1,1,10,10,0.0,0,0
Marcus Jones,55717,CB,NE,2,0,3.0,0,0,19,61.0,64.2,77.3,,72.9,78.0,0.0,0,0,14,14,7.1,1,1
Darious Williams,55724,CB,JAX,17,1,15.2,0,0,15,85.3,79.5,89.0,57.1,29.9,58.0,40.0,4,0,324,328,0.0,0,5
Ja'Marcus Ingram,55738,CB,BUF,1,0,,0,0,4,60.0,63.0,70.2,,60.9,,,0,0,7,7,0.0,0,0
Xavier McKinney,55775,S,NYG,17,15,7.9,0,1,21,91.2,87.5,50.8,58.5,70.5,89.1,7.1,4,2,455,465,2.9,13,37
Montaric Brown,55797,CB,JAX,8,4,10.5,0,0,15,54.5,51.3,85.6,,32.9,28.5,45.5,5,0,154,157,0.6,1,2
Kamren Curl,55800,S,WAS,16,17,6.4,1,1,32,67.8,66.6,86.5,49.5,63.1,67.9,11.9,7,1,419,429,2.6,11,35
Eric Stokes,55912,CB,GB,2,0,5.0,0,0,12,45.9,51.5,80.1,,76.1,79.6,0.0,0,0,40,41,2.5,1,3
Ameer Speed,55918,CB,IND,3,0,-15.0,0,0,14,60.0,72.0,70.1,,72.5,72.3,0.0,0,0,12,12,16.7,2,2
Grant Stuard,55933,LB,IND,3,0,1.0,0,0,14,33.7,32.6,73.5,49.6,52.1,32.8,50.0,1,0,13,14,7.7,1,1
Bryan Cook,55940,S,KC,12,7,11.0,0,0,16,63.1,65.2,88.0,,66.4,58.1,21.7,5,0,212,215,0.9,2,11
Nate Hobbs,55948,CB,LV,13,7,5.9,1,0,23,68.1,69.0,36.3,45.8,78.8,42.3,13.8,4,4,272,281,2.6,7,18
Tony Adams,55953,S,NYJ,15,21,6.1,0,0,22,65.2,68.0,89.6,56.2,69.7,53.2,12.5,8,2,356,365,4.5,16,35
Raheem Layne,55960,S,LAC,1,0,7.5,0,0,27,62.6,61.5,0.0,60.0,68.1,80.1,0.0,0,1,23,24,0.0,0,2
Geno Stone,55967,S,BLT,17,7,7.7,0,0,3,84.9,71.9,90.4,48.5,33.1,51.5,31.0,9,0,286,291,0.3,1,13
A.J. Parker,55983,CB,CAR,1,0,,0,0,5,65.0,65.2,73.6,,61.5,34.9,,0,0,9,10,0.0,0,0
Markquese Bell,56033,LB,DAL,17,11,4.8,1,0,9,87.6,80.0,55.6,69.0,62.9,79.7,3.8,2,3,243,246,7.4,18,39
Mike Brown,56054,S,TEN,6,0,10.0,0,0,31,58.7,60.3,0.0,59.1,76.0,84.4,0.0,0,1,36,36,2.8,1,3
Ambry Thomas,56058,CB,SF,12,2,4.0,0,0,28,70.5,71.5,86.6,,70.0,86.0,0.0,0,2,118,119,1.7,2,3
Benjamin St-Juste,56061,CB,WAS,16,6,7.3,2,1,32,56.4,59.9,29.8,77.2,75.1,58.0,5.6,1,11,405,413,1.7,7,11
Reed Blankenship,56065,S,PHI,15,15,9.4,0,0,24,78.0,73.4,71.2,59.2,61.2,70.7,10.6,5,1,306,316,2.0,6,27
Nephi Sewell,56107,LB,NO,6,1,-1.0,0,1,20,81.0,85.6,90.7,52.1,78.2,82.3,0.0,0,0,31,32,16.1,5,5
Damarri Mathis,56143,CB,DEN,9,4,13.0,2,0,10,36.7,35.2,84.8,53.4,34.2,29.5,36.8,7,4,180,184,1.1,2,8
Jason Pinnock,56144,S,NYG,16,16,8.0,0,1,21,64.8,67.8,90.2,66.2,67.9,58.4,13.0,7,1,414,424,2.7,11,31
Tre Avery,56146,CB,TEN,9,0,4.5,2,0,31,46.2,44.2,84.7,68.5,30.1,66.8,50.0,2,5,146,148,0.7,1,2
DaRon Bland,56158,CB,DAL,17,7,10.3,0,0,9,89.9,90.4,88.8,71.6,86.5,68.8,8.0,2,4,365,368,1.4,5,16
Marte Mapu,56159,S,NE,12,1,8.5,0,0,19,54.0,50.0,10.0,59.5,51.4,62.3,0.0,0,2,90,92,1.1,1,2
Keisean Nixon,56167,CB,GB,17,9,3.3,0,0,12,60.3,59.0,60.2,68.6,53.2,43.1,17.2,5,4,260,268,4.2,11,15
Ifeatu Melifonwu,56203,S,DET,10,3,4.3,1,0,11,80.9,85.6,83.4,92.0,67.2,58.8,16.7,3,1,117,118,6.0,7,12
Quentin Lake,56245,CB,LA,13,2,4.8,0,0,26,68.0,71.2,83.1,64.5,77.3,84.6,6.7,1,3,119,125,4.2,5,12
Darnay Holmes,56247,CB,NYG,7,0,5.0,0,0,21,68.7,63.9,79.0,54.1,44.0,68.4,50.0,1,1,42,44,0.0,0,1
Jaylon Johnson,56259,CB,CHI,14,1,4.0,1,0,6,90.4,90.1,88.8,,67.2,46.4,20.0,2,6,274,279,1.8,5,7
Elijah Molden,56290,S,TEN,14,17,6.7,0,0,31,52.4,56.0,84.7,53.8,66.1,79.3,7.0,3,2,237,240,4.2,10,23
Jalen Harris,56321,ED,WAS,5,1,3.2,0,0,32,61.5,59.3,83.6,53.7,61.0,75.5,0.0,0,0,44,45,4.5,2,5
BJ Thompson,56330,ED,KC,1,0,4.0,0,0,16,,49.0,78.8,59.0,43.7,27.8,50.0,1,0,8,8,0.0,0,1
Chris Rumph II,56345,ED,LAC,6,3,2.8,0,0,27,64.4,58.2,81.9,59.9,50.4,76.9,0.0,0,0,31,33,12.9,4,4
Victor Dimukeje,56347,ED,ARZ,16,5,2.1,0,1,1,65.8,67.5,86.0,66.7,60.5,70.3,0.0,0,0,189,195,4.8,9,12
Zach Carter,56349,DI,CIN,17,7,2.9,0,1,7,66.5,51.2,71.9,53.9,49.1,57.3,4.3,1,1,237,241,3.8,9,15
A.J. Epenesa,56369,ED,BUF,15,8,0.0,1,0,4,85.2,80.3,60.1,75.9,59.8,41.2,8.3,1,2,152,159,2.0,3,3
Andre Jones Jr.,56395,ED,WAS,9,2,3.0,0,0,32,64.3,52.6,86.4,52.2,48.3,50.2,25.0,1,0,71,75,1.4,1,1
Neil Farrell Jr.,56401,DI,KC,3,0,0.5,0,0,16,,65.3,77.2,59.1,65.2,28.3,33.3,1,0,19,19,10.5,2,2
Earnest Brown IV,56428,DI,LA,7,2,5.0,0,0,26,55.3,54.8,78.7,59.6,62.1,71.2,0.0,0,0,24,25,0.0,0,1
Chase Young,56436,ED,SF,16,1,1.3,1,0,28,72.3,74.4,53.7,75.8,60.8,41.2,20.0,3,4,243,247,4.5,11,11
Yetur Gross-Matos,56444,ED,CAR,12,11,1.8,0,0,5,56.3,65.4,54.8,65.2,66.4,49.9,10.0,3,2,218,221,6.4,14,16
Patrick Johnson,56460,ED,PHI,3,0,0.0,0,0,24,61.7,47.3,77.6,46.1,53.9,23.6,50.0,1,0,16,16,6.3,1,1
Cam Sample,56462,ED,CIN,17,4,3.9,0,0,7,49.8,61.6,69.6,62.4,61.8,82.2,4.5,1,1,151,155,6.6,10,17
Matt Henningsen,56484,DI,DEN,17,3,3.6,0,0,10,58.9,46.6,83.7,54.2,46.1,29.6,15.8,3,0,111,114,6.3,7,13
LaBryan Ray,56501,DI,CAR,16,4,3.6,0,0,5,60.7,54.6,83.2,44.9,59.2,65.4,4.8,1,0,215,217,4.7,10,16
Isaiah Buggs,56503,DI,DET,10,4,2.9,0,0,11,63.3,62.3,84.5,59.5,58.5,49.1,7.7,1,0,107,110,6.5,7,8
Phidarian Mathis,56504,DI,WAS,10,3,4.2,0,0,32,60.0,42.7,83.6,66.5,32.2,55.3,10.0,1,0,104,106,2.9,3,6
D.J. Davidson,56523,DI,NYG,15,3,2.7,0,0,21,,51.6,33.5,68.1,47.7,28.6,20.0,3,2,128,131,5.5,7,9
T.J. Slaton,56597,DI,GB,17,11,2.1,1,0,12,60.0,65.1,77.1,61.3,61.9,47.7,10.9,6,1,345,350,9.6,33,38
Malik Herring,56616,ED,KC,7,2,0.6,0,1,16,72.3,62.3,85.6,55.0,61.5,51.6,12.5,1,0,64,65,6.3,4,5
Payton Turner,56624,ED,NO,2,1,,0,0,20,,60.5,78.2,58.2,60.5,70.5,0.0,0,0,12,12,0.0,0,0
Mike Greene,56664,DI,TB,10,3,,0,0,30,67.1,40.4,47.2,59.5,29.5,42.9,25.0,1,1,70,70,0.0,0,0
Phil Hoskins,56672,DI,ARZ,5,3,4.2,0,0,1,,45.9,80.6,53.3,46.1,51.1,11.1,1,0,65,67,4.6,3,5
Quinton Bohanna,56673,DI,TEN,6,2,-0.1,0,0,31,,59.1,33.6,50.1,65.0,72.9,0.0,0,1,74,75,9.5,7,8
Milton Williams,56682,DI,PHI,16,7,1.7,0,1,24,66.8,69.7,70.4,58.8,72.3,39.7,10.8,4,1,183,187,11.5,21,26
DJ Johnson,56704,ED,CAR,13,4,3.0,0,0,5,43.9,50.4,83.3,53.3,53.1,48.6,13.3,2,0,133,134,5.3,7,9
Kwity Paye,56713,ED,IND,16,11,3.0,0,0,14,57.6,74.3,91.6,62.2,78.1,67.9,4.9,2,0,282,287,6.4,18,28
Jordan Elliott,56734,DI,CLV,17,4,3.1,1,0,8,65.5,46.5,3.7,62.3,45.5,47.8,15.8,3,6,201,207,3.5,7,12
Jordon Riley,56759,DI,NYG,8,2,3.6,0,0,21,60.0,33.1,82.6,51.6,32.3,33.1,18.2,2,0,75,75,5.3,4,7
Kurt Hinish,56787,DI,HST,17,6,1.3,0,0,13,52.7,40.0,27.9,54.1,45.0,28.8,13.0,3,4,216,225,4.6,10,14
Austin Faoliu,56800,DI,SEA,2,0,5.0,0,0,29,,64.5,76.7,65.6,61.0,23.1,50.0,1,0,15,16,0.0,0,1
Javon Kinlaw,56834,DI,SF,17,4,2.7,1,0,28,60.0,49.6,40.8,70.3,31.3,76.0,0.0,0,3,152,152,6.6,10,13
Kingsley Jonathan,56856,ED,BUF,7,1,3.5,0,0,4,60.7,77.7,81.0,74.7,63.3,53.0,25.0,1,0,23,24,8.7,2,2
Arnold Ebiketie,56862,ED,ATL,17,6,4.6,0,0,2,44.4,61.4,86.0,70.1,54.8,63.0,0.0,0,0,136,138,1.5,2,5
Ta'Quon Graham,56868,DI,ATL,15,9,2.7,0,0,2,58.4,59.1,66.9,58.7,59.8,55.0,9.1,2,1,183,188,3.8,7,11
Micheal Clemons,56872,ED,NYJ,16,8,3.4,0,1,22,63.1,65.9,73.7,57.9,66.3,39.7,16.1,5,1,203,210,5.4,11,18
Jaelan Phillips,56902,ED,MIA,8,8,3.2,1,0,17,64.6,79.8,86.7,71.2,77.7,77.5,3.3,1,1,123,126,12.2,15,21
Jay Tufele,56913,DI,CIN,9,5,6.5,0,0,7,60.0,47.8,80.3,54.3,47.2,56.3,10.0,1,0,54,54,1.9,1,4
Dayo Odeyingbo,56923,ED,IND,17,6,2.3,0,1,14,60.0,56.9,27.7,68.2,49.1,60.4,10.7,3,6,249,257,6.0,15,19
DeAngelo Malone,56941,ED,ATL,2,0,2.0,0,0,2,,61.2,66.1,58.3,60.0,70.6,0.0,0,0,2,2,0.0,0,1
Cory Durden,56976,DI,LA,4,3,2.0,0,0,26,69.5,36.3,77.6,57.4,29.3,40.2,20.0,1,0,21,21,0.0,0,1
Larrell Murchison,57004,DI,LA,15,5,2.8,0,0,26,,49.5,83.9,46.3,54.6,62.8,0.0,0,0,120,124,7.5,9,12
Marlon Tuipulotu,57035,DI,PHI,13,5,2.3,0,0,24,60.0,59.0,81.7,55.3,59.7,58.8,5.6,1,0,78,80,11.5,9,12
Brandon Pili,57036,DI,MIA,3,0,3.5,0,0,17,,55.6,75.9,52.3,59.4,69.0,0.0,0,0,16,16,12.5,2,2
Troy Andersen,57317,LB,ATL,2,5,0.5,0,0,2,56.0,50.6,78.6,56.6,48.2,43.3,30.0,3,1,52,56,3.8,2,2
Jack Gibbens,57662,LB,TEN,14,22,3.7,0,0,31,61.3,71.2,83.3,77.4,72.9,75.0,5.6,4,0,310,316,9.4,29,45
D'Marco Jackson,57691,LB,NO,2,1,3.0,0,0,20,32.0,40.4,69.8,60.0,72.2,78.8,0.0,0,0,3,3,33.3,1,1
Tony Fields II,57698,LB,CLV,14,6,9.8,0,0,8,54.6,49.8,78.8,48.2,50.8,69.9,6.7,1,0,109,113,2.8,3,8
Jon Rhattigan,57718,LB,SEA,3,3,6.0,0,0,29,65.2,72.3,69.8,59.3,70.1,57.1,0.0,0,0,12,13,8.3,1,2
Chandler Wooten,57726,LB,CAR,2,3,,0,0,5,58.3,54.3,75.9,55.9,55.2,79.4,0.0,0,0,27,27,0.0,0,0
K.J. Britt,57727,LB,TB,9,5,2.4,0,0,30,77.0,79.3,78.4,63.4,71.0,79.1,6.7,1,0,65,66,10.8,7,9
Jalen Pitre,57737,S,HST,15,15,4.3,2,2,13,58.7,61.6,40.7,68.5,67.1,56.1,17.0,9,4,340,349,5.3,18,29
Terrel Bernard,57739,LB,BUF,17,30,3.2,0,0,4,53.4,64.0,86.9,78.2,68.3,44.5,12.0,11,3,345,355,9.6,33,51
Isaiah McDuffie,57754,LB,GB,13,21,4.0,0,0,12,59.0,58.4,48.3,64.4,57.9,75.2,5.6,3,2,202,208,7.4,15,30
Baylon Spector,57782,LB,BUF,3,1,1.0,0,0,4,41.2,46.0,73.4,60.0,61.9,77.1,0.0,0,0,12,13,16.7,2,2
Nate Landman,57788,LB,ATL,16,22,2.7,0,2,2,56.7,72.0,85.7,52.7,85.4,58.6,6.8,6,1,365,371,12.6,46,60
Matthew Jackson,57797,S,TEN,1,1,,0,0,31,,64.1,63.4,,60.6,75.2,0.0,0,0,2,2,0.0,0,0
James Houston,57810,ED,DET,2,0,,1,0,11,44.1,47.2,76.9,64.7,45.6,73.0,,0,1,8,8,0.0,0,0
Mykal Walker,57834,LB,PIT,8,9,1.8,0,0,25,54.2,52.9,79.8,68.0,50.2,60.6,19.0,4,1,118,120,6.8,8,8
Monty Rice,57839,LB,NO,5,5,4.0,0,0,20,63.8,69.4,76.3,50.4,71.1,72.1,7.7,1,0,45,46,11.1,5,7
Robert Beal Jr.,57840,ED,SF,3,1,2.0,0,0,28,60.0,62.8,80.0,53.7,70.0,74.0,0.0,0,0,12,12,8.3,1,1
Del'Shawn Phillips,57868,LB,BLT,7,3,2.2,0,0,3,86.9,56.7,74.3,54.9,30.0,42.1,27.3,3,0,43,43,4.7,2,5
Jake Hummel,57879,LB,LA,5,0,,0,0,26,76.2,75.5,74.3,57.7,58.6,59.0,,0,0,8,8,0.0,0,0
Jamin Davis,57905,LB,WAS,13,20,2.7,0,0,32,56.5,67.6,59.1,71.6,76.1,77.6,3.3,2,3,291,296,8.6,25,39
Josh Paschal,57908,ED,DET,12,8,2.9,0,0,11,64.2,62.1,88.1,53.7,65.5,43.7,12.0,3,0,134,136,6.7,9,14
Patrick Queen,57941,LB,BLT,17,19,3.8,0,0,3,74.8,73.1,69.6,70.1,64.8,49.3,11.9,8,1,347,353,5.8,20,40
K'Lavon Chaisson,57945,ED,JAX,17,1,1.0,0,0,15,60.1,54.7,24.0,58.2,58.0,78.7,0.0,0,3,97,98,5.2,5,6
J.J. Russell,57958,LB,TB,1,1,7.0,0,0,30,67.8,79.2,77.4,75.0,69.9,80.8,0.0,0,0,34,34,2.9,1,4
Willie Gay,57987,LB,KC,16,12,3.3,0,1,16,38.9,53.3,84.3,53.7,71.3,57.2,4.9,2,0,264,271,6.4,17,27
Jeremiah Owusu-Koramoah,58089,LB,CLV,16,14,1.2,1,0,8,70.0,75.3,64.0,84.2,68.9,54.4,18.2,12,2,289,294,12.5,36,40
Pete Werner,58093,LB,NO,16,18,2.7,0,0,20,47.6,57.5,87.8,52.0,70.4,71.0,10.2,6,3,358,374,6.4,23,35
Baron Browning,58095,ED,DEN,10,3,3.0,0,1,10,46.4,74.5,22.8,74.7,80.7,53.8,5.9,1,4,157,164,5.7,9,13
Kenneth Murray Jr.,58099,LB,LAC,15,13,3.6,0,0,27,54.4,52.1,66.1,63.9,48.2,68.2,6.9,4,1,372,380,7.3,27,41
Derrick Barnes,58120,LB,DET,16,19,2.2,0,0,11,54.0,62.1,88.8,59.0,69.0,63.6,8.6,5,0,266,272,9.4,25,34
Buddy Johnson,58189,LB,DAL,1,0,3.0,0,0,9,62.2,67.4,64.4,,60.7,75.8,0.0,0,0,1,1,100.0,1,1
Devin Lloyd,58238,LB,JAX,15,23,4.5,1,0,15,67.8,78.1,45.1,59.2,90.3,65.7,8.1,6,4,338,342,8.3,28,45
Joe Tryon-Shoyinka,58272,ED,TB,17,8,3.6,0,0,30,65.0,65.5,27.4,69.0,62.1,48.5,13.9,5,5,207,210,9.2,19,23
Stone Smartt,60492,TE,LAC,1,0,,0,0,27,,60.0,60.0,,60.0,,,0,2,1,1,0.0,0,0
Michael Carter II,60644,CB,NYJ,15,4,7.9,0,1,22,83.3,80.4,84.5,52.8,63.5,73.3,4.8,1,1,215,219,3.7,8,16
James Pierre,60649,CB,PIT,2,0,,0,0,25,37.3,39.7,75.7,,60.9,75.7,,0,2,3,3,0.0,0,0
Grant Delpit,60685,S,CLV,13,9,4.9,0,0,8,75.5,70.0,83.9,71.5,53.4,55.0,20.7,12,1,291,298,5.8,17,37
Malcolm Rodriguez,60731,LB,DET,9,2,0.8,0,0,11,46.5,51.7,78.2,58.7,63.5,55.4,11.1,1,0,41,42,12.2,5,6
Garret Wallow,60761,LB,TEN,3,0,3.7,0,0,31,62.6,67.5,73.9,56.1,70.0,63.0,0.0,0,0,19,19,5.3,1,3
Isaiah Pola-Mao,60781,S,LV,8,1,6.8,0,0,23,66.6,55.4,80.7,69.1,30.4,62.5,33.3,3,0,63,64,1.6,1,5
Derrek Pitts Jr.,60785,CB,TB,1,0,6.0,0,0,30,36.7,43.5,71.0,,64.5,26.8,0.0,0,0,11,11,0.0,0,1
Hunter Long,60859,TE,LA,1,0,,1,0,26,,60.0,60.0,,60.0,,,0,1,1,1,0.0,0,0
Brady Russell,60876,TE,SEA,1,0,,0,0,29,60.0,62.1,64.3,,60.0,,,0,0,0,1,,0,0
Peyton Hendershot,60915,TE,DAL,1,0,,0,0,9,60.0,51.2,60.1,60.0,60.0,68.5,,0,2,1,1,0.0,0,0
Keion White,60998,ED,NE,16,6,1.9,0,0,19,83.8,64.2,87.1,52.3,67.8,44.4,12.0,3,0,203,211,6.9,14,16
Noah Igbinoghene,61155,CB,DAL,2,0,,0,0,9,29.7,31.9,74.9,,60.8,,,0,0,8,8,0.0,0,0
Lynn Bowden Jr.,61361,WR,NO,1,0,,0,0,20,,59.9,60.0,,60.0,,,0,0,1,1,0.0,0,0
Dominique Robinson,61436,ED,CHI,11,2,4.0,0,0,6,62.9,35.3,41.6,45.5,33.2,44.4,11.1,1,2,76,77,2.6,2,6
Daiyan Henley,61500,LB,LAC,4,1,9.5,0,0,27,69.4,69.9,75.6,55.2,64.5,83.1,0.0,0,0,18,18,0.0,0,2
Tim Jones,61669,WR,JAX,1,0,,0,0,15,,60.1,89.4,,60.0,,,0,0,1,1,0.0,0,0
Tariq Woolen,61790,CB,SEA,16,3,12.7,1,0,29,75.0,67.1,47.5,52.0,37.3,38.6,50.0,10,9,391,395,0.5,2,7
Alex Cook,61805,S,CAR,4,0,1.0,0,0,5,56.6,56.6,81.7,60.0,58.4,29.0,50.0,4,0,73,73,4.1,3,4
Christian Elliss,61853,LB,NE,5,2,5.6,0,0,19,36.4,45.4,77.2,67.4,61.6,47.7,7.7,1,0,43,43,9.3,4,10
Joey Blount,62771,S,ARZ,4,1,,0,0,1,72.6,66.9,73.4,,48.6,79.4,0.0,0,0,13,13,0.0,0,0
Theo Jackson,62919,S,MIN,9,0,,0,0,18,69.2,67.6,81.1,65.0,47.3,32.8,100.0,1,0,20,20,0.0,0,0
Matthew Butler,62931,DI,LV,2,1,,0,0,23,,65.6,72.4,63.0,62.0,66.8,0.0,0,0,3,4,0.0,0,0
Jordan Mason,62946,HB,SF,1,0,,0,0,28,,60.0,60.0,,60.0,,,0,0,1,1,0.0,0,0
Jack Cochrane,63345,LB,KC,9,1,4.2,0,0,16,56.9,54.0,84.3,52.6,53.8,73.7,7.7,1,0,65,67,6.2,4,11
Montrell Washington,64310,WR,KC,1,0,,0,0,16,,60.0,60.0,,60.0,,,0,0,1,1,0.0,0,0
Akayleb Evans,65033,CB,MIN,15,8,5.2,1,2,18,52.6,54.9,86.8,62.9,60.2,29.6,35.7,10,4,318,326,1.9,6,10
Samuel Womack III,65771,CB,SF,3,0,,0,0,28,65.7,66.5,78.8,60.0,65.7,44.0,,0,0,27,27,0.0,0,0
John Ridgeway,66694,DI,WAS,17,10,3.2,0,0,32,60.0,39.5,86.1,56.7,33.8,42.0,6.7,2,0,185,191,6.5,12,18
Zyon McCollum,66769,CB,TB,14,3,7.4,1,0,30,47.3,52.1,87.4,60.0,71.4,56.3,18.8,3,3,270,274,1.9,5,10
Tristin McCollum,66771,S,PHI,1,1,3.3,0,0,24,65.7,76.6,73.7,,78.9,82.7,0.0,0,0,10,10,20.0,2,3
Josh Hayes,66798,CB,TB,2,0,0.0,0,0,30,53.7,55.3,74.0,,60.4,76.5,0.0,0,0,16,16,6.3,1,1
Kobie Turner,66894,DI,LA,17,12,2.2,0,0,26,62.7,83.8,77.3,80.5,71.0,43.7,11.1,5,1,209,219,11.5,24,28
Zach Sieler,66917,DI,MIA,17,13,2.5,1,1,17,64.3,68.1,60.3,68.0,63.2,29.5,10.4,5,3,315,325,7.0,22,30
Dennis Gardeck,66928,ED,ARZ,17,2,4.1,0,0,1,61.9,67.6,54.9,81.2,44.5,52.7,22.2,6,2,153,156,9.2,14,19
Jonathan Owens,66930,S,GB,15,8,5.4,0,0,12,62.1,61.9,59.1,71.2,59.7,78.6,14.3,5,4,295,302,3.1,9,22
Tavierre Thomas,66931,CB,HST,7,6,6.6,0,0,13,69.5,72.2,81.8,44.3,83.2,60.8,13.3,2,3,110,113,2.7,3,7
Drake Jackson,70839,ED,SF,8,1,7.0,0,0,28,70.9,62.6,87.3,64.1,38.9,75.3,0.0,0,0,40,42,0.0,0,1
Trent McDuffie,72191,CB,KC,16,8,7.2,1,0,16,78.3,82.9,87.6,91.7,70.7,57.6,18.9,7,2,360,368,3.1,11,22
Chad Muma,75818,LB,JAX,10,1,4.0,0,0,15,55.8,38.1,0.0,53.7,29.9,35.9,16.7,1,1,54,54,3.7,2,4
Mario Goodrich,76578,CB,PHI,3,1,,0,0,24,48.6,50.4,75.0,,62.4,26.2,0.0,0,0,11,11,0.0,0,0
Asante Samuel Jr.,76625,CB,LAC,17,5,4.3,1,0,27,75.6,73.9,69.9,59.1,60.6,42.7,33.3,4,4,431,438,0.5,2,3
Andre Cisco,76641,S,JAX,15,5,10.1,0,0,15,71.5,68.9,35.9,56.7,66.1,63.2,13.0,3,2,273,277,2.6,7,15
Juanyeh Thomas,76655,S,DAL,12,5,5.3,0,0,9,85.9,81.1,80.0,53.3,58.3,47.2,25.0,3,0,79,79,2.5,2,4
Chamarri Conner,76662,S,KC,15,2,6.3,0,0,16,70.2,72.7,84.9,51.4,75.5,51.7,18.2,2,0,92,94,3.3,3,7
DJ Ivey,76670,CB,CIN,3,0,,0,0,7,88.5,86.8,75.5,,60.2,72.8,,0,0,7,7,0.0,0,0
Quindell Johnson,76689,S,CHI,2,0,,0,0,6,56.6,57.4,77.5,,61.9,78.0,,0,0,11,12,0.0,0,0
Caden Sterns,76725,S,DEN,1,0,,0,0,10,60.0,62.5,62.6,,60.0,,,0,0,1,1,0.0,0,0
Anthony Johnson Jr.,76736,S,GB,6,1,19.0,0,0,12,52.1,45.6,23.4,,37.4,29.4,40.0,4,1,93,96,1.1,1,5
Ekow Boye-Doe,76742,CB,KC,1,0,,0,0,16,66.3,66.9,72.3,,60.0,,,0,0,5,5,0.0,0,0
D'Shawn Jamison,76791,CB,CAR,6,0,4.5,0,0,5,43.5,47.2,78.5,77.3,53.1,78.9,0.0,0,0,46,46,2.2,1,2
KJ Henry,76808,ED,WAS,9,1,2.1,0,0,32,62.1,56.9,88.5,53.4,57.4,51.9,16.7,3,1,119,122,8.4,10,14
Myjai Sanders,76816,ED,HST,7,4,1.3,0,0,13,,67.7,84.6,58.6,71.3,75.6,0.0,0,0,53,54,7.5,4,4
Ronnie Perkins,76830,ED,DEN,7,3,2.6,0,0,10,44.8,38.9,53.8,52.4,40.3,29.2,16.7,2,1,64,65,4.7,3,7
Tyler Lacy,76836,DI,JAX,15,5,2.7,0,0,15,60.0,58.2,81.1,55.3,59.1,75.0,0.0,0,0,69,71,5.8,4,7
Ochaun Mathis,76838,ED,LA,6,1,,0,0,26,64.0,52.6,79.3,50.7,58.2,72.8,0.0,0,0,19,19,0.0,0,0
Will McDonald IV,76842,ED,NYJ,15,2,2.5,0,0,22,63.1,71.6,86.0,68.9,63.2,59.8,11.1,1,0,81,82,4.9,4,6
Desjuan Johnson,76850,DI,LA,9,3,0.5,0,0,26,,58.1,80.3,53.4,62.7,73.1,0.0,0,0,41,42,7.3,3,4
Nesta Jade Silvera,76888,DI,LV,2,0,3.0,0,0,23,60.0,43.9,75.6,52.2,46.7,68.7,0.0,0,0,12,12,8.3,1,1
Greg Rousseau,76889,ED,BUF,16,4,1.1,0,1,4,77.6,85.6,89.9,73.4,78.3,42.8,6.9,2,0,195,199,9.2,18,23
Travis Jones,76914,DI,BLT,17,10,2.4,0,0,3,54.9,70.6,72.0,66.1,69.6,41.1,12.5,5,1,164,166,12.8,21,25
Logan Hall,76919,DI,TB,16,7,2.2,0,0,30,61.4,54.3,87.2,62.0,44.1,36.6,13.6,3,0,210,212,3.8,8,12
Moro Ojomo,76927,DI,PHI,8,0,1.7,0,0,24,,67.9,78.9,57.5,70.8,70.2,0.0,0,0,28,29,7.1,2,3
Keondre Coburn,76928,DI,TEN,5,4,3.5,0,0,31,,66.0,81.3,61.5,64.2,44.5,14.3,1,0,58,58,0.0,0,2
Dante Stills,76937,DI,ARZ,15,14,2.8,0,0,1,67.1,59.3,72.8,53.8,60.1,59.0,5.4,2,1,240,245,5.4,13,21
Karl Brooks,76941,DI,GB,16,4,3.9,0,0,12,68.3,66.9,66.5,68.2,44.5,49.8,15.4,2,1,120,123,4.2,5,7
Alim McNeill,76996,DI,DET,13,13,1.9,0,1,11,67.5,88.5,87.2,76.2,79.3,39.4,15.2,5,0,207,210,6.3,13,15
Yasir Abdullah,77100,ED,JAX,3,1,4.0,1,0,15,25.5,30.7,77.6,62.9,52.6,72.0,0.0,0,1,16,16,6.3,1,1
Trevor Denbow,77165,S,IND,3,0,,0,0,14,,50.4,86.5,,52.2,,,0,0,7,7,0.0,0,0
Zaven Collins,77190,ED,ARZ,17,7,2.5,0,0,1,67.0,72.1,88.2,61.9,73.9,67.7,3.1,1,0,247,252,6.1,15,24
Brian Asamoah II,77195,LB,MIN,5,2,,0,0,18,72.5,38.3,76.1,68.3,27.6,52.2,33.3,1,0,24,25,0.0,0,0
Nik Bonitto,77196,ED,DEN,15,3,1.8,0,0,10,56.4,64.0,72.8,69.5,53.9,28.1,30.0,9,1,193,198,7.3,14,18
Joseph Ossai,77205,ED,CIN,11,2,1.0,0,0,7,65.9,68.4,82.9,64.1,64.2,31.0,22.2,2,0,59,60,6.8,4,5
Delarrin Turner-Yell,77836,S,DEN,6,4,8.2,0,0,10,48.3,40.9,83.3,81.8,33.1,46.0,33.3,7,0,102,104,2.9,3,10
JT Woods,77837,S,LAC,2,0,12.0,0,0,27,54.9,54.8,78.5,,61.1,44.5,0.0,0,0,12,13,0.0,0,2
Jarrick Bernard-Converse,77841,S,NYJ,2,0,,0,0,22,,60.1,66.9,,60.0,,,0,0,4,4,0.0,0,0
Jason Taylor II,77842,S,LA,3,1,7.5,0,0,26,33.6,30.1,86.2,,53.3,50.2,25.0,1,0,9,9,0.0,0,2
Tre'von Moehrig,77847,S,LV,17,6,9.2,2,0,23,68.0,70.2,68.1,64.7,73.4,71.5,9.3,4,2,421,439,2.1,9,33
Ar'Darius Washington,77848,CB,BLT,2,1,,0,0,3,60.5,64.8,78.5,74.5,71.5,58.0,0.0,0,0,20,21,0.0,0,0
Brayden Willis,77917,TE,SF,1,0,,0,0,28,,60.0,60.0,,60.0,,,0,0,1,1,0.0,0,0
Jake Bobo,77997,WR,SEA,1,0,,0,0,29,60.0,62.1,70.3,,60.0,,,0,1,0,1,,0,0
Derion Kendrick,78022,CB,LA,17,0,4.1,1,0,26,60.5,59.8,1.5,74.4,65.0,50.7,26.7,4,11,284,292,1.8,5,11
Derius Davis,78196,WR,LAC,1,0,,0,0,27,,60.0,60.0,,60.0,,,0,1,1,1,0.0,0,0
Cobie Durant,79126,CB,LA,16,7,8.2,1,0,26,54.9,56.9,85.8,63.0,62.4,54.9,20.0,3,3,199,205,0.5,1,5
Christian Benford,79181,CB,BUF,15,2,16.6,1,0,4,82.4,82.2,63.3,58.8,75.6,83.3,0.0,0,5,271,279,0.7,2,9
Travis Bell,79253,DI,CIN,2,1,3.0,0,0,7,,51.9,77.0,54.4,53.6,69.5,0.0,0,0,22,22,4.5,1,2
Nick Hampton,81162,ED,LA,6,1,6.0,0,0,26,51.5,60.8,78.4,71.0,52.4,75.7,0.0,0,0,27,28,3.7,1,2
Cam Jones,81244,LB,KC,3,1,2.7,0,0,16,50.3,65.6,78.1,84.3,80.4,39.5,0.0,0,0,24,25,8.3,2,3
Micah McFadden,81246,LB,NYG,16,23,3.9,0,0,21,57.1,65.6,86.7,64.2,68.1,28.8,16.1,14,0,367,376,7.1,26,50
Damone Clark,81282,LB,DAL,17,21,3.9,0,0,9,69.1,61.8,64.2,55.8,54.7,83.5,2.9,2,1,356,360,5.3,19,45
Chance Campbell,81295,LB,TEN,1,1,9.0,0,0,31,,33.2,69.6,,43.9,75.9,0.0,0,0,5,5,0.0,0,1
Cameron McGrone,81300,LB,IND,3,0,7.0,0,0,14,,82.7,94.2,,77.3,80.8,0.0,0,0,8,8,12.5,1,3
Nick Bolton,81322,LB,KC,8,15,3.6,1,0,16,60.2,69.2,44.1,68.5,76.7,65.8,2.5,1,1,163,167,9.2,15,24
Dylan Horton,81335,ED,HST,10,2,2.4,0,0,13,69.4,55.9,86.9,50.7,51.8,30.3,30.0,3,0,74,76,5.4,4,5
Micah Parsons,81360,ED,DAL,17,14,1.6,1,1,9,68.0,92.7,34.6,93.7,68.1,69.1,8.5,4,7,328,332,5.5,18,29
Jesse Luketa,81361,ED,ARZ,11,3,2.9,0,0,1,32.1,48.2,82.0,54.1,57.6,37.8,9.1,1,0,78,81,5.1,4,7
Ernest Jones,81399,LB,LA,15,30,3.1,0,0,26,62.5,82.1,88.0,78.2,90.0,80.5,8.2,8,1,324,334,10.2,33,59
Brenton Cox Jr.,81957,ED,GB,3,0,,0,0,12,,58.2,69.0,60.0,52.1,,,0,0,3,4,0.0,0,0
Azeez Ojulari,81959,ED,NYG,11,2,2.5,0,0,21,72.7,51.8,87.1,50.7,47.6,64.4,0.0,0,0,130,135,3.8,5,6
Kana'i Mauga,81982,LB,LV,1,0,,0,0,23,52.7,53.9,69.4,,62.0,28.6,,0,0,3,3,0.0,0,0
Odafe Oweh,82161,ED,BLT,13,2,2.5,0,0,3,66.1,80.7,38.5,78.5,73.2,51.0,14.3,2,3,102,104,7.8,8,10
Christian Barmore,82198,DI,NE,17,10,2.1,1,0,19,66.0,83.8,57.5,84.9,67.8,61.5,5.4,3,3,263,272,12.2,32,43
Teair Tart,82261,DI,HST,13,4,0.2,1,0,13,63.5,54.0,50.2,65.2,49.0,57.2,4.8,1,2,186,190,7.5,14,16
Devonte Wyatt,82268,DI,GB,17,9,1.7,1,0,12,60.4,62.3,34.6,80.4,46.4,27.7,18.4,7,4,238,246,8.0,19,22
Aidan Hutchinson,82330,ED,DET,17,8,1.7,1,0,11,83.7,91.0,69.5,91.2,67.4,34.2,17.1,7,3,326,331,5.8,19,26
Eku Leota,82363,ED,CAR,6,1,2.5,0,0,5,66.5,65.6,79.0,59.3,63.6,29.4,25.0,1,0,35,35,5.7,2,2
Cameron Thomas,82387,ED,ARZ,15,4,2.8,0,0,1,38.9,58.5,65.5,64.8,55.7,67.4,0.0,0,1,134,137,9.0,12,18
Kingsley Enagbare,82409,ED,GB,17,6,3.1,0,0,12,46.2,64.5,71.7,65.5,63.4,57.3,11.8,4,1,220,223,7.3,16,24
Bobby Brown III,82429,DI,LA,13,12,1.9,0,0,26,60.0,72.0,85.2,66.1,68.1,64.1,3.3,1,0,155,159,7.7,12,17
Tyree Wilson,82432,ED,LV,17,6,2.6,1,0,23,76.9,47.1,47.9,50.4,47.6,44.5,18.2,4,3,168,176,5.4,9,12
Otito Ogbonnia,82450,DI,LAC,8,3,3.0,0,0,27,61.7,50.4,83.1,60.1,43.6,75.5,0.0,0,0,119,119,6.7,8,14
Scott Matlock,82482,DI,LAC,12,5,3.7,0,0,27,56.5,36.8,83.7,46.5,38.8,62.5,0.0,0,0,132,134,4.5,6,10
Cameron Young,82499,DI,SEA,15,3,2.9,0,0,29,73.6,58.8,85.0,60.9,52.9,28.1,19.0,4,0,101,101,9.9,10,14
PJ Mustipher,82505,DI,NO,4,1,5.7,0,0,20,,43.2,76.6,63.2,40.1,71.2,0.0,0,0,22,24,4.5,1,3
Ben VanSumeren,82523,LB,PHI,2,4,3.7,0,0,24,69.7,69.5,76.1,,63.0,81.7,0.0,0,0,28,29,7.1,2,3
Quay Walker,82547,LB,GB,14,23,3.6,0,0,12,52.6,60.0,84.3,60.7,66.8,82.8,7.2,5,1,329,339,7.3,24,41
Channing Tindall,82548,LB,MIA,2,2,2.0,0,0,17,64.3,78.2,67.8,,74.2,79.0,0.0,0,0,7,7,28.6,2,2
Jack Sanborn,82566,LB,CHI,17,8,2.1,0,0,6,63.8,67.3,46.0,56.3,71.1,51.7,15.8,6,1,196,199,8.7,17,24
Jerry Jacobs,83025,CB,DET,12,3,4.0,0,0,11,54.5,57.1,34.2,73.3,70.8,48.6,20.0,4,9,258,260,2.3,6,13
Mekhi Blackmon,83036,CB,MIN,14,4,10.7,0,0,18,71.8,71.8,84.8,60.0,63.9,90.3,0.0,0,0,100,104,0.0,0,3
Kelvin Joseph,83051,CB,SEA,2,0,,0,0,29,52.4,54.2,73.8,,61.5,75.1,,0,0,9,9,0.0,0,0
Lance Boykin,83066,CB,SEA,1,0,,0,0,29,,60.0,66.3,,60.0,,,0,0,2,2,0.0,0,0
Kahlef Hailassie,83072,CB,CLV,6,1,-2.0,0,0,8,69.9,67.2,79.1,,53.6,54.0,33.3,1,0,48,48,2.1,1,1
Ethan Bonner,83091,CB,MIA,1,1,,0,0,17,82.4,81.7,82.1,,62.8,72.5,0.0,0,0,3,3,0.0,0,0
Starling Thomas V,83098,CB,ARZ,11,2,6.9,0,0,1,44.1,46.1,83.8,60.0,53.4,75.9,10.0,1,3,220,226,1.8,4,7
Pat Surtain II,83119,CB,DEN,17,5,9.8,0,0,10,64.7,69.0,89.4,74.0,78.7,84.4,5.0,1,6,433,446,0.9,4,14
Jalyn Armour-Davis,83120,CB,BLT,2,0,,0,0,3,62.8,63.1,75.7,60.0,60.8,78.5,,0,0,6,6,0.0,0,0
Josh Jobe,83122,CB,PHI,7,2,,1,0,24,42.7,40.8,82.6,60.0,30.9,27.1,50.0,2,5,59,60,0.0,0,0
Jamien Sherwood,83175,LB,NYJ,16,5,5.2,0,1,22,56.7,76.1,77.4,79.4,78.9,79.9,8.3,2,0,136,141,5.9,8,17
Roger McCreary,83176,CB,TEN,15,6,2.6,0,0,31,72.2,71.3,63.8,70.0,62.0,54.4,17.6,6,5,345,354,3.8,13,22
Tyson Campbell,83217,CB,JAX,11,8,7.9,2,1,15,56.4,61.5,53.6,60.0,86.5,72.5,16.7,4,3,192,194,3.1,6,12
Divaad Wilson,83218,CB,ARZ,2,1,6.0,0,0,1,40.4,45.6,76.5,60.0,59.3,37.2,20.0,1,1,49,52,2.0,1,3
Otis Reese IV,83219,LB,TEN,3,5,2.7,0,0,31,75.6,76.9,75.5,56.5,69.1,61.2,20.0,2,0,43,45,7.0,3,3
Chris Smith II,83220,S,LV,1,0,,0,0,23,63.2,64.9,76.9,,60.7,,,0,0,12,12,0.0,0,0
Quan Martin,83236,S,WAS,7,5,3.3,0,0,32,58.8,65.4,82.6,90.7,66.4,51.5,5.6,1,0,113,116,5.3,6,12
Kerby Joseph,83239,S,DET,15,5,9.1,1,0,11,52.3,57.7,64.4,83.7,70.6,54.1,15.4,4,2,320,324,1.3,4,17
Sydney Brown,83241,S,PHI,12,5,4.2,1,0,24,64.9,62.0,28.4,49.9,56.7,64.2,17.6,3,1,105,107,5.7,6,9
Jaylin Williams,83246,CB,MIN,2,0,6.0,0,0,18,31.8,38.6,74.7,,65.2,25.9,0.0,0,1,13,13,0.0,0,1
JuJu Brents,83256,CB,IND,9,5,4.5,1,0,14,64.5,63.2,47.4,,58.8,61.7,13.3,2,3,200,202,1.0,2,8
Kaevon Merriweather,83257,S,TB,6,6,7.3,0,0,30,67.0,57.8,79.1,65.1,38.4,49.7,25.0,3,0,72,73,0.0,0,3
Riley Moss,83259,CB,DEN,2,0,31.0,0,0,10,65.0,66.5,80.5,59.1,60.0,84.2,0.0,0,0,3,3,0.0,0,1
Percy Butler,83271,S,WAS,15,8,9.4,0,1,32,58.0,62.7,90.1,62.5,71.2,48.0,23.7,9,0,298,305,2.0,6,21
Eric Garror,83274,CB,TEN,9,2,3.8,1,0,31,58.1,59.7,31.6,80.9,65.2,52.7,22.2,2,2,111,114,3.6,4,5
Steven Gilmore,83286,CB,DET,1,0,,0,0,11,60.0,61.8,66.3,,60.0,,,0,0,1,1,0.0,0,0
Vincent Gray,83297,CB,CLV,1,0,44.0,0,0,8,85.3,73.5,76.5,,34.0,28.9,66.7,2,0,20,20,0.0,0,1
Terell Smith,83302,CB,CHI,11,3,5.3,0,0,6,65.4,69.6,85.0,,83.2,71.6,6.3,1,1,115,115,5.2,6,12
Jordan Howden,83305,S,NO,10,6,8.3,0,0,20,65.2,67.0,87.3,77.1,62.3,58.6,0.0,0,1,179,187,2.8,5,13
Cam Taylor-Britt,83326,CB,CIN,12,3,8.0,2,0,7,70.3,64.5,5.3,,46.7,49.3,22.2,4,5,230,233,0.9,2,11
Greg Newsome II,83341,CB,CLV,14,4,5.2,1,0,8,74.6,69.6,60.6,66.2,47.1,29.5,20.0,4,5,277,284,2.2,6,12
Christian Izien,83360,CB,TB,17,4,4.7,0,0,30,66.5,66.8,59.7,45.6,80.3,61.3,13.6,3,6,186,190,3.8,7,15
Jaycee Horn,83375,CB,CAR,6,3,2.0,0,0,5,83.0,84.1,82.1,,79.7,79.1,11.1,1,0,125,125,2.4,3,5
Israel Mukuamu,83377,S,DAL,8,0,10.5,0,0,9,73.3,76.3,77.3,,69.7,78.8,0.0,0,1,30,30,0.0,0,2
Kyler Gordon,83451,CB,CHI,13,3,2.2,0,0,6,68.2,65.6,55.6,54.8,58.3,70.2,6.7,1,3,178,179,5.1,9,11
Alontae Taylor,83469,CB,NO,17,9,3.3,0,0,20,51.8,45.7,66.3,48.6,29.7,48.4,25.0,7,5,339,351,1.5,5,12
Tyreke Smith,83513,ED,ARZ,3,1,,0,0,1,,28.0,74.4,54.1,28.3,70.5,0.0,0,0,13,13,0.0,0,0
Amari Burney,83811,LB,LV,4,3,5.2,0,0,23,55.2,53.9,75.6,48.8,58.1,58.7,0.0,0,0,40,42,5.0,2,6
Corey Ballentine,83833,CB,GB,10,6,7.3,0,0,12,62.0,60.3,85.9,,49.0,52.7,23.1,3,2,194,200,1.0,2,4
Jevon Holland,83873,S,MIA,12,10,7.6,0,0,17,89.9,90.4,86.6,51.7,82.5,84.0,8.6,3,0,260,267,3.1,8,22
Talanoa Hufanga,83903,S,SF,10,4,8.0,0,0,28,66.3,70.5,50.6,76.3,77.1,79.1,12.0,3,2,170,178,3.5,6,18
Henry Pearson,83930,FB,GB,1,0,,0,0,12,,60.0,60.0,,60.0,,,0,0,1,1,0.0,0,0
Darius Rush,84416,CB,PIT,1,0,,0,0,25,54.1,54.4,76.2,,60.0,79.7,,0,0,1,1,0.0,0,0
Markees Watts,84537,ED,TB,5,0,3.0,0,0,30,55.9,63.2,0.0,71.4,66.9,49.8,0.0,0,1,7,7,14.3,1,1
LaCale London,87179,DI,ATL,7,5,0.3,0,0,2,55.5,65.9,55.4,56.9,72.5,59.1,6.7,1,1,106,108,8.5,9,9
Nate Adkins,87625,TE,DEN,2,0,,0,0,10,,60.0,60.0,,60.0,,,0,1,2,2,0.0,0,0
John Cominsky,88313,DI,DET,16,10,4.1,0,0,11,63.3,62.1,87.4,51.8,71.0,67.3,6.3,2,0,183,187,7.7,14,20
Brevin Allen,88418,ED,LAC,2,0,,0,0,27,60.0,29.8,73.3,55.3,36.4,,,0,0,7,7,0.0,0,0
Kyle Dugger,90621,S,NE,17,18,5.3,0,0,19,50.0,61.7,86.0,66.5,79.6,77.4,10.0,5,2,433,445,2.8,12,27
Brodric Martin,91288,DI,DET,3,1,4.5,0,0,11,,57.1,75.3,53.4,59.8,71.1,0.0,0,0,15,15,0.0,0,2
Michael Bandy,91824,WR,DEN,1,0,,0,0,10,,60.0,60.0,,60.0,,,0,0,1,1,0.0,0,0
E.J. Speed,94351,LB,IND,16,11,2.5,0,1,14,56.1,65.0,0.0,69.1,78.8,35.4,14.5,9,4,285,294,10.9,31,42
Jonathan Harris,94361,DI,DEN,17,12,4.2,0,0,10,60.5,52.0,86.2,51.3,52.8,58.2,2.4,1,0,224,232,8.5,19,29
Anthony Pittman,94372,ED,DET,1,0,,0,0,11,60.0,62.0,69.9,,60.0,,,0,0,3,3,0.0,0,0
Jordan Davis,94854,DI,PHI,17,16,2.6,0,0,24,70.3,70.5,86.7,67.3,62.2,37.6,12.2,5,0,230,237,7.4,17,20
Nic Jones,97327,CB,KC,1,0,-4.0,0,0,16,43.6,49.0,76.9,70.7,63.6,78.4,0.0,0,0,15,16,6.7,1,1
Cameron Mitchell,97340,CB,CLV,12,0,4.8,0,0,8,60.0,58.1,82.4,68.4,39.8,41.1,33.3,2,0,60,61,5.0,3,4
Nick Cross,97514,S,IND,8,9,3.8,0,0,14,63.2,71.8,84.5,70.4,81.2,66.7,5.6,1,0,118,119,3.4,4,8
Dax Hill,97519,S,CIN,17,13,8.2,1,0,7,43.0,50.9,29.7,67.2,70.9,76.6,8.6,5,4,406,413,3.9,16,40
Drake Thomas,97525,LB,SEA,2,1,1.0,0,0,29,43.0,55.4,70.2,,74.3,28.8,0.0,0,0,3,3,33.3,1,1
Tyrique Stevenson,97562,CB,CHI,16,7,5.0,2,0,6,59.1,60.2,87.3,,60.6,66.4,12.0,3,7,272,277,1.8,5,15
Alex Austin,97683,CB,NE,7,0,8.5,0,0,19,63.5,62.0,10.1,,62.3,67.8,0.0,0,2,94,94,1.1,1,4
Dorian Williams,97694,LB,BUF,10,7,5.1,0,0,4,48.5,55.2,8.8,57.5,70.1,35.4,14.3,3,2,83,84,4.8,4,11
Ronnie Hickman Jr.,97702,S,CLV,8,2,12.2,0,0,8,86.7,86.5,83.6,57.4,61.0,71.5,14.3,2,0,85,85,2.4,2,10
Martin Emerson Jr.,97872,CB,CLV,16,4,3.7,1,0,8,66.5,65.8,65.4,,60.1,40.6,21.7,5,9,307,312,2.6,8,14
Adetomiwa Adebawore,97934,DI,IND,9,0,,0,0,14,62.7,27.5,37.3,62.5,24.1,23.3,100.0,3,1,61,62,0.0,0,0
Derick Hall,98130,ED,SEA,17,10,2.4,0,0,29,63.5,44.4,85.7,57.4,32.7,40.4,14.8,4,0,143,146,6.3,9,13
Derek Stingley Jr.,98253,CB,HST,11,3,6.6,0,0,13,84.9,81.8,85.3,,59.5,56.9,10.5,2,1,264,273,2.7,7,14
Colby Wooden,98312,DI,GB,17,6,2.8,0,0,12,60.0,58.2,84.5,64.4,51.6,38.8,15.0,3,0,138,141,5.1,7,11
Alex Wright,98318,ED,CLV,16,6,1.3,0,0,8,60.2,54.8,42.5,62.4,49.7,61.3,5.3,1,4,145,150,7.6,11,12
George Karlaftis,98319,ED,KC,16,7,3.2,1,0,16,52.4,64.0,82.9,66.3,58.2,64.3,3.6,1,1,255,264,4.7,12,20
Siaki Ika,98328,DI,CLV,4,0,,0,0,8,59.7,29.5,0.0,51.6,35.3,67.3,,0,3,43,44,0.0,0,0
Kayvon Thibodeaux,98444,ED,NYG,17,11,3.4,2,1,21,57.3,58.4,66.1,62.9,52.3,59.4,11.1,4,4,369,377,3.8,14,21
Zach Harrison,98503,ED,ATL,16,10,2.4,0,0,2,60.6,63.0,88.1,51.2,68.2,56.2,6.1,2,0,172,177,10.5,18,21
Kaiir Elam,98693,CB,BUF,2,2,4.5,0,0,4,61.3,58.8,81.6,54.9,49.0,69.9,20.0,1,1,57,58,1.8,1,2
Mohamoud Diabate,98780,LB,CLV,5,3,,0,0,8,62.8,70.3,70.4,57.8,68.8,75.7,0.0,0,0,17,18,0.0,0,0
Jay Ward,98833,S,MIN,4,1,,1,0,18,74.7,67.8,0.0,54.6,63.9,78.0,0.0,0,1,11,11,0.0,0,0
Cor'Dale Flott,98834,CB,NYG,14,3,5.4,3,0,21,59.4,53.4,0.0,41.7,49.2,39.9,11.1,1,5,168,171,1.8,3,5
Jammie Robinson,98836,S,CAR,3,0,8.3,0,0,5,62.0,64.8,75.6,70.4,63.5,58.2,0.0,0,0,23,23,4.3,1,3
Cam Smith,98837,CB,MIA,4,0,,0,0,17,73.7,73.3,74.1,,61.3,75.2,,0,0,7,7,0.0,0,0
Jordan Battle,98857,S,CIN,15,11,7.6,0,0,7,76.4,82.5,82.0,69.6,81.3,76.7,6.7,3,0,216,219,6.9,15,31
DeMarcco Hellams,98863,S,ATL,10,6,8.2,0,0,2,61.3,65.2,34.6,69.3,75.3,72.7,6.3,1,2,117,117,3.4,4,9
Lewis Cine,98879,S,MIN,1,0,3.0,0,0,18,60.0,66.3,66.0,,63.2,73.3,0.0,0,0,7,7,14.3,1,1
AJ Finley,98887,S,LAC,4,0,,0,0,27,62.6,64.3,75.1,,60.1,,,0,0,7,7,0.0,0,0
Brandin Echols,98900,CB,NYJ,8,2,0.0,1,0,22,53.2,56.1,0.0,58.2,80.6,30.7,0.0,0,3,45,47,2.2,1,1
Zacch Pickens,98911,DI,CHI,17,6,3.1,0,0,6,74.7,54.9,84.1,62.9,44.1,36.7,11.1,2,0,112,115,6.3,7,10
DeMarvin Leal,98919,DI,PIT,12,4,2.6,0,0,25,60.0,47.5,82.4,51.5,48.2,63.7,7.1,1,0,96,99,7.3,7,9
Byron Young,98923,DI,LV,6,0,4.3,0,0,23,60.0,45.6,80.5,53.3,45.1,70.6,0.0,0,0,47,48,2.1,1,3
Travon Walker,98940,ED,JAX,17,13,2.1,0,0,15,59.2,53.9,59.0,58.1,49.7,30.1,10.5,4,4,294,298,5.4,16,21
Isaiah McGuire,98948,ED,CLV,4,0,4.0,0,0,8,62.0,46.9,33.8,64.6,35.2,53.5,20.0,1,1,33,34,9.1,3,4
Henry To'oTo'o,98982,LB,HST,11,5,2.8,0,0,13,40.6,42.7,82.3,45.0,54.1,29.2,27.3,9,0,161,168,7.5,12,19
Christian Harris,98996,LB,HST,16,14,4.2,0,0,13,66.0,60.1,82.3,72.5,48.1,43.5,21.5,14,2,284,294,8.5,24,37
Owen Pappoe,99006,LB,ARZ,5,3,5.7,0,0,1,69.9,65.3,78.1,69.8,49.1,61.4,0.0,0,0,39,40,2.6,1,3
Nolan Smith,99014,ED,PHI,17,1,2.5,0,0,24,45.0,50.5,47.1,53.9,59.6,50.7,22.2,2,1,74,74,6.8,5,6
Jermaine Johnson,99015,ED,NYJ,17,13,2.9,0,0,22,95.1,83.0,57.3,73.7,71.0,69.8,4.5,2,3,284,296,7.0,20,29
Nakobe Dean,99018,LB,PHI,5,1,3.4,0,0,24,49.2,61.7,78.9,83.4,80.2,89.2,0.0,0,1,45,47,11.1,5,8
Sam Williams,99106,ED,DAL,17,7,1.6,0,0,9,57.9,68.5,27.3,73.2,62.5,68.1,5.6,1,3,106,107,7.5,8,10
Kenny McIntosh,99158,HB,SEA,1,0,,0,0,29,,59.9,60.0,,60.0,,,0,0,0,1,,0,0
Tre Tomlinson,99256,CB,LA,3,0,10.0,0,0,26,42.5,44.7,77.4,,61.4,81.3,0.0,0,2,6,6,0.0,0,1
Dee Winters,99376,LB,SF,6,0,4.0,0,0,28,29.3,29.3,74.1,59.1,47.2,28.0,50.0,1,0,17,17,5.9,1,1
Garrett Williams,99723,CB,ARZ,9,1,5.4,0,0,1,57.2,56.7,82.5,59.0,53.8,59.8,0.0,0,0,125,127,3.2,4,8
Andrew Booth Jr.,99744,CB,MIN,6,0,,0,0,18,69.1,68.6,80.0,,59.8,81.6,,0,0,52,52,0.0,0,0
SirVocea Dennis,99767,LB,TB,7,2,6.7,0,0,30,72.3,66.3,78.6,68.2,51.3,27.8,37.5,3,0,37,40,5.4,2,3
Amare Barno,99780,ED,CAR,11,4,4.6,0,0,5,49.8,64.0,49.7,58.0,72.8,60.0,12.5,2,1,89,89,7.9,7,10
Calijah Kancey,99822,DI,TB,14,3,0.2,0,0,30,64.2,46.6,74.3,63.4,29.8,42.1,13.0,3,1,190,193,8.9,17,17
Kyu Blu Kelly,100375,CB,WAS,2,0,20.0,0,0,32,39.1,43.0,81.7,60.0,63.9,81.7,0.0,0,0,5,5,0.0,0,1
Nahshon Wright,100412,CB,DAL,5,0,,0,0,9,58.2,60.1,83.5,,64.6,29.5,,0,0,19,19,0.0,0,0
Sauce Gardner,100903,CB,NYJ,16,5,5.4,0,0,22,90.8,88.6,87.2,54.5,57.0,55.6,16.7,4,5,451,463,1.6,7,15
Ja'Quan McMillian,100931,CB,DEN,15,6,3.9,1,0,10,62.1,68.4,85.5,67.7,84.9,55.0,15.4,4,2,204,209,5.9,12,16
Jerrick Reed II,101322,S,SEA,2,0,3.0,0,0,29,53.7,54.8,73.3,,61.8,46.3,0.0,0,0,10,10,10.0,1,1
Joey Porter Jr.,101364,CB,PIT,14,3,7.9,4,0,25,67.9,65.2,0.0,,63.8,54.8,15.4,2,12,263,271,0.8,2,8
DJ Turner II,101376,CB,CIN,16,1,8.3,1,0,7,48.4,51.5,88.0,63.8,64.4,68.9,7.1,1,4,302,309,1.7,5,12
Deonte Banks,101384,CB,NYG,15,5,5.5,4,0,21,48.6,51.5,88.5,55.5,61.6,60.8,15.8,3,8,336,346,1.5,5,11
Devon Witherspoon,101388,CB,SEA,14,8,6.9,0,1,29,79.7,84.1,64.0,90.8,80.0,62.1,13.2,5,5,333,335,3.3,11,25
Dane Belton,101398,S,NYG,14,4,7.9,0,0,21,59.0,51.7,80.2,61.1,37.1,36.9,23.5,4,0,114,116,1.8,2,9
Christopher Hinton,101418,DI,LAC,3,4,4.2,0,0,27,60.0,56.8,80.2,55.2,57.6,72.2,0.0,0,0,46,46,6.5,3,6
Mazi Smith,101419,DI,DAL,17,6,1.6,0,0,9,61.1,49.8,86.3,70.3,34.9,74.3,0.0,0,0,147,149,4.1,6,8
David Ojabo,101420,ED,BLT,3,2,3.3,0,0,3,64.5,59.0,80.2,56.8,57.9,43.8,16.7,1,0,19,19,10.5,2,3
Mike Morris,101421,DI,SEA,1,0,-0.5,0,0,29,,63.4,76.1,60.7,61.9,25.0,33.3,1,0,14,15,14.3,2,2
Zach VanValkenburg,101450,ED,LA,9,3,4.0,0,0,26,29.4,31.6,80.3,61.8,29.7,56.5,16.7,1,0,42,42,2.4,1,2
Leo Chenal,101463,LB,KC,17,11,2.1,0,0,16,60.6,76.5,85.5,73.8,79.2,70.9,9.5,4,0,227,232,8.4,19,27
Jack Campbell,101515,LB,DET,17,21,3.5,0,0,11,43.9,57.3,63.3,53.0,75.9,68.1,6.7,4,2,258,263,7.4,19,35
Keeanu Benton,101536,DI,PIT,17,13,3.4,0,1,25,74.8,74.8,86.4,80.0,57.4,55.9,6.3,2,1,208,213,6.3,13,17
Jaquan Brisker,101665,S,CHI,15,18,6.1,0,1,6,62.4,66.7,41.1,81.8,71.7,78.3,12.9,8,3,296,300,6.1,18,36
Brenton Strange,101694,TE,JAX,1,0,-6.0,1,0,15,,69.1,60.0,,66.9,68.4,0.0,0,5,1,1,100.0,1,1
Isaiah Land,102108,ED,IND,6,2,3.5,0,0,14,,70.6,79.3,57.8,75.4,74.2,0.0,0,0,12,12,8.3,1,2
Kyle Hamilton,102684,S,BLT,15,3,7.2,0,0,3,89.8,84.7,59.9,92.7,45.4,66.6,21.2,7,4,291,296,3.8,11,23
Isaiah Foskey,102728,ED,NO,9,2,5.4,0,0,20,63.3,62.2,84.7,52.9,62.3,76.4,0.0,0,0,32,34,9.4,3,5
Andre Carter II,102780,ED,MIN,4,1,1.0,0,0,18,63.0,54.0,80.8,48.9,67.1,72.4,0.0,0,0,13,13,7.7,1,1
Mekhi Garner,102900,S,PHI,2,0,,0,0,24,55.4,51.1,72.4,,54.5,,,0,0,10,10,0.0,0,0
Kei'Trel Clark,104163,CB,ARZ,8,3,4.6,0,0,1,53.4,53.0,85.1,60.0,50.4,54.8,26.7,4,1,178,182,1.7,3,8
Andrew Farmer,106311,ED,LAC,7,1,1.0,0,0,27,51.3,63.1,79.8,55.8,71.8,27.4,33.3,1,0,30,30,3.3,1,1
Rodney Thomas II,108389,S,IND,17,1,15.9,0,0,14,60.1,58.2,92.4,60.5,48.1,40.1,31.6,6,0,401,411,0.0,0,12
Michael Hoecht,108840,ED,LA,17,19,3.9,0,1,26,49.1,61.7,89.7,65.7,61.3,45.0,9.1,4,2,339,352,3.2,11,21
Dee Alford,110542,CB,ATL,13,5,4.6,0,0,2,72.8,70.0,51.6,49.5,62.8,57.5,7.7,1,3,212,220,1.9,4,7
D'Anthony Bell,111578,S,CLV,9,2,6.6,0,1,8,72.2,77.2,81.1,60.6,77.9,81.9,0.0,0,0,69,70,7.2,5,11
Darrell Luter Jr.,121428,CB,SF,4,1,6.0,0,0,28,61.4,64.7,77.7,,71.5,79.0,0.0,0,0,29,29,3.4,1,2
Bryan Bresee,122142,DI,NO,17,2,1.9,0,0,20,52.0,45.3,23.1,67.6,30.1,40.8,6.3,1,5,142,148,7.7,11,13
Myles Murphy,122154,ED,CIN,16,5,3.2,0,0,7,58.6,58.2,66.7,64.3,50.3,51.5,15.4,2,1,122,125,4.1,5,6
Trenton Simpson,122157,LB,BLT,5,2,5.5,0,0,3,77.4,76.1,77.3,63.3,66.1,54.9,14.3,1,0,33,33,3.0,1,4
Felix Anudike-Uzomah,122582,ED,KC,15,1,1.0,0,0,16,65.7,52.1,86.6,52.3,47.7,58.0,12.5,1,0,53,54,7.5,4,6
Yaya Diaby,122705,ED,TB,17,8,0.9,0,0,30,64.2,64.2,62.2,58.8,68.2,41.9,12.0,3,2,188,192,6.9,13,14
Marvin Mims Jr.,122937,WR,DEN,1,0,,0,0,10,,60.0,60.0,,60.0,,,0,1,1,1,0.0,0,0
Perrion Winfrey,122952,DI,NYJ,1,0,3.5,0,0,22,,27.2,0.0,56.6,31.8,68.7,0.0,0,1,8,9,12.5,1,2
Zach Evans,123072,HB,LA,1,0,,0,0,26,,59.9,60.4,,60.0,,,0,0,1,1,0.0,0,0
Will Anderson Jr.,123903,ED,HST,14,6,2.0,0,0,13,70.0,81.8,39.9,77.3,77.2,65.3,5.4,2,5,212,218,10.4,22,29
Brian Branch,123907,CB,DET,15,4,2.5,0,0,11,76.0,78.1,34.5,63.9,83.6,68.9,9.1,3,6,230,231,7.8,18,26
Drew Sanders,123933,LB,DEN,12,5,3.4,0,0,10,37.0,37.2,44.5,52.3,46.0,30.0,22.2,4,1,112,113,5.4,6,9
Tank Bigsby,123974,HB,JAX,1,0,,1,0,15,,59.9,60.0,,60.0,,,0,1,1,1,0.0,0,0
Jalen Carter,124019,DI,PHI,16,11,2.0,1,0,24,68.4,89.0,34.2,85.9,68.4,56.3,4.5,1,4,149,155,3.4,5,10
Kelee Ringo,124035,CB,PHI,5,1,6.8,0,0,24,63.8,64.5,0.0,83.2,73.5,74.8,0.0,0,4,80,81,3.8,3,8
BJ Ojulari,124105,ED,ARZ,17,10,5.8,0,0,1,66.9,64.8,86.1,64.1,56.9,77.7,3.7,1,0,174,175,4.0,7,16
Eli Ricks,124109,CB,PHI,11,1,6.8,1,0,24,44.9,46.4,83.1,,57.3,50.9,0.0,0,4,66,68,0.0,0,5
Jaquelin Roy,124111,DI,MIN,12,4,1.3,0,0,18,56.8,58.3,79.7,55.1,63.1,50.5,11.1,1,0,47,47,6.4,3,4
Deane Leonard,124140,CB,LAC,5,3,11.0,1,0,27,60.0,57.3,83.6,60.0,45.3,43.4,18.2,2,2,94,94,1.1,1,6
Tavius Robinson,124147,ED,BLT,16,8,1.9,0,0,3,70.7,55.3,70.8,44.9,63.6,54.7,8.7,2,1,160,163,5.0,8,13
Emmanuel Forbes,124166,CB,WAS,10,1,1.2,1,0,32,57.6,50.9,38.6,60.0,28.4,41.9,40.0,4,4,158,163,2.5,4,5
Tyrus Wheat,124191,ED,DAL,6,0,4.0,0,0,9,30.0,40.7,77.8,51.2,69.6,24.5,0.0,0,0,11,11,9.1,1,2
Antonio Johnson,124326,CB,JAX,8,1,3.3,0,0,15,72.0,73.8,80.4,76.8,64.9,70.4,0.0,0,0,62,63,3.2,2,3
Jaylon Jones,124328,CB,IND,15,2,10.0,0,0,14,55.8,56.8,88.2,,57.1,72.1,18.2,2,6,307,313,0.0,0,7
Gervon Dexter Sr.,124374,DI,CHI,17,3,2.9,0,0,6,55.2,50.9,70.4,65.9,36.2,38.5,0.0,0,1,131,134,4.6,6,9
Segun Olubi,128312,LB,IND,5,3,3.0,0,0,14,66.9,56.2,79.4,64.9,44.1,29.5,27.8,5,0,48,49,12.5,6,10
Lukas Van Ness,129482,ED,GB,17,6,2.4,0,0,12,72.0,64.0,71.2,59.0,63.1,68.0,7.4,2,1,176,178,7.4,13,19
Jakorian Bennett,129496,CB,LV,10,3,7.5,0,0,23,41.1,42.4,84.4,,49.4,44.1,23.5,4,4,133,138,2.3,3,10
Ji'Ayir Brown,129767,S,SF,9,4,8.1,0,0,28,74.5,77.9,84.8,57.9,77.5,57.6,0.0,0,0,114,114,4.4,5,12
Parker Washington,129799,WR,JAX,1,0,,0,0,15,,59.9,60.0,,60.0,,,0,0,1,1,0.0,0,0
Nick Herbig,129920,ED,PIT,16,4,2.4,0,1,25,43.1,80.7,82.7,81.1,78.8,35.2,11.1,2,0,94,96,9.6,9,12
Christian Gonzalez,131679,CB,NE,4,1,4.0,0,0,19,79.3,80.8,82.4,75.1,71.3,79.0,0.0,0,0,78,80,1.3,1,2
Noah Sewell,131722,LB,CHI,5,1,3.0,0,0,6,78.8,86.5,72.0,,74.8,77.6,0.0,0,0,23,23,8.7,2,2
Tuli Tuipulotu,131840,ED,LAC,17,9,1.6,0,2,27,30.1,71.0,90.4,61.1,88.4,41.3,8.0,4,1,334,339,8.7,29,37
Clark Phillips III,131871,CB,ATL,7,3,11.3,0,0,2,58.5,59.0,40.9,55.0,65.0,46.6,9.1,1,6,180,181,2.2,4,7
Jaylen Watson,131960,CB,KC,16,0,6.2,0,0,16,63.3,66.1,85.8,75.5,68.3,76.6,14.3,1,3,117,122,3.4,4,6
Sam Webb,134606,CB,CAR,1,0,,0,0,5,60.0,41.8,68.4,,43.9,,,0,0,9,9,0.0,0,0
Tre Hawkins III,145387,CB,NYG,9,4,10.6,0,0,21,47.2,52.6,83.8,,74.5,63.5,8.3,1,4,133,135,1.5,2,7
Thomas Incoom,145694,ED,DEN,3,1,8.0,1,0,10,,31.2,0.0,51.5,48.6,27.7,33.3,1,1,11,11,0.0,0,1
Byron Young,146932,ED,LA,17,9,4.3,1,0,26,67.6,63.5,73.0,60.7,60.1,41.5,20.0,9,2,332,345,5.4,18,27
TK McLendon Jr.,150239,DI,TEN,7,4,1.3,0,0,31,60.0,47.5,79.9,55.4,42.7,27.2,22.2,2,0,58,59,5.2,3,3
Sam Roberts,156069,DI,NE,7,2,2.7,0,0,19,,47.3,80.1,60.0,39.7,45.3,16.7,1,0,45,45,4.4,2,3
Kader Kohou,156070,CB,MIA,17,2,4.5,2,0,17,61.9,64.5,41.7,88.7,68.8,36.9,33.3,4,4,309,317,1.0,3,6
Joshua Williams,156083,CB,KC,15,1,2.8,0,0,16,72.6,73.0,85.5,56.8,68.4,72.2,0.0,0,2,82,85,2.4,2,4
Gregory Junior,156090,CB,JAX,5,2,-2.0,0,0,15,55.5,65.2,80.3,77.8,84.7,67.4,0.0,0,0,39,40,2.6,1,1
Dallis Flowers,156091,CB,IND,4,1,5.6,0,0,14,70.6,66.4,84.2,,45.0,34.6,25.0,2,0,124,128,0.8,1,5
Jeremiah Pharms Jr.,156117,DI,NE,12,3,2.8,0,0,19,71.7,69.9,80.5,68.9,59.5,35.2,11.1,1,0,45,48,6.7,3,5
Caleb Murphy,169634,ED,TEN,1,0,,0,0,31,,57.8,71.7,57.9,60.0,,,0,0,2,2,0.0,0,0
Nick Whiteside,169772,CB,WAS,1,0,,0,0,32,64.6,55.3,71.9,,46.2,23.2,100.0,1,0,10,10,0.0,0,0
Anthony Kendall,169860,S,TEN,1,0,,0,0,31,60.5,61.3,65.3,,60.0,,,0,0,1,1,0.0,0,0
